up,down,n_common,area_up,area_dn,area_ratio,v_ratio
81562,81565,2422,182.77575351837172,384.8337762617656,2.1054968662628655,0.42228170507254104
81580,81581,3558,329.00595653088436,534.3480901240582,1.62412892386007,0.9645049307257005
81592,81593,2992,276.2638705606057,483.520935922354,1.7502141519308114,1.2714639956064508
81597,81592,3079,12.447435427888914,276.2638705606057,22.19444094818334,6.501657662018285
81597,81593,3565,12.447435427888914,483.520935922354,38.845024641703176,7.999453368096547
81602,81592,3079,10.22592676280996,276.2638705606057,27.016022798572415,7.4637888837668935
81602,81593,3565,10.22592676280996,483.520935922354,47.28382543094689,9.263089824349496
81602,81600,3652,10.22592676280996,13.206536490671748,1.291475755400653,0.9019828551189506
81600,81592,3079,13.206536490671748,276.2638705606057,20.918722388397654,8.362561874200553
81600,81593,3565,13.206536490671748,483.520935922354,36.61224396448548,10.238378314551184
81604,81592,3079,75.0736009441735,276.2638705606057,3.6799070124002977,1.2953907313259572
81604,81593,3565,75.0736009441735,483.520935922354,6.440625330892433,1.6430518488901165
81724,81730,3607,244.65767967241106,3574.481151903587,14.610132642023355,0.866715233231439
81772,81616,3392,63.63740221593223,358.85530132403386,5.6390627025656785,0.7368882093048437
81737,81724,3652,50.40133983628973,244.65767967241106,4.854189997073329,4.751346053513194
81737,81730,3607,50.40133983628973,3574.481151903587,70.92035972682429,4.115211492500009
81741,81730,3607,94.31916311236122,3574.481151903587,37.897719126762745,3.941482481692605
81753,81730,2899,1164.461334759624,3574.481151903587,3.06964348682428,0.7977264853623997
81750,81730,3607,622.9664990270546,3574.481151903587,5.737838483267063,0.4873832788835541
81750,81753,2899,622.9664990270546,1164.461334759624,1.8692198321711886,0.5777138458093423
81745,81730,2697,104.07470581013017,3574.481151903587,34.34533995632648,1.6784745672637977
81748,81730,3607,7.2129604112307115,3574.481151903587,495.56367262713025,0.5316002297757539
81748,81750,3643,7.2129604112307115,622.9664990270546,86.36765814728227,1.0898332285125958
81748,81753,2899,7.2129604112307115,1164.461334759624,161.44013946708154,0.6855516175274449
81767,81730,3591,173.15163512813436,3574.481151903587,20.643646531310125,5.11356626587624
81767,81750,3627,173.15163512813436,622.9664990270546,3.5978089295319196,10.489123116740712
81767,81753,2899,173.15163512813436,1164.461334759624,6.725095803443659,6.203375834868522
81757,81730,3607,72.94033915531124,3574.481151903587,49.005546084622324,6.151186309456604
81757,81753,2899,72.94033915531124,1164.461334759624,15.964572529339991,7.332502691317969
78614,78138,5844,622.8703447851852,14392.573092129862,23.10685235318685,25.99392689450781
78614,78801,5844,622.8703447851852,380295.2170470047,610.5527743147901,293.17388903507435
78614,78021,5844,622.8703447851852,206976.7772139196,332.2951220053693,287.6582305277355
78614,78016,5844,622.8703447851852,168830.62928409118,271.0526046031575,235.90822200497402
78614,78017,5844,622.8703447851852,203753.34929382574,327.12000338384377,273.898140445719
78614,78144,5844,622.8703447851852,44877.273172321395,72.04914080120255,61.83288405961891
78614,78146,5479,622.8703447851852,57282.26539044409,91.96499057953952,73.04638252409475
78614,78141,5844,622.8703447851852,19114.1641399134,30.687227767289947,34.44993689073738
78614,78142,5844,622.8703447851852,34802.22402135444,55.873946018985684,57.778161194305284
78135,78138,5844,1105.3211107529023,14392.573092129862,13.02116909929115,11.127030975833117
78135,78801,5844,1105.3211107529023,380295.2170470047,344.05858473829585,125.49681153746671
78135,78021,5844,1105.3211107529023,206976.7772139196,187.254884757367,123.13576376994973
78135,78016,5844,1105.3211107529023,168830.62928409118,152.7435128503881,100.98351450921724
78135,78017,5844,1105.3211107529023,203753.34929382574,184.3386028834976,117.24558222122799
78135,78144,5844,1105.3211107529023,44877.273172321395,40.60111829561703,26.46835235971394
78135,78146,5479,1105.3211107529023,57282.26539044409,51.824094223103735,31.622137145303846
78135,78141,5844,1105.3211107529023,19114.1641399134,17.29286082927844,14.746733591057485
78135,78142,5844,1105.3211107529023,34802.22402135444,31.486075569160626,24.732676672701977
78160,78801,5844,2639.326490336053,380295.2170470047,144.0879779138592,84.5687549669935
78160,78021,5844,2639.326490336053,206976.7772139196,78.4203007743715,82.9777115956892
78160,78016,5844,2639.326490336053,168830.62928409118,63.96731510946748,68.0499368040615
78160,78017,5844,2639.326490336053,203753.34929382574,77.19899377355273,79.0084846965959
78160,78144,5844,2639.326490336053,44877.273172321395,17.003304947925326,17.836274704241596
78160,78146,5479,2639.326490336053,57282.26539044409,21.703364703148416,20.87717846639777
78160,78141,5844,2639.326490336053,19114.1641399134,7.242061264455267,9.937407049208979
78160,78142,5844,2639.326490336053,34802.22402135444,13.186024597102133,16.66665190603002
78620,78801,5844,308.2234831038758,380295.2170470047,1233.8294708026503,1004.5828377268876
78620,78021,5844,308.2234831038758,206976.7772139196,671.5152756357808,985.6830104145992
78620,78017,5844,308.2234831038758,203753.34929382574,661.0571889006844,938.5330053869823
78620,78202,5479,308.2234831038758,33495.1441230675,108.67161640561677,97.10831028971678
78620,78218,4386,308.2234831038758,2766.9136143206224,8.976972119246774,8.88987794634019
78225,78801,5844,338.8002533867519,380295.2170470047,1122.4761883896379,1427.8912926573341
78225,78229,5834,338.8002533867519,6641.738698417407,19.603700505015972,7.354901000789128
78225,78231,5844,338.8002533867519,8828.272926517282,26.057456682122112,13.903430160020113
78205,78196,5844,1013.1846122817582,7561.452286793142,7.463054802780961,5.378840334610124
78205,78801,5844,1013.1846122817582,380295.2170470047,375.34642002759495,131.57160596185753
78205,78021,5844,1013.1846122817582,206976.7772139196,204.28338005232266,129.09626939577973
78205,78017,5844,1013.1846122817582,203753.34929382574,201.10189872994602,122.92096791777482
78205,78202,5479,1013.1846122817582,33495.1441230675,33.059270459738066,13.048463128998558
78568,78563,5563,574.581419487607,1859.6441972549878,3.236519898108362,1.8620521966038952
78138,78801,5844,14392.573092129862,380295.2170470047,26.42301794214667,11.278553264571132
78138,78021,5844,14392.573092129862,206976.7772139196,14.38080431407352,11.066362989137824
78138,78016,5844,14392.573092129862,168830.62928409118,11.730399297149377,9.075513021267229
78138,78017,5844,14392.573092129862,203753.34929382574,14.156839641498296,10.537005107281049
78138,78144,5844,14392.573092129862,44877.273172321395,3.1180854795770436,2.3787434776806817
78138,78146,5479,14392.573092129862,57282.26539044409,3.979987805083105,2.844445408733825
78138,78141,5844,14392.573092129862,19114.1641399134,1.3280574653023922,1.3253071392616795
78138,78142,5844,14392.573092129862,34802.22402135444,2.4180682494073955,2.222756162575539
78529,78623,5844,18956.722623473128,20800.57449132306,1.0972663843045731,1.4260153795721195
78529,78801,5844,18956.722623473128,380295.2170470047,20.061232344883543,81.90488974034396
78196,78801,5844,7561.452286793142,380295.2170470047,50.29393860108456,24.460961429782664
78196,78021,5844,7561.452286793142,206976.7772139196,27.37262226403596,24.00076249988503
78196,78017,5844,7561.452286793142,203753.34929382574,26.946324801877285,22.852689477849044
78196,78202,5479,7561.452286793142,33495.1441230675,4.429723663213511,2.430351392089672
78623,78801,5844,20800.57449132306,380295.2170470047,18.282918926380834,57.43618961874015
83061,83063,5844,2266.9385766669848,5652.851868521365,2.4936061023905607,1.7985511655423558
83260,83161,5113,599.1401517707251,16860.578153287668,28.14129232276818,181.11952111524585
83260,83174,5844,599.1401517707251,20076.172535493813,33.50830765749852,201.75842645593386
83260,83801,2557,599.1401517707251,47680.07755679407,79.58084167098178,275.16624691298523
83260,83818,4170,599.1401517707251,48483.95103230118,80.92255357783915,315.47628148916806
83260,83809,5844,599.1401517707251,48581.508127850655,81.08538208342529,284.3184032592971
83260,83829,5844,599.1401517707251,50969.63487729992,85.0713054811333,259.5629355539943
83288,83161,5113,3144.2294151260216,16860.578153287668,5.362388021744238,6.012226962972465
83288,83174,5844,3144.2294151260216,20076.172535493813,6.385085146431389,6.217682771916581
83288,83801,2557,3144.2294151260216,47680.07755679407,15.164312542659372,7.4955872575302305
83288,83818,4170,3144.2294151260216,48483.95103230118,15.419978834578115,8.43704506539142
83288,83809,5844,3144.2294151260216,48581.508127850655,15.45100618108157,8.761971773556972
83288,83829,5844,3144.2294151260216,50969.63487729992,16.21053305846547,7.999071072130177
83150,83161,3163,7553.740769746996,16860.578153287668,2.232083237594662,2.1661429986917273
83150,83174,3163,7553.740769746996,20076.172535493813,2.6577788604951347,2.144363226804206
83150,83809,3163,7553.740769746996,48581.508127850655,6.43145027195285,3.2550465049807786
83150,83829,3163,7553.740769746996,50969.63487729992,6.747601808290158,2.866067357118869
83318,83314,5844,1112.0564755949579,12398.236139562836,11.148926706199605,2.8187279331699027
83318,83801,2557,1112.0564755949579,47680.07755679407,42.87559004706564,3.4369261397866615
83318,83818,4170,1112.0564755949579,48483.95103230118,43.59846113603352,4.098793952238792
83318,83809,5844,1112.0564755949579,48581.508127850655,43.68618788165342,4.3172675541371826
83318,83829,5844,1112.0564755949579,50969.63487729992,45.833674814069866,3.9413651282427735
83459,83314,5844,624.6375554147517,12398.236139562836,19.848688302659866,13.728840816196596
83459,83801,2557,624.6375554147517,47680.07755679407,76.33239010922917,19.527411514081408
83459,83818,4170,624.6375554147517,48483.95103230118,77.61933398338246,20.220567023234267
83459,83809,5844,624.6375554147517,48581.508127850655,77.77551590793021,21.027598412105124
83459,83829,5844,624.6375554147517,50969.63487729992,81.59873583562664,19.196735451974444
83323,83314,3653,1038.6589018680895,12398.236139562836,11.936773581070623,2.266010205230345
83323,83818,2996,1038.6589018680895,48483.95103230118,46.67937755609654,3.63865437055747
83323,83809,3653,1038.6589018680895,48581.508127850655,46.77330357490215,3.7743572671638894
83323,83829,3653,1038.6589018680895,50969.63487729992,49.072544206406945,3.45831243563692
83161,83174,5113,16860.578153287668,20076.172535493813,1.190716733018976,1.00425384381819
83161,83801,2557,16860.578153287668,47680.07755679407,2.8279028822921393,1.230331343844097
83161,83818,3439,16860.578153287668,48483.95103230118,2.8755805756783746,1.3616932978821652
83161,83809,5113,16860.578153287668,48581.508127850655,2.8813666818642085,1.4614424485275261
83161,83829,5113,16860.578153287668,50969.63487729992,3.023006353276283,1.3114171193664248
83174,83801,2557,20076.172535493813,47680.07755679407,2.37495854712833,1.27022429222835
83174,83818,4170,20076.172535493813,48483.95103230118,2.4149997190243124,1.3451654352351141
83174,83809,5844,20076.172535493813,48581.508127850655,2.419859066361411,1.4092021248063966
83174,83829,5844,20076.172535493813,50969.63487729992,2.5388123551532438,1.2865035682199155
78499,78801,5844,1142.4082593216588,380295.2170470047,332.88906478391283,576.6643225148196
78499,78334,5844,1142.4082593216588,90394.56941759906,79.12632693260964,126.4026295617705
78501,78801,5844,1119.3491006601744,380295.2170470047,339.7467481974235,243.3374546555576
78501,78334,5844,1119.3491006601744,90394.56941759906,80.75636936169938,53.3386459651145
78501,78502,5844,1119.3491006601744,3249.3254753730016,2.902870492732429,2.1580336259025366
78501,78503,5844,1119.3491006601744,8025.484673930485,7.169778105148056,3.7832094482657603
78501,78504,5844,1119.3491006601744,10431.686045994331,9.319421474356737,4.517714905271744
78252,78801,5844,8484.759756812331,380295.2170470047,44.820976426783254,75.39491647556613
78502,78801,5844,3249.3254753730016,380295.2170470047,117.0382037531495,112.75887999835433
78502,78334,5844,3249.3254753730016,90394.56941759906,27.819487491391534,24.716318283876195
78502,78503,5844,3249.3254753730016,8025.484673930485,2.4698925160795753,1.7530817883727552
78502,78504,5844,3249.3254753730016,10431.686045994331,3.210415861709526,2.0934404594285865
78334,78801,5844,90394.56941759906,380295.2170470047,4.207058228134714,4.56212283331507
78515,78801,5844,3644.9978336250456,380295.2170470047,104.33345488954411,355.96422921789474
78513,78801,5844,2979.3720212557782,380295.2170470047,127.64274294511021,623.1526908193202
78513,78515,5844,2979.3720212557782,3644.9978336250456,1.2234114463116668,1.7506048070854687
78507,78801,5844,1012.9064137516071,380295.2170470047,375.44951032392584,489.239227426318
78507,78334,5844,1012.9064137516071,90394.56941759906,89.24276536348039,107.23938072285792
78507,78503,5844,1012.9064137516071,8025.484673930485,7.923224263341033,7.606286793298693
78507,78504,5844,1012.9064137516071,10431.686045994331,10.298765912003072,9.083038010388055
78509,78801,5776,1864.556674893219,380295.2170470047,203.96012744894642,387.82638471776187
78509,78334,5776,1864.556674893219,90394.56941759906,48.48046221109147,85.44356986484424
78509,78503,5776,1864.556674893219,8025.484673930485,4.304232090124102,6.07471760982416
78509,78504,5776,1864.556674893219,10431.686045994331,5.594727254183218,7.258228250479495
78510,78801,5753,1254.9530868915529,380295.2170470047,303.0354050835273,775.0008076908824
78510,78334,5753,1254.9530868915529,90394.56941759906,72.03023791232009,170.6369893214871
78510,78504,5753,1254.9530868915529,10431.686045994331,8.312411160988512,14.510915838200578
78512,78801,5844,698.2045185163302,380295.2170470047,544.6759609277866,669.7142012429642
78519,78801,5844,1105.324527822981,380295.2170470047,344.0575210938497,262.61206401811313
78503,78801,5844,8025.484673930485,380295.2170470047,47.3859501946759,64.32037612062545
78503,78334,5844,8025.484673930485,90394.56941759906,11.263440538517443,14.098782183356297
78503,78504,5844,8025.484673930485,10431.686045994331,1.299820069419609,1.194148768935509
78504,78801,5844,10431.686045994331,380295.2170470047,36.45577669518098,53.862950575213574
78504,78334,5844,10431.686045994331,90394.56941759906,8.665384389353793,11.80655421679517
78235,78801,3163,917.0695509652509,380295.2170470047,414.6852511314212,1170.1077606496135
83207,83150,2588,578.0886695992435,7553.740769746996,13.066751117927257,2.7613591532134354
83207,83161,4501,578.0886695992435,16860.578153287668,29.16607614014674,6.181196915537822
83207,83174,5091,578.0886695992435,20076.172535493813,34.72853489657823,6.475949310104216
83207,83137,2390,578.0886695992435,3792.7463935577503,6.560838488993477,3.8201747803135295
83207,83801,2483,578.0886695992435,47680.07755679407,82.47883078187296,6.404378474821539
83207,83818,3819,578.0886695992435,48483.95103230118,83.86940201736246,9.452246089417693
83207,83809,5091,578.0886695992435,48581.508127850655,84.03816003093347,8.951101432312182
83207,83829,5091,578.0886695992435,50969.63487729992,88.1692334718034,8.294065420677615
78231,78801,5844,8828.272926517282,380295.2170470047,43.07696649304086,102.70064841720098
78229,78801,5834,6641.738698417407,380295.2170470047,57.25838282942709,193.87427735507475
78229,78231,5834,6641.738698417407,8828.272926517282,1.3292111188627282,1.8913354182588358
78261,78801,5844,2080.448989974799,380295.2170470047,182.79478078028308,432.49146915549215
78234,78801,2959,800.960997381965,380295.2170470047,474.7986709590658,638.3741608941114
83137,83161,2464,3792.7463935577503,16860.578153287668,4.445479977761382,1.3957031361504222
83137,83174,2464,3792.7463935577503,20076.172535493813,5.293307395821303,1.3933333807861668
83137,83801,2099,3792.7463935577503,47680.07755679407,12.571385642283406,1.7463444212996981
83137,83809,2464,3792.7463935577503,48581.508127850655,12.809057892816089,2.110967276844062
83137,83829,2464,3792.7463935577503,50969.63487729992,13.438714216135166,1.8855188163815302
83214,83161,2461,500.95264269715125,16860.578153287668,33.65703005878873,4.215433350643914
83214,83174,2461,500.95264269715125,20076.172535493813,40.07598887472239,4.208553171051447
83214,83137,2461,500.95264269715125,3792.7463935577503,7.571067742326771,3.0206720259986883
83214,83801,2096,500.95264269715125,47680.07755679407,95.17881231264181,5.7442246891756685
83214,83809,2461,500.95264269715125,48581.508127850655,96.978245021896,6.370271539587642
83214,83829,2461,500.95264269715125,50969.63487729992,101.74541570012914,5.691142289866037
83236,83150,3163,306.3856332849277,7553.740769746996,24.65435695779602,6.448345870565598
83236,83161,5113,306.3856332849277,16860.578153287668,55.03057689917181,13.444927380560895
83236,83174,5844,306.3856332849277,20076.172535493813,65.5258287415314,13.382410487954987
83236,83801,2557,306.3856332849277,47680.07755679407,155.6211270273672,17.71904677391916
83236,83818,4170,306.3856332849277,48483.95103230118,158.24485799963355,18.60702724465675
83236,83809,5844,306.3856332849277,48581.508127850655,158.56327076103986,18.858521294657574
83236,83829,5844,306.3856332849277,50969.63487729992,166.35778359065546,17.21651884413771
83249,83150,2372,553.2934150812656,7553.740769746996,13.652323638512003,4.0235543240725455
83249,83161,4322,553.2934150812656,16860.578153287668,30.473122747740007,7.90966006130246
83249,83174,5053,553.2934150812656,20076.172535493813,36.28485716307522,7.891493202421694
83249,83801,2557,553.2934150812656,47680.07755679407,86.17503165077612,9.695367650588363
83249,83818,4170,553.2934150812656,48483.95103230118,87.62791985366398,10.779510480440118
83249,83809,5053,553.2934150812656,48581.508127850655,87.80424057769636,11.193970635320122
83249,83829,5053,553.2934150812656,50969.63487729992,92.12044367058606,10.372309130251422
83262,83161,5052,516.2847188839278,16860.578153287668,32.65751926521439,4.196833487194103
83262,83174,5783,516.2847188839278,20076.172535493813,38.88585464798035,4.270811087486634
83262,83266,5783,516.2847188839278,805.5348658669263,1.560253163425564,0.7996670081411665
83262,83801,2557,516.2847188839278,47680.07755679407,92.35229285861085,6.003420316806455
83262,83818,4170,516.2847188839278,48483.95103230118,93.9093280488928,6.072087901765978
83262,83809,5783,516.2847188839278,48581.508127850655,94.09828792312726,5.997250612159914
83262,83829,5783,516.2847188839278,50969.63487729992,98.72388822098571,5.479902285758489
78021,78801,5844,206976.7772139196,380295.2170470047,1.8373810925365455,1.0191743462275349
83266,83161,5052,805.5348658669263,16860.578153287668,20.93091046424429,5.293594717262334
83266,83174,5783,805.5348658669263,20076.172535493813,24.92278532709766,5.340736886737612
83266,83801,2557,805.5348658669263,47680.07755679407,59.190582030835124,6.834611415004146
83266,83818,4170,805.5348658669263,48483.95103230118,60.1885195622441,7.791456168097975
83266,83809,5783,805.5348658669263,48581.508127850655,60.30962803275641,7.4996849327329125
83266,83829,5783,805.5348658669263,50969.63487729992,63.274275313267516,6.8527302364225
83486,83161,3256,475.33688930199605,16860.578153287668,35.470796676534874,11.864332345091197
83486,83174,3256,475.33688930199605,20076.172535493813,42.23567113626396,11.562699157899406
83486,83288,3256,475.33688930199605,3144.2294151260216,6.614738906006507,1.8951517989826774
83486,83801,2526,475.33688930199605,47680.07755679407,100.30796815877142,13.541993609307992
83486,83818,2312,475.33688930199605,48483.95103230118,101.99913392688073,15.6919512899378
83486,83809,3256,475.33688930199605,48581.508127850655,102.2043717229473,16.99385614053247
83486,83829,3256,475.33688930199605,50969.63487729992,107.2284437089362,15.556651411756878
83378,83801,2557,1498.931432351646,47680.07755679407,31.80937868651515,5.700698159998826
83378,83809,3287,1498.931432351646,48581.508127850655,32.41076081220875,6.853882550943472
83378,83829,3287,1498.931432351646,50969.63487729992,34.00398028703327,6.183046560769765
83385,83818,3331,717.2689223178328,48483.95103230118,67.59522059819176,21.496602437557392
83385,83809,4125,717.2689223178328,48581.508127850655,67.73123247952941,22.67035309964473
83385,83829,4125,717.2689223178328,50969.63487729992,71.06070441835551,21.31264863761626
83314,83801,2557,12398.236139562836,47680.07755679407,3.84571458553259,1.3685850489663245
83314,83818,4170,12398.236139562836,48483.95103230118,3.9105523145819623,1.503866469955854
83314,83809,5844,12398.236139562836,48581.508127850655,3.9184209415746496,1.5316368434615266
83314,83829,5844,12398.236139562836,50969.63487729992,4.111039207799531,1.3982779543431736
83395,83801,2557,756.4408543419323,47680.07755679407,63.03212905954621,13.754069328953847
83395,83818,4109,756.4408543419323,48483.95103230118,64.09483405610068,20.012361763395262
83395,83809,5783,756.4408543419323,48581.508127850655,64.22380262646477,19.609566302099562
83395,83829,5783,756.4408543419323,50969.63487729992,67.38085943499321,17.853588437686515
83415,83818,2021,186.25210063174768,48483.95103230118,260.313579647417,126.44133903489472
83415,83809,2342,186.25210063174768,48581.508127850655,260.83737022598535,136.45995100819724
83415,83829,2342,186.25210063174768,50969.63487729992,273.65938265617535,130.87374664732974
83481,83813,5433,204.48319815695893,3568.5574395925255,17.45159246215106,41.203411725774764
83441,83813,4008,309.96390333107934,3568.5574395925255,11.512816173891286,73.14057683656297
83411,83801,2346,107.89941552865419,47680.07755679407,441.8937519094528,36.62308323827841
83411,83818,3838,107.89941552865419,48483.95103230118,449.3439634937188,56.02088972438904
83411,83809,5445,107.89941552865419,48581.508127850655,450.2481120015813,42.445506563807264
83411,83829,5445,107.89941552865419,50969.63487729992,472.38100992089454,38.54189816477224
83437,83813,5844,123.98144687290956,3568.5574395925255,28.782995598128235,59.308963122073266
83460,83395,5718,107.04396023790206,756.4408543419323,7.066637413832268,2.1287965582147623
83460,83801,2496,107.04396023790206,47680.07755679407,445.4252014856934,33.047463179660795
83460,83818,4170,107.04396023790206,48483.95103230118,452.9349523742117,42.345996625273024
83460,83809,5779,107.04396023790206,48581.508127850655,453.8463264987551,42.328019449047005
83460,83829,5779,107.04396023790206,50969.63487729992,476.15610225949604,38.6678060961491
83809,83829,5844,48581.508127850655,50969.63487729992,1.049157114331743,0.9129304771639213
83338,83314,5844,1253.2456180305992,12398.236139562836,9.892902046644236,22.700522661229076
83338,83801,2557,1253.2456180305992,47680.07755679407,38.04527769402495,27.0453816326131
83338,83818,4170,1253.2456180305992,48483.95103230118,38.68671099643725,33.11432894019103
83338,83809,5844,1253.2456180305992,48581.508127850655,38.76455455251749,34.76895687377175
83338,83829,5844,1253.2456180305992,50969.63487729992,40.67010819267468,31.741640389264248
83818,83809,4170,48483.95103230118,48581.508127850655,1.002012152340565,1.0222642895179013
83818,83829,4170,48483.95103230118,50969.63487729992,1.051268178274966,0.9583407666171937
83801,83809,2557,47680.07755679407,48581.508127850655,1.0189058117613765,1.1755715568851586
83801,83829,2557,47680.07755679407,50969.63487729992,1.068992281243408,1.0822953398676263
83340,83801,2557,552.2378962823608,47680.07755679407,86.3397421252219,4.623431681972496
83340,83818,4170,552.2378962823608,48483.95103230118,87.79540730307143,5.311906240129936
83340,83809,5844,552.2378962823608,48581.508127850655,87.97206503736714,5.542737982174651
83340,83829,5844,552.2378962823608,50969.63487729992,92.29651789640855,5.060134430861294
83340,83348,5844,552.2378962823608,1836.9650479349343,3.3264016473720757,1.4317668802463486
83340,83350,5844,552.2378962823608,2301.301774897767,4.167228997484636,1.9883761881582325
83374,83809,2372,59.53261435628695,48581.508127850655,816.048625667658,481.3146086399332
83374,83829,2372,59.53261435628695,50969.63487729992,856.163221259865,443.1673671192397
83348,83801,2557,1836.9650479349343,47680.07755679407,25.95589807786202,3.4541775039701226
83348,83818,4170,1836.9650479349343,48483.95103230118,26.393507642840294,3.651422855479031
83348,83809,5844,1836.9650479349343,48581.508127850655,26.446615401019553,3.871257296593543
83348,83829,5844,1836.9650479349343,50969.63487729992,27.74665469797511,3.534188771003455
83348,83350,5844,1836.9650479349343,2301.301774897767,1.252773849717406,1.3887569377328481
83350,83801,2557,2301.301774897767,47680.07755679407,20.71874192115122,2.6295352722227765
83350,83818,4170,2301.301774897767,48483.95103230118,21.068054420831025,2.655981883041834
83350,83809,5844,2301.301774897767,48581.508127850655,21.110446555845048,2.7875700861760504
83350,83829,5844,2301.301774897767,50969.63487729992,22.148175190784876,2.5448576889005747
83372,83801,2557,255.50538377092965,47680.07755679407,186.61085278555652,21.386167923572547
83372,83818,4170,255.50538377092965,48483.95103230118,189.75706232385653,21.642133819376387
83372,83809,5844,255.50538377092965,48581.508127850655,190.1388824409502,22.470526576593144
83372,83829,5844,255.50538377092965,50969.63487729992,199.48556122400984,20.514028549693755
83369,83801,2557,394.74246847416435,47680.07755679407,120.78780816540063,33.80138258936591
83369,83818,4170,394.74246847416435,48483.95103230118,122.8242586102043,50.13982125511337
83369,83809,5844,394.74246847416435,48581.508127850655,123.07139972964497,48.03576326788687
83369,83829,5844,394.74246847416435,50969.63487729992,129.1212345971228,43.85331228108513
83369,83348,5844,394.74246847416435,1836.9650479349343,4.653578458470735,12.408310682463615
83369,83350,5844,394.74246847416435,2301.301774897767,5.829881400380374,17.232127545815956
83497,83801,2191,1654.7295865612978,47680.07755679407,28.81442257636687,1.770817839500518
83497,83809,2556,1654.7295865612978,48581.508127850655,29.35918262560842,2.090684174558015
83497,83829,2556,1654.7295865612978,50969.63487729992,30.80239532262198,1.8641665418837232
84008,84009,5088,1714.4959609403713,4830.100782369058,2.8172132757430535,4.84072971580272
84008,84011,5788,1714.4959609403713,9510.562674827026,5.547147903230199,5.779619885852852
84009,84011,5082,4830.100782369058,9510.562674827026,1.9690195098087178,1.2885421950088607
84019,84009,5113,305.6456543367834,4830.100782369058,15.802942766681344,3.0129025988857947
84019,84011,5813,305.6456543367834,9510.562674827026,31.11630261998612,3.6377372299457167
78132,78801,5844,573.715063673778,380295.2170470047,662.8642703083104,362.6910562638125
78132,78021,5844,573.715063673778,206976.7772139196,360.76580574431165,355.8675290506579
78132,78016,5844,573.715063673778,168830.62928409118,294.2760962262105,291.84659828306087
78132,78017,5844,573.715063673778,203753.34929382574,355.14728860192974,338.8446569846714
78188,78801,5108,1296.8189217900212,380295.2170470047,293.2523659680079,198.55398494150555
78188,78021,5108,1296.8189217900212,206976.7772139196,159.60345252228893,203.8456201833092
78188,78016,5108,1296.8189217900212,168830.62928409118,130.188283381192,166.21772303327927
78188,78017,5108,1296.8189217900212,203753.34929382574,157.1178102587997,193.67335743494937
78188,78146,4743,1296.8189217900212,57282.26539044409,44.17136766586996,52.0246088031551
78224,78801,5844,1635.7711276586322,380295.2170470047,232.48681347698187,304.6418474062214
78224,78021,5844,1635.7711276586322,206976.7772139196,126.5316239626852,298.91043523009637
78224,78017,5844,1635.7711276586322,203753.34929382574,124.5610378179672,284.6120975546016
78224,78202,5479,1635.7711276586322,33495.1441230675,20.47666911141225,30.03586077954637
78218,78801,4386,2766.9136143206224,380295.2170470047,137.4438345594613,90.88438524830622
78218,78021,4386,2766.9136143206224,206976.7772139196,74.80420644239733,97.87862601828678
78218,78017,4386,2766.9136143206224,203753.34929382574,73.63921599838402,93.0853077235012
78218,78202,4021,2766.9136143206224,33495.1441230675,12.10559807494813,10.211865231881298
78613,78801,4362,886.2817552463432,380295.2170470047,429.0906529394833,590.3010539453556
78613,78229,4352,886.2817552463432,6641.738698417407,7.493935939786245,3.80404103262112
78613,78231,4362,886.2817552463432,8828.272926517282,9.961022975208884,6.962360943289115
78182,78801,5599,3456.568775162365,380295.2170470047,110.0210184676974,80.45874923685645
78182,78021,5599,3456.568775162365,206976.7772139196,59.87925907946018,80.33079278380784
78182,78016,5599,3456.568775162365,168830.62928409118,48.843416771350284,65.8585301971823
78182,78017,5599,3456.568775162365,203753.34929382574,58.94670771717969,76.40276828864769
78182,78146,5234,3456.568775162365,57282.26539044409,16.572002212729984,22.31457223237339
78596,78590,4748,434.876316800274,14778.818350238897,33.98395768934544,42.90438593372063
78013,78801,5844,101795.33959234667,380295.2170470047,3.735880429987746,1.8496774511560767
78013,78021,5844,101795.33959234667,206976.7772139196,2.033263782436272,1.8148783454005117
78013,78016,5844,101795.33959234667,168830.62928409118,1.6585300462692738,1.4883798834237871
78013,78017,5844,101795.33959234667,203753.34929382574,2.0015980113606755,1.7280639007910281
78191,78801,5844,1234.0845422779785,380295.2170470047,308.1597767564801,434.78121367123924
78191,78021,5844,1234.0845422779785,206976.7772139196,167.7168541726195,426.6014105246842
78191,78016,5844,1234.0845422779785,168830.62928409118,136.80637225424542,349.8553824691932
78191,78017,5844,1234.0845422779785,203753.34929382574,165.10485490541873,406.1949934123847
78146,78801,5479,57282.26539044409,380295.2170470047,6.638969573826355,3.925659542912381
78146,78021,5479,57282.26539044409,206976.7772139196,3.6132784868603984,3.8725039356953332
78146,78016,5479,57282.26539044409,168830.62928409118,2.9473455376339874,3.1778941732360813
78146,78017,5479,57282.26539044409,203753.34929382574,3.557005783640257,3.692588986155208
78016,78801,5844,168830.62928409118,380295.2170470047,2.2525250226194573,1.2427455327474468
78016,78021,5844,168830.62928409118,206976.7772139196,1.2259432905722334,1.2193650059457035
78016,78017,5844,168830.62928409118,203753.34929382574,1.2068506180295646,1.1610368562734705
78017,78801,5844,203753.34929382574,380295.2170470047,1.8664489117113554,1.0703756095531998
78017,78021,5844,203753.34929382574,206976.7772139196,1.0158202450721212,1.0502379828487498
78144,78801,5844,44877.273172321395,380295.2170470047,8.474115964816606,4.741391146374441
78144,78021,5844,44877.273172321395,206976.7772139196,4.612062244048621,4.6521884738608845
78144,78016,5844,44877.273172321395,168830.62928409118,3.7620518661151525,3.815255031247009
78144,78017,5844,44877.273172321395,203753.34929382574,4.540234619680349,4.429651707360568
78144,78146,5479,44877.273172321395,57282.26539044409,1.2764203647242458,1.1806344878968296
78202,78801,5479,33495.1441230675,380295.2170470047,11.353741773724817,9.950669314072442
78202,78021,5479,33495.1441230675,206976.7772139196,6.179306960240199,9.81593173333635
78202,78017,5479,33495.1441230675,203753.34929382574,6.083071281771393,9.359887558348206
79051,79006,5479,554.6646645415653,6314.628159823766,11.38458705503235,15.456208461309986
79051,79011,5844,554.6646645415653,13879.093897935889,25.022495185279322,28.811047504469062
79001,79006,5479,278.81669947039313,6314.628159823766,22.647955347790425,26.101724607418436
79001,79011,5844,278.81669947039313,13879.093897935889,49.77856033838345,49.95318072250124
78050,78801,5844,3184.3297630184065,380295.2170470047,119.42708367192638,27.45613672319011
78050,78021,5844,3184.3297630184065,206976.7772139196,64.99853740578915,26.939587740624322
78050,78013,5844,3184.3297630184065,101795.33959234667,31.96758726893144,14.843743002883883
78050,78016,5844,3184.3297630184065,168830.62928409118,53.01920399225791,22.093128480204967
78050,78017,5844,3184.3297630184065,203753.34929382574,63.98625910549201,25.650936435903052
78050,78004,5844,3184.3297630184065,31164.613627677696,9.786867550469067,6.498292550724886
78050,78011,5844,3184.3297630184065,68741.57693931433,21.587455463203852,11.117869671026954
79261,79244,5479,543.3047366767107,2608.41040641267,4.801008035320672,3.8241663819922342
78106,78801,5479,2065.9722738631513,380295.2170470047,184.07566348211083,87.16462907151275
78106,78021,5479,2065.9722738631513,206976.7772139196,100.18371486994583,85.36277127459041
78106,78013,5479,2065.9722738631513,101795.33959234667,49.27236482317358,47.04354907285012
78106,78016,5479,2065.9722738631513,168830.62928409118,81.71969750997462,69.69554476404636
78106,78017,5479,2065.9722738631513,203753.34929382574,98.62346744510195,81.01706215061265
78106,78011,5479,2065.9722738631513,68741.57693931433,33.27323304817387,35.24093778610548
78275,78801,5844,759.0268351799442,380295.2170470047,501.03000239358767,253.3272087464632
78275,78334,5844,759.0268351799442,90394.56941759906,119.09271876556119,55.528362124871336
78275,78277,5844,759.0268351799442,1176.6804544697707,1.5502488185293375,1.6416929704807837
78277,78801,5844,1176.6804544697707,380295.2170470047,323.19328123655396,154.3085176714098
78277,78334,5844,1176.6804544697707,90394.56941759906,76.82168006974517,33.82384107340691
78343,78801,5844,391.42782089441477,380295.2170470047,971.558986732287,962.8236051294979
78343,78334,5844,391.42782089441477,90394.56941759906,230.93547415982584,211.04727783707247
78391,78801,5844,1596.0437811723882,380295.2170470047,238.27367490361416,102.8980722885351
78391,78334,5844,1596.0437811723882,90394.56941759906,56.636647743584405,22.55486668116828
78391,78393,5844,1596.0437811723882,6228.275707490167,3.902321340405294,3.780854832834518
78391,78394,5844,1596.0437811723882,8594.800445491388,5.385065589603062,5.245793457479752
79006,79011,5479,6314.628159823766,13879.093897935889,2.197927343725531,1.7907779863282098
78404,78801,5844,479.7501198684896,380295.2170470047,792.6943658737433,365.1780618097434
78404,78334,5844,479.7501198684896,90394.56941759906,188.42010803953164,80.0456443528914
78404,78393,5844,479.7501198684896,6228.275707490167,12.982332780234591,13.417989366865394
78404,78394,5844,479.7501198684896,8594.800445491388,17.91516060037133,18.616954087196536
78410,78801,5844,1332.0855017777137,380295.2170470047,285.4885940425654,189.62443925894442
78410,78334,5844,1332.0855017777137,90394.56941759906,67.85943492138036,41.564956970076516
78410,78394,5844,1332.0855017777137,8594.800445491388,6.452138720841367,9.667145561809228
79335,79324,5813,1211.7059402021723,8142.208868248975,6.71962445516315,7.477534740817995
80113,80118,5844,4801.663783548625,12357.300531537403,2.5735455643262166,2.2704476207135804
80148,80118,5844,3255.7607553494686,12357.300531537403,3.7955186084338033,3.9499657222895457
80148,80592,5844,3255.7607553494686,4282.799419771442,1.3154527441042678,1.4877551254687253
78393,78801,5844,6228.275707490167,380295.2170470047,61.05947053526533,27.215557549294246
78393,78334,5844,6228.275707490167,90394.56941759906,14.513578663335332,5.965546861332105
78393,78394,5844,6228.275707490167,8594.800445491388,1.3799646722696013,1.3874622775577354
78394,78801,5844,8594.800445491388,380295.2170470047,44.247125859274355,19.615349541034096
78394,78334,5844,8594.800445491388,90394.56941759906,10.517355230163341,4.299610128379771
80174,80172,5844,157.59500314713097,5167.701742634121,32.7910253462132,21.76659285112208
80592,80118,5844,4282.799419771442,12357.300531537403,2.885332540788676,2.654983777014438
78078,78801,5844,1430.67183843621,380295.2170470047,265.8158264041074,113.61717402005111
78078,78021,5844,1430.67183843621,206976.7772139196,144.67103611975386,111.47962509123596
78078,78013,5844,1430.67183843621,101795.33959234667,71.15212367890994,61.42539822228931
78078,78016,5844,1430.67183843621,168830.62928409118,118.0079349773396,91.42432704535065
78078,78017,5844,1430.67183843621,203753.34929382574,142.41794925979497,106.14701325965154
78078,78011,5844,1430.67183843621,68741.57693931433,48.0484588376689,46.007234953721834
78130,78801,5844,1746.1007260564766,380295.2170470047,217.79683804719082,170.26993543246968
78130,78021,5844,1746.1007260564766,206976.7772139196,118.53656213829731,167.0665436808946
78130,78013,5844,1746.1007260564766,101795.33959234667,58.298664030825314,92.05385259254166
78130,78016,5844,1746.1007260564766,168830.62928409118,96.69008595248157,137.01110239039764
78130,78017,5844,1746.1007260564766,203753.34929382574,116.69048998908409,159.07493959390985
78004,78801,5844,31164.613627677696,380295.2170470047,12.202789406933627,4.2251309107539905
78004,78021,5844,31164.613627677696,206976.7772139196,6.641403602388988,4.145640955733704
78004,78013,5844,31164.613627677696,101795.33959234667,3.266375794306043,2.284252807489878
78004,78016,5844,31164.613627677696,168830.62928409118,5.417382397263238,3.399835927322243
78004,78017,5844,31164.613627677696,203753.34929382574,6.537971294239623,3.9473348169038163
78004,78011,5844,31164.613627677696,68741.57693931433,2.2057573939650594,1.7108909123807843
78087,78801,5844,20740.24462323811,380295.2170470047,18.336100849114786,9.728171937753807
78087,78021,5844,20740.24462323811,206976.7772139196,9.979476181395441,9.545149928236077
78087,78013,5844,20740.24462323811,101795.33959234667,4.908106989166924,5.2593882958748015
78087,78016,5844,20740.24462323811,168830.62928409118,8.140242911837564,7.827967738694568
78087,78017,5844,20740.24462323811,203753.34929382574,9.824057189061946,9.088559054344088
78087,78011,5844,20740.24462323811,68741.57693931433,3.314405311415363,3.939248585178298
78142,78801,5844,34802.22402135444,380295.2170470047,10.927325127660168,5.074129791862779
78142,78021,5844,34802.22402135444,206976.7772139196,5.947228461230519,4.97866710503912
78142,78016,5844,34802.22402135444,168830.62928409118,4.851144834321441,4.0829998243043
78142,78017,5844,34802.22402135444,203753.34929382574,5.854607141451761,4.7405132801753975
78142,78144,5844,34802.22402135444,44877.273172321395,1.2894944054375652,1.0701774300445073
78142,78146,5479,34802.22402135444,57282.26539044409,1.6459369192984914,1.2755634794994057
78141,78801,5844,19114.1641399134,380295.2170470047,19.895989919480087,8.510142992856993
78141,78021,5844,19114.1641399134,206976.7772139196,10.828450341792312,8.350036501955936
78141,78016,5844,19114.1641399134,168830.62928409118,8.832749789541992,6.8478564344889445
78141,78017,5844,19114.1641399134,203753.34929382574,10.65980954240926,7.9506137069111
78141,78144,5844,19114.1641399134,44877.273172321395,2.3478543369108436,1.794862041568617
78141,78146,5479,19114.1641399134,57282.26539044409,2.996849089039141,2.140761052465983
78141,78142,5844,19114.1641399134,34802.22402135444,1.820755737295459,1.6771630490226008
80196,80197,5844,2301.106069328778,4860.815105423861,2.1123820280226098,2.485954844599489
80196,80198,5844,2301.106069328778,7458.019065340378,3.241058360910693,3.8906822903244174
80196,80204,5844,2301.106069328778,18081.083460010246,7.857561935545376,9.568537493033357
78055,78801,5844,880.2366682175867,380295.2170470047,432.03746308032595,190.0338546525337
78055,78021,5844,880.2366682175867,206976.7772139196,235.1376450074865,186.45863228008278
78055,78013,5844,880.2366682175867,101795.33959234667,115.64542045092783,102.73891511936831
78055,78016,5844,880.2366682175867,168830.62928409118,191.80140453130696,152.91453450845177
78055,78017,5844,880.2366682175867,203753.34929382574,231.47564359754634,177.53941042421394
78055,78004,5844,880.2366682175867,31164.613627677696,35.4048118567745,44.977033532582645
78055,78011,5844,880.2366682175867,68741.57693931433,78.09442553502215,76.95079793674145
78055,78054,5844,880.2366682175867,16022.867317794682,18.20290825902514,19.378171706914816
78055,78053,5479,880.2366682175867,7571.857831594279,8.60207044876547,10.364799431771402
78165,78801,5844,13253.384546696152,380295.2170470047,28.694196241503157,12.953520725122406
78165,78021,5844,13253.384546696152,206976.7772139196,15.616899704726023,12.70981826914085
78165,78016,5844,13253.384546696152,168830.62928409118,12.73868034910206,10.423309023276005
78165,78017,5844,13253.384546696152,203753.34929382574,15.37368425219489,12.10184594035127
78165,78144,5844,13253.384546696152,44877.273172321395,3.3860990763682737,2.7320084602232124
78165,78146,5479,13253.384546696152,57282.26539044409,4.322085818050424,3.2525811857615667
78165,78142,5844,13253.384546696152,34802.22402135444,2.625912188598652,2.552855613960754
80197,80198,5844,4860.815105423861,7458.019065340378,1.5343144932664627,1.5650655516839218
80197,80204,5844,4860.815105423861,18081.083460010246,3.7197636749924445,3.8490391383496503
78111,78801,5844,7610.709208140773,380295.2170470047,49.96843351211252,35.25070336689282
78111,78021,5844,7610.709208140773,206976.7772139196,27.195465173275505,34.58751046606795
78111,78013,5844,7610.709208140773,101795.33959234667,13.37527644381178,19.057756986149446
78111,78016,5844,7610.709208140773,168830.62928409118,22.18329785921948,28.365182121363976
78111,78017,5844,7610.709208140773,203753.34929382574,26.771926731332943,32.93302187781288
78011,78801,5844,68741.57693931433,380295.2170470047,5.532244588784058,2.4695501508477387
78011,78021,5844,68741.57693931433,206976.7772139196,3.0109401970315655,2.4230890033572345
78011,78013,5844,68741.57693931433,101795.33959234667,1.480840913530577,1.3351247534018602
78011,78016,5844,68741.57693931433,168830.62928409118,2.456019148835302,1.987172824824473
78011,78017,5844,68741.57693931433,203753.34929382574,2.964048227664329,2.307180889406278
80218,80197,5800,626.8342783680172,4860.815105423861,7.7545457757657195,5.912046905078802
80218,80198,5800,626.8342783680172,7458.019065340378,11.897911972455567,9.259858558432589
80218,80204,5800,626.8342783680172,18081.083460010246,28.84507769275943,22.694948547533464
80222,80198,5844,2369.873517023705,7458.019065340378,3.147011438275749,2.606999884224955
80222,80204,5844,2369.873517023705,18081.083460010246,7.629556316034138,6.411517126077158
80220,80198,5844,1697.1586699595716,7458.019065340378,4.394414734079069,3.6575542577779943
80220,80222,5844,1697.1586699595716,2369.873517023705,1.3963771089712893,1.4029744611459245
80220,80204,5844,1697.1586699595716,18081.083460010246,10.65373779131739,8.995194785085967
80224,80198,5844,772.4640165295069,7458.019065340378,9.654843339949277,6.936186349191831
80224,80220,5844,772.4640165295069,1697.1586699595716,2.1970714928372885,1.8964001243294317
80224,80222,5844,772.4640165295069,2369.873517023705,3.0679403393713676,2.660600942548149
80224,80204,5844,772.4640165295069,18081.083460010246,23.407023593466736,17.058488508804487
80236,80204,5844,3696.1743973790894,18081.083460010246,4.891837212235254,3.733276201503991
80230,80204,5844,948.4499109642545,18081.083460010246,19.063825354391003,20.19649049184336
80198,80204,5844,7458.019065340378,18081.083460010246,2.4243815015220855,2.4593469163053925
78052,78801,5306,269.5572400962602,380295.2170470047,1410.814329866263,556.1144270431655
78052,78021,5306,269.5572400962602,206976.7772139196,767.839799591386,557.9347154474872
78052,78013,5306,269.5572400962602,101795.33959234667,377.63904822587983,304.48276635898856
78052,78016,5306,269.5572400962602,168830.62928409118,626.325708127153,456.14896905695616
78052,78017,5306,269.5572400962602,203753.34929382574,755.8815679410593,530.1851310487236
78052,78004,5306,269.5572400962602,31164.613627677696,115.61408484724305,133.52811432797512
78052,78011,5306,269.5572400962602,68741.57693931433,255.01662249831008,229.0208514554281
78052,78054,5306,269.5572400962602,16022.867317794682,59.44142814369533,57.62981414187794
78052,78053,5063,269.5572400962602,7571.857831594279,28.08998129262019,30.795154912564893
78611,78801,5844,2640.1711281887347,380295.2170470047,144.04188159875181,67.45495529854888
78611,78021,5844,2640.1711281887347,206976.7772139196,78.39521272089439,66.18588423877898
78611,78013,5844,2640.1711281887347,101795.33959234667,38.55634148313047,36.46849630803927
78611,78016,5844,2640.1711281887347,168830.62928409118,63.946850823990296,54.2789762836003
78611,78017,5844,2640.1711281887347,203753.34929382574,77.17429643797706,63.01989198605355
78611,78087,5844,2640.1711281887347,20740.24462323811,7.855644053446932,6.93398058033542
78611,78011,5844,2640.1711281887347,68741.57693931433,26.036788375333025,27.314673190740095
78611,78082,5820,2640.1711281887347,15191.163559386394,5.753855648670832,6.090170914728028
78109,78801,4807,926.6181276120493,380295.2170470047,410.412019487519,208.09990709040008
78109,78021,4807,926.6181276120493,206976.7772139196,223.36793447729238,197.36688322133492
78109,78013,4807,926.6181276120493,101795.33959234667,109.85684022249747,109.93012389411646
78109,78016,4807,926.6181276120493,168830.62928409118,182.20087029721495,164.10363613190174
78109,78017,4807,926.6181276120493,203753.34929382574,219.88923292371842,190.33493620705568
78109,78111,4807,926.6181276120493,7610.709208140773,8.213425769851954,5.668209182843808
78173,78801,5844,1811.546831898762,380295.2170470047,209.92844918527476,81.64077194708204
78173,78021,5844,1811.546831898762,206976.7772139196,114.25416863056094,80.10481449937849
78173,78016,5844,1811.546831898762,168830.62928409118,93.19694435232036,65.69387682013357
78173,78017,5844,1811.546831898762,203753.34929382574,112.47478989006477,76.2730122196645
78173,78144,5844,1811.546831898762,44877.273172321395,24.772902572595125,17.218738008887875
78173,78146,5479,1811.546831898762,57282.26539044409,31.62063733699008,20.92494521357521
78092,78801,5844,2013.495400298772,380295.2170470047,188.87314914678956,76.47482961696646
78092,78021,5844,2013.495400298772,206976.7772139196,102.79476038694074,75.03606218115416
78092,78013,5844,2013.495400298772,101795.33959234667,50.556529494550524,41.34495426171115
78092,78016,5844,2013.495400298772,168830.62928409118,83.84952320181078,61.53699820420745
78092,78017,5844,2013.495400298772,203753.34929382574,101.19384889758966,71.44672293951922
78092,78087,5844,2013.495400298772,20740.24462323811,10.30061683784357,7.861171667842065
78092,78011,5844,2013.495400298772,68741.57693931433,34.14041915820326,30.967109370390574
78092,78082,5820,2013.495400298772,15191.163559386394,7.5446725913216675,6.907015722736921
78112,78801,2753,536.1438011327161,380295.2170470047,709.315702696835,825.8013342409967
78112,78021,2753,536.1438011327161,206976.7772139196,386.0471328338363,834.9407617332679
78112,78013,2753,536.1438011327161,101795.33959234667,189.86574008182635,456.5087045733416
78112,78016,2753,536.1438011327161,168830.62928409118,314.89803468286135,655.6878488530022
78112,78017,2753,536.1438011327161,203753.34929382574,380.03488777330654,762.5307441866481
78112,78111,2753,536.1438011327161,7610.709208140773,14.19527595406597,23.428561974342166
78054,78801,5844,16022.867317794682,380295.2170470047,23.734529501137185,9.806593600609025
78054,78021,5844,16022.867317794682,206976.7772139196,12.917586665905624,9.622096196698873
78054,78013,5844,16022.867317794682,101795.33959234667,6.353128786087791,5.301785775936098
78054,78016,5844,16022.867317794682,168830.62928409118,10.53685497954484,7.891071295125662
78054,78017,5844,16022.867317794682,203753.34929382574,12.716409944151586,9.16182460912252
78054,78004,5844,16022.867317794682,31164.613627677696,1.9450085312175611,2.321015326566296
78054,78011,5844,16022.867317794682,68741.57693931433,4.290216949058255,3.971004029718794
78345,78801,5844,2095.0940954291304,380295.2170470047,181.51701056133723,89.49917430988553
78345,78334,5844,2095.0940954291304,90394.56941759906,43.1458279677333,19.6178791277417
78125,78801,2747,457.05810324573923,380295.2170470047,832.0500486620568,1096.2177654670063
78125,78021,2747,457.05810324573923,206976.7772139196,452.8456573553793,1108.9878190156621
78125,78013,2747,457.05810324573923,101795.33959234667,222.71859719685568,606.329350730797
78125,78016,2747,457.05810324573923,168830.62928409118,369.3854853139288,870.9127373088165
78125,78017,2747,457.05810324573923,203753.34929382574,445.79310124226566,1012.8167832850281
78170,78801,2708,71.73886165119632,380295.2170470047,5301.104705230055,2644.4328037822133
78170,78021,2708,71.73886165119632,206976.7772139196,2885.141643594341,2681.994601225558
78170,78016,2708,71.73886165119632,168830.62928409118,2353.405468084616,2105.7009468938522
78170,78017,2708,71.73886165119632,203753.34929382574,2840.2088436320755,2448.904599633956
78170,78144,2708,71.73886165119632,44877.273172321395,625.5643334643438,531.1635775033678
78170,78146,2343,71.73886165119632,57282.26539044409,798.4830546790374,676.3183446164082
78170,78142,2708,71.73886165119632,34802.22402135444,485.1237282042108,542.7575652916569
78170,78165,2708,71.73886165119632,13253.384546696152,184.74484040652655,201.22224353566835
78170,78164,2599,71.73886165119632,9868.45163366145,137.56075028961496,164.6337770657184
78053,78801,5479,7571.857831594279,380295.2170470047,50.22482269281228,18.204703390496636
78053,78021,5479,7571.857831594279,206976.7772139196,27.335005730071924,17.869126878532022
78053,78013,5479,7571.857831594279,101795.33959234667,13.443905294628774,9.751045919954548
78053,78016,5479,7571.857831594279,168830.62928409118,22.297120870340397,14.578419474625466
78053,78017,5479,7571.857831594279,203753.34929382574,26.90929410265021,17.01118268056193
78053,78004,5479,7571.857831594279,31164.613627677696,4.11584769825451,4.3580211404806395
78053,78011,5479,7571.857831594279,68741.57693931433,9.078561492858956,7.4584522620987395
78053,78054,5479,7571.857831594279,16022.867317794682,2.116107786775629,1.8528638888095477
82034,82039,5479,236.52030142807968,293.7693465549252,1.2420470664935865,1.2122780488876725
78082,78801,5820,15191.163559386394,380295.2170470047,25.033975545081006,11.055093242452031
78082,78021,5820,15191.163559386394,206976.7772139196,13.624813952189443,10.86886659328202
78082,78013,5820,15191.163559386394,101795.33959234667,6.700957381862224,5.987750650014692
78082,78016,5820,15191.163559386394,168830.62928409118,11.113739156588387,8.912851224950467
78082,78017,5820,15191.163559386394,203753.34929382574,13.412622969748066,10.347143700285237
78082,78087,5820,15191.163559386394,20740.24462323811,1.365283478264114,1.1386004007962467
78082,78011,5820,15191.163559386394,68741.57693931433,4.525102811946221,4.484006789368882
82050,82060,4915,507.11471458761736,858.6552747015467,1.693217037489831,1.581526436951096
78163,78801,5844,5502.7734442896935,380295.2170470047,69.10973546287691,29.286113456646884
78163,78021,5844,5502.7734442896935,206976.7772139196,37.61317439457776,28.735136009897797
78163,78016,5844,5502.7734442896935,168830.62928409118,30.681006767467252,23.56565578787598
78163,78017,5844,5502.7734442896935,203753.34929382574,37.027391979087106,27.360594911978243
78163,78144,5844,5502.7734442896935,44877.273172321395,8.155391754114678,6.176692146363172
78163,78146,5479,5502.7734442896935,57282.26539044409,10.409708117256166,7.264801904537129
78163,78142,5844,5502.7734442896935,34802.22402135444,6.324487892095432,5.771652412914643
78163,78165,5844,5502.7734442896935,13253.384546696152,2.408491768900531,2.260861280736488
78163,78164,5735,5502.7734442896935,9868.45163366145,1.7933596092170727,1.8872875940910123
78164,78801,5735,9868.45163366145,380295.2170470047,38.53646257431222,15.366898472417942
78164,78021,5735,9868.45163366145,206976.7772139196,20.973581763112502,15.098770384387837
78164,78016,5735,9868.45163366145,168830.62928409118,17.108117418157793,12.405059172687753
78164,78017,5735,9868.45163366145,203753.34929382574,20.64694207942609,14.389423929222193
78164,78144,5735,9868.45163366145,44877.273172321395,4.547549589161918,3.256297721731598
78164,78146,5370,9868.45163366145,57282.26539044409,5.8045849051996505,3.831305874859138
78164,78142,5735,9868.45163366145,34802.22402135444,3.526614438950431,3.0417973369335876
78164,78165,5735,9868.45163366145,13253.384546696152,1.3430054722555096,1.1905445361115727
48097,72818,5754,1216.738039120987,282890.4654990196,232.4990724407608,134.90426231361948
48123,72818,5844,650.0346672806834,282890.4654990196,435.192890069151,426.0405164011633
72585,72569,5844,449.2545234629906,6186.781796401092,13.771217591114041,5.955770689437981
72585,72588,5844,449.2545234629906,943.6151840354779,2.1004021879664223,1.56236958315886
72585,72577,5607,449.2545234629906,12349.310796025444,27.48845064671402,16.37104652012225
72566,72569,5844,2045.7222777627799,6186.781796401092,3.024253029676644,2.363478947563921
72566,72577,5607,2045.7222777627799,12349.310796025444,6.036650688250196,6.416434270757367
48110,77801,5844,193.11323203738525,1390177.9012785743,7198.770827932943,3215.3698557834114
48099,72818,5844,845.7177489612063,282890.4654990196,334.4974914461633,189.90761578225766
72588,72569,5844,943.6151840354779,6186.781796401092,6.5564669804725,3.812011417552286
72588,72577,5607,943.6151840354779,12349.310796025444,13.087231961669172,10.39901399488949
72592,72569,5844,212.54697317743745,6186.781796401092,29.107832983517824,17.815229300752137
72592,72588,5844,212.54697317743745,943.6151840354779,4.439560676536821,4.6734459447635635
72592,72577,5607,212.54697317743745,12349.310796025444,58.1015603817423,49.10081487020291
72603,72577,5607,616.583492799246,12349.310796025444,20.028610788719686,22.58048330771636
72569,72577,5607,6186.781796401092,12349.310796025444,1.996079901057631,2.730396043769911
72327,72269,5844,1740.0081241916687,13139.969378177522,7.551671279857831,4.488723779698483
72327,72281,5844,1740.0081241916687,22278.40220102929,12.80361964480991,9.949635359867175
72327,72818,5844,1740.0081241916687,282890.4654990196,162.57996820011292,140.61219446014306
72269,72281,5844,13139.969378177522,22278.40220102929,1.6954683500274066,2.216584456559168
72269,72818,5844,13139.969378177522,282890.4654990196,21.52900492818772,31.32565097814691
72064,72818,5844,82.54853653718003,282890.4654990196,3426.9591850559964,2505.806775750745
72076,72818,5844,234.77068347385907,282890.4654990196,1204.9650378537085,974.694721662005
72083,72818,5844,526.5566508885255,282890.4654990196,537.246020958358,390.63517851773474
72744,72818,5844,42.64364668252629,282890.4654990196,6633.824438258868,5291.305309159345
72610,72577,5607,489.91630287369253,12349.310796025444,25.206980709946436,18.01457541798529
72281,72818,5844,22278.40220102929,282890.4654990196,12.697969223571594,14.132396753685676
72039,72818,4049,662.7170387931584,282890.4654990196,426.8646329271654,345.02648343786586
72239,72818,5272,1782.5910568767438,282890.4654990196,158.6962216643612,162.67549647963406
72246,72818,5844,671.1311401304072,282890.4654990196,421.5129481907981,539.6017777984117
72043,72818,5844,1179.864399755816,282890.4654990196,239.76523535888228,256.92855617452904
48055,72818,5844,391.4075961183342,282890.4654990196,722.7515978343287,436.9932828048914
48038,48043,3288,3343.987694828884,6381.906239034366,1.90847180714908,0.13844811589280434
48038,72818,5844,3343.987694828884,282890.4654990196,84.59674236734757,65.83189680894355
48058,72818,5844,720.6409241083836,282890.4654990196,392.5539835931843,362.9632025482623
48056,72818,5844,169.4494049633735,282890.4654990196,1669.4686272882834,1883.1760922318247
72729,72818,5206,841.9518066901101,282890.4654990196,335.99365575462286,267.37894655255394
48071,72818,5844,958.6889238199528,282890.4654990196,295.0805610351956,198.05517288107262
48069,72818,5844,567.7358526545864,282890.4654990196,498.2783175948757,258.3403101850039
72090,72818,5479,3708.5906651003193,282890.4654990196,76.27977607805559,54.61165780319467
72095,72090,4833,287.1704940760367,3708.5906651003193,12.914246907686703,10.012603778028947
72095,72818,5198,287.1704940760367,282890.4654990196,985.0958623350635,549.8406363674939
72096,72818,5844,1287.177168894271,282890.4654990196,219.77585707337562,149.32342891455352
72098,72818,5844,1464.9694054784923,282890.4654990196,193.10332655487858,84.54627761764412
72102,72818,5844,426.2711501839861,282890.4654990196,663.6397170601837,330.5837688924766
72106,72818,5844,270.7425702012369,282890.4654990196,1044.8688039297012,492.3228358864881
72109,72110,5844,1166.2866638262349,2197.843241245236,1.884479441816453,1.8901308926692992
72109,72818,5844,1166.2866638262349,282890.4654990196,242.55654657915858,142.89757720712055
72104,72818,5844,1052.5275755813475,282890.4654990196,268.77249780631104,187.88644720577938
72113,72110,5844,397.95635014103397,2197.843241245236,5.522824903953236,5.888893854381753
72113,72818,5844,397.95635014103397,282890.4654990196,710.8580260090447,445.21184616619365
72110,72818,5844,2197.843241245236,282890.4654990196,128.71275812133982,75.60194786579903
72450,72454,5754,444.05376262081666,3228.8600042574153,7.271326753770987,7.841416401703519
72450,72818,5754,444.05376262081666,282890.4654990196,637.0635479573303,1037.614728492106
72450,72459,5754,444.05376262081666,14536.00087007484,32.73477694296067,42.392036788575126
72739,72818,5844,135.96360275138164,282890.4654990196,2080.6337856191067,1089.9357221915955
72454,72818,5844,3228.8600042574153,282890.4654990196,87.61310961949859,133.56613330847094
72454,72459,5844,3228.8600042574153,14536.00087007484,4.501898766409317,5.399997031287291
72518,72818,5844,490.1389328519812,282890.4654990196,577.1638336358208,774.9590021447474
72654,72660,5844,3373.2387303956175,13205.858788693095,3.9148900638717308,3.3604496886058026
72654,72661,5844,3373.2387303956175,19916.70721503531,5.904327800926041,4.923559169879898
72508,72818,5844,2942.740442047039,282890.4654990196,96.13164024151392,144.74580761644236
72519,72818,5844,940.7829752230645,282890.4654990196,300.69683758036206,385.5899961729722
72682,72660,5844,3033.780189473697,13205.858788693095,4.352938566384422,3.8498238479382074
72682,72661,5844,3033.780189473697,19916.70721503531,6.564980312067525,5.640565181858901
72668,72654,5844,681.6649597871971,3373.2387303956175,4.948528865923634,3.558568717148142
72668,72660,5844,681.6649597871971,13205.858788693095,19.372946487986876,11.958391137422824
72668,72661,5844,681.6649597871971,19916.70721503531,29.217736556757924,17.52082363896248
72753,72660,5844,1284.71754853161,13205.858788693095,10.279192343707734,11.515334005272122
72753,72661,5844,1284.71754853161,19916.70721503531,15.502790662273938,16.871678968480502
48006,72818,5844,285.74222911682494,282890.4654990196,990.0198034199578,580.8698303645235
48002,72818,5804,69.61049919961943,282890.4654990196,4063.905140053445,2337.174051904213
48011,72818,5844,45.808343762933035,282890.4654990196,6175.522672529529,3914.7542080534317
48030,48021,5844,339.84359490734545,9403.425570431646,27.669862581919144,20.253053812430156
48030,72818,5844,339.84359490734545,282890.4654990196,832.413703651371,524.537092753374
48029,48021,5844,1588.3271207132257,9403.425570431646,5.920333064771388,6.684334878464032
48029,72818,5844,1588.3271207132257,282890.4654990196,178.10592151318923,173.118662331683
72738,72818,5844,4007.660222624735,282890.4654990196,70.58743750330866,46.41166494357927
72623,72625,5844,1459.5247702887127,5097.724301480374,3.4927288698717867,4.1422464162323624
72130,72818,5651,847.5239940208629,282890.4654990196,333.7846096331945,238.83691874378752
48021,72818,5844,9403.425570431646,282890.4654990196,30.08376717401232,25.8991605715995
48043,72818,3288,6381.906239034366,282890.4654990196,44.32695418944657,489.0757574022852
72716,72661,5844,845.5061398021678,19916.70721503531,23.555958114858203,23.751038916604852
72696,72661,5844,2982.184614911241,19916.70721503531,6.678562794352049,8.39980089623362
72761,72625,5844,497.7785551179008,5097.724301480374,10.240948006032438,9.32486451726289
48085,48079,5844,1213.7397170590418,11845.172102564362,9.759235803262554,9.348433678369288
48085,72818,5844,1213.7397170590418,282890.4654990196,233.07341889122551,170.5401083773202
48079,72818,5844,11845.172102564362,282890.4654990196,23.882343206965867,18.242639809481826
48091,72818,5844,352.4919145877709,282890.4654990196,802.5445514965976,584.9106433896119
48090,72818,5844,620.144116812148,282890.4654990196,456.16890949997,384.62584573055284
72660,72661,5844,13205.858788693095,19916.70721503531,1.5081720570939368,1.4651489015217498
48088,72818,5844,377.96968360481344,282890.4654990196,748.4475019292711,386.0540021042349
48089,72818,5844,70.56920198723088,282890.4654990196,4008.6958266894826,1287.923381709371
74413,74416,3287,4307.330663828998,12444.4345642971,2.8891291464571776,2.8191658174915717
74413,74422,3287,4307.330663828998,13385.902041129995,3.107702446329163,1.2754878570721473
74428,74413,2557,3047.7598002710815,4307.330663828998,1.4132776026004032,2.131190426896108
74428,74416,2635,3047.7598002710815,12444.4345642971,4.083141513707949,6.037057392081256
74428,74422,2635,3047.7598002710815,13385.902041129995,4.392046262943488,2.7207364944825856
74425,74413,3287,624.9462510652235,4307.330663828998,6.89232179005336,8.234748593638459
74425,74416,5844,624.9462510652235,12444.4345642971,19.91280777040507,22.58484932976537
74425,74422,5844,624.9462510652235,13385.902041129995,21.419285287836626,9.900584596268537
74416,74422,5844,12444.4345642971,13385.902041129995,1.0756536965957417,0.43837284241786845
72423,72818,5844,6889.951170084258,282890.4654990196,41.05841369780856,38.82033252403829
72481,72818,5844,837.1731783454748,282890.4654990196,337.91152513760983,294.37179367540057
72481,72459,5844,837.1731783454748,14536.00087007484,17.363194672340892,11.901271471793539
72481,72478,3592,837.1731783454748,5086.034207168097,6.075247438313477,4.939119044165859
74434,74416,5691,6874.911278766228,12444.4345642971,1.810122932456283,2.001158544406777
74434,74422,5691,6874.911278766228,13385.902041129995,1.9470654235893252,0.8781768095764448
72459,72818,5844,14536.00087007484,282890.4654990196,19.461368228272754,24.73448272926744
72745,72818,5581,547.9044929211944,282890.4654990196,516.3134618421681,651.9850576506113
72752,72818,5844,482.9870102478768,282890.4654990196,585.7102975788844,768.9987251754803
72502,72818,4234,84.80567360512103,282890.4654990196,3335.7492897967754,6458.186318018598
72760,72818,5844,1436.4016607657566,282890.4654990196,196.9438446264456,259.69459411148847
72144,72818,5844,670.8312281387524,282890.4654990196,421.7013961677221,309.97553051351633
72144,72148,5844,670.8312281387524,4873.14313719491,7.264335547877873,6.467867884457796
72144,72145,2192,670.8312281387524,1885.596049339004,2.8108352298545554,2.5664279167509814
72155,72818,5670,3873.2083736307513,282890.4654990196,73.03776048429783,50.35329917750237
72155,72156,5357,3873.2083736307513,5720.2158757609195,1.4768675795252348,1.4573115596105533
72179,72818,5844,136.09374756542235,282890.4654990196,2078.6441005530382,1155.923500949878
72179,72173,2616,136.09374756542235,1383.4594947317787,10.165489006515369,6.786108502938052
72162,72818,5387,1448.738287238328,282890.4654990196,195.26678351152188,145.39450454065823
72162,72155,5387,1448.738287238328,3873.2083736307513,2.67350452994108,2.857204857215755
72162,72156,5357,1448.738287238328,5720.2158757609195,3.948412163983834,4.159262710005336
72172,72818,5844,652.0157197681143,282890.4654990196,433.8706214010116,265.22060540854926
72172,72173,2616,652.0157197681143,1383.4594947317787,2.1218192334746133,1.5223533004781102
72188,72818,5844,1979.7648221057227,282890.4654990196,142.89094459115142,114.37237670014783
72192,72818,5844,25.75912937320293,282890.4654990196,10982.143899370638,1988.4600584204481
72192,72188,5844,25.75912937320293,1979.7648221057227,76.85682203860742,17.385841894617883
72191,72818,5265,11.118313235980953,282890.4654990196,25443.649544207197,7.71570288898862
72191,72173,2616,11.118313235980953,1383.4594947317787,124.43069963658189,0.04315309623940773
72198,72818,5844,231.56296391373425,282890.4654990196,1221.6567827504866,1210.0066158944599
72748,72818,5844,106.65682968376751,282890.4654990196,2652.342717646648,1576.2057303541187
72748,72188,5844,106.65682968376751,1979.7648221057227,18.562007027357108,13.781349796432808
72142,72818,4018,311.7826307949229,282890.4654990196,907.3323449024737,737.1454088380482
72148,72818,5844,4873.14313719491,282890.4654990196,58.050924738865284,47.925457979496386
72504,72818,3918,105.66467764873263,282890.4654990196,2677.2472295751395,3178.0972046149673
72366,72281,5114,126.39550912900295,22278.40220102929,176.25944429949092,118.58738183284565
72366,72818,5114,126.39550912900295,282890.4654990196,2238.1369990787675,1648.502111942662
72227,72818,2375,1039.735369406203,282890.4654990196,272.07929423482,454.82160267861485
72731,72281,4808,620.1071889988067,22278.40220102929,35.92669557177503,25.470464385896104
72731,72818,4808,620.1071889988067,282890.4654990196,456.1960746750252,350.97948136735533
72156,72818,5357,5720.2158757609195,282890.4654990196,49.454508648485,34.83884633559221
72427,72818,5255,836.1941599416446,282890.4654990196,338.3071528731577,311.70719486287675
72427,72423,5255,836.1941599416446,6889.951170084258,8.239654735887042,8.37628303173794
72617,72577,3844,326.1426217958526,12349.310796025444,37.864756001610345,23.633439010097142
74443,74416,2192,346.5575468874315,12444.4345642971,35.90871033127231,26.92890672256879
74443,74422,2192,346.5575468874315,13385.902041129995,38.625337007818764,11.217083392975603
48028,48021,2192,62.41193955053707,9403.425570431646,150.6670941193451,125.31867703164623
48028,72818,2192,62.41193955053707,282890.4654990196,4532.633780271379,3356.708526855948
48063,72818,2192,23.630872092977402,282890.4654990196,11971.224099811732,8279.073233800851
72584,72569,2122,360.5689257681332,6186.781796401092,17.158388741406828,19.614512426697218
72584,72585,2122,360.5689257681332,449.2545234629906,1.245960179474499,2.9503609166014044
72584,72588,2122,360.5689257681332,943.6151840354779,2.617017487087274,5.150895262578086
72584,72577,2122,360.5689257681332,12349.310796025444,34.249514901255715,52.736511581749724
72697,72661,2008,157.90532148209127,19916.70721503531,126.13069039154675,188.6912547593812
72697,72696,2008,157.90532148209127,2982.184614911241,18.885903191359283,20.544654685364574
72590,72569,2161,105.1647657799414,6186.781796401092,58.82941639737981,53.76504686377619
72590,72585,2161,105.1647657799414,449.2545234629906,4.271911035327758,8.148390969564097
72590,72588,2161,105.1647657799414,943.6151840354779,8.972731285400327,14.132457717516012
72590,72577,2161,105.1647657799414,12349.310796025444,117.42821566176006,144.9625294203172
72590,72584,2122,105.1647657799414,360.5689257681332,3.4286096022181827,2.7323227382454025
72173,72818,2616,1383.4594947317787,282890.4654990196,204.4804828592872,193.5152290130592
72762,72818,2192,91.3126740340496,282890.4654990196,3098.0416299443,904.1950990817198
72154,72818,2465,1064.9942917149315,282890.4654990196,265.6262739619841,182.7923247519749
72154,72155,2465,1064.9942917149315,3873.2083736307513,3.636834867343588,3.3958857966253904
72154,72156,2465,1064.9942917149315,5720.2158757609195,5.371123507666704,4.775399631568973
72478,72818,3592,5086.034207168097,282890.4654990196,55.62103084173572,58.891242407083794
72478,72459,3592,5086.034207168097,14536.00087007484,2.8580226317762976,2.4210570842493495
72145,72818,2192,1885.596049339004,282890.4654990196,150.02707796199877,128.97271340609848
72145,72148,2192,1885.596049339004,4873.14313719491,2.584404617788201,2.580382013663873
72158,72818,2192,750.4672050521126,282890.4654990196,376.9524685350849,349.213646980546
72158,72155,2192,750.4672050521126,3873.2083736307513,5.161062798689245,6.664638471419081
72158,72156,2192,750.4672050521126,5720.2158757609195,7.622206323277919,9.39956888673293
72601,72577,2142,8.606730699996591,12349.310796025444,1434.8434064551752,916.0180293386511
72285,72269,5844,1462.340327536122,13139.969378177522,8.985575471557215,6.794089064271878
72285,72281,5844,1462.340327536122,22278.40220102929,15.234758818807848,15.059672216343666
72285,72818,5844,1462.340327536122,282890.4654990196,193.45049860975797,212.82926274182557
73186,73110,5113,1459.0531552429293,17896.464358571186,12.26580696821252,10.932274480021187
71193,71199,5844,2414.0675577356205,6492.843916961402,2.6895866671816124,2.1832646873617736
73190,73110,5478,6976.7353907480265,17896.464358571186,2.5651631251923366,2.652127465378903
71241,71239,5362,1627.8311397483362,3051.3729008836794,1.8745021067451897,1.63838831971103
71245,71239,5370,106.34369987596834,3051.3729008836794,28.69349951565144,26.13629571546529
71245,71241,5798,106.34369987596834,1627.8311397483362,15.307264479672249,16.030119114739733
71109,71104,5655,1161.4017675733517,3758.817585803319,3.236448997022833,2.664054825553425
71153,71131,5117,197.12923690297566,3728.254206231937,18.91274102616718,13.215112126277631
71165,71168,5302,3661.7298934774662,10139.023503486786,2.7689162768524067,2.567480523970913
71085,71086,5817,2310.3998021586985,4276.275041750908,1.8508809764246923,1.5030656294215055
71098,71104,2425,566.7752090471405,3758.817585803319,6.631937187447954,7.636464050569815
49135,49058,5844,40.03695329801381,8118.797223189702,202.7825934395579,200.6091042603742
49014,49127,5844,31.97974403273938,728.3819228205341,22.776352495969025,3.9863496195604657
49128,49001,5478,136.7429078979059,3486.9060371577216,25.499721270817883,33.44024054320122
49093,49090,5844,490.2640362933456,2197.2546526976926,4.481778164497023,4.961100102364309
49055,49058,5388,2706.385865557943,8118.797223189702,2.9998668432729003,2.647731902380006
70575,70002,5088,408.81204394009336,12756.580256261737,31.2040225951148,29.598029905431584
70575,70011,5785,408.81204394009336,42446.51368509086,103.828921662863,105.52159151224797
70575,70619,3032,408.81204394009336,29566.263984439098,72.32238976983685,68.16961495336511
70575,70624,5563,408.81204394009336,6614.274655094482,16.179255853978038,15.81625291307869
70575,70842,2469,408.81204394009336,55694.35714097515,136.23462900994303,156.37236612365163
70163,70153,5006,2353.6671402377306,15090.28434624416,6.411392710661702,6.2441922619627395
70163,70066,4854,2353.6671402377306,221326.14059972268,94.03459682806626,95.96234142359941
70163,70072,4012,2353.6671402377306,284086.0638702646,120.69933722300712,127.94932546785239
70163,70801,4360,2353.6671402377306,347981.7638287289,147.84663382502814,158.01175648776027
70150,70153,4898,1453.8615212665186,15090.28434624416,10.379450948738496,10.458134849778197
70150,70152,5572,1453.8615212665186,8847.59351546481,6.085582007671066,5.592378693839423
70150,70066,5441,1453.8615212665186,221326.14059972268,152.23330238970516,163.1630237263685
70150,70072,4643,1453.8615212665186,284086.0638702646,195.4010472901061,215.10825002822847
70150,70801,4983,1453.8615212665186,347981.7638287289,239.35000599340964,266.052887698993
70147,70098,5583,696.1890500613101,49115.124828239146,70.54854543304553,78.4158367339179
70147,70066,5692,696.1890500613101,221326.14059972268,317.91097630770196,334.5682992649154
70147,70072,4790,696.1890500613101,284086.0638702646,408.0587935780468,454.1097090267848
70147,70801,5149,696.1890500613101,347981.7638287289,499.8380307735144,548.1891156035314
70156,70153,4900,1430.5165544926808,15090.28434624416,10.548835872504661,10.739552588432478
70156,70152,5597,1430.5165544926808,8847.59351546481,6.184894182229527,5.684200130416896
70156,70066,5478,1430.5165544926808,221326.14059972268,154.71763671984482,164.5048680161936
70156,70072,4576,1430.5165544926808,284086.0638702646,198.5898471276434,226.32965659767245
70156,70801,4988,1430.5165544926808,347981.7638287289,243.25602016688111,272.8202687432833
70098,70066,5431,49115.124828239146,221326.14059972268,4.506272586575396,4.331156821243534
70098,70072,4667,49115.124828239146,284086.0638702646,5.784085144112817,5.77230613231612
70098,70801,5020,49115.124828239146,347981.7638287289,7.085022486365624,7.0945475803036535
70169,70066,2839,16469.147493779597,221326.14059972268,13.438834079500328,11.967434999396145
70169,70072,2673,16469.147493779597,284086.0638702646,17.249591332979684,15.248575032886244
70169,70801,2723,16469.147493779597,347981.7638287289,21.129312489317478,19.450250852408395
70158,70153,5114,2003.3753423890603,15090.28434624416,7.532429908141292,7.076759085411866
70158,70152,5811,2003.3753423890603,8847.59351546481,4.416343422153684,3.720507804156614
70158,70066,5692,2003.3753423890603,221326.14059972268,110.47662208709596,106.81228745250867
70158,70072,4790,2003.3753423890603,284086.0638702646,141.80371389191953,143.80300361231704
70158,70801,5149,2003.3753423890603,347981.7638287289,173.6977372466582,177.4951970318504
70153,70066,4962,15090.28434624416,221326.14059972268,14.666797226707581,15.24570407621568
70153,70072,4120,15090.28434624416,284086.0638702646,18.825759498757964,20.632494007304185
70153,70801,4454,15090.28434624416,347981.7638287289,23.05998719734784,25.345162963722178
70584,70153,4961,746.8990869787302,15090.28434624416,20.203913231820422,26.005756047299226
70584,70152,5594,746.8990869787302,8847.59351546481,11.84576828344251,13.596376422872469
70584,70066,5475,746.8990869787302,221326.14059972268,296.3266985571044,390.9498932608529
70584,70072,4573,746.8990869787302,284086.0638702646,380.3540114360251,545.9648128911535
70584,70801,4939,746.8990869787302,347981.7638287289,465.9019804621056,649.6294972115553
70611,70153,4807,69.32594502874488,15090.28434624416,217.67152744888247,177.9747916143432
70611,70066,5403,69.32594502874488,221326.14059972268,3192.544155120473,2748.8700576657934
70611,70072,4501,69.32594502874488,284086.0638702646,4097.831825479954,3782.327297947643
70611,70801,4860,69.32594502874488,347981.7638287289,5019.502636198379,4550.614523097885
70623,70098,4609,2294.067052806976,49115.124828239146,21.409629142331664,20.872504895443917
70623,70066,4521,2294.067052806976,221326.14059972268,96.4776248928349,88.60143235538051
70623,70072,3887,2294.067052806976,284086.0638702646,123.83511786312542,118.84979482955076
70623,70801,4386,2294.067052806976,347981.7638287289,151.6877038981686,145.5047314578719
70152,70153,5081,8847.59351546481,15090.28434624416,1.705580655334999,1.8813364000663932
70152,70066,5680,8847.59351546481,221326.14059972268,25.015405625593466,28.819180312167884
70152,70072,4776,8847.59351546481,284086.0638702646,32.108851223070694,38.76437755895312
70152,70801,5149,8847.59351546481,347981.7638287289,39.33066807606922,47.406357909176045
70271,70072,4679,285.7346919663991,284086.0638702646,994.2302137525242,804.9041038266007
70271,70801,5038,285.7346919663991,347981.7638287289,1217.84919231876,1009.2492059609116
70291,70275,4992,1687.4829830479205,13139.285898749828,7.786322013759059,7.513135871277405
70291,70284,5144,1687.4829830479205,43744.31598459791,25.922819029313835,24.995618710073128
70291,70072,4161,1687.4829830479205,284086.0638702646,168.34899475972804,189.38858474367302
70291,70801,4624,1687.4829830479205,347981.7638287289,206.21349508378836,230.47153081501048
70288,70275,5279,1290.65157784416,13139.285898749828,10.180350858670188,9.9450085145479
70288,70284,5844,1290.65157784416,43744.31598459791,33.89320304219225,32.33363508920766
70288,70072,4790,1290.65157784416,284086.0638702646,220.11057728282313,246.48092226012426
70288,70801,5149,1290.65157784416,347981.7638287289,269.6171219268799,300.40119612189295
70293,70275,4571,4832.95609146578,13139.285898749828,2.718685138056951,2.3870993601243713
70293,70284,4613,4832.95609146578,43744.31598459791,9.05125458554099,7.850944692702848
70293,70072,3648,4832.95609146578,284086.0638702646,58.78101486829452,59.705224219540106
70293,70801,4121,4832.95609146578,347981.7638287289,72.00184674617849,71.21304807736368
70292,70275,3411,464.5657934178883,13139.285898749828,28.282938789104342,24.499022861383224
70292,70284,3411,464.5657934178883,43744.31598459791,94.16172392453532,78.324396710197
70292,70293,3386,464.5657934178883,4832.95609146578,10.40316820553858,10.578228461160089
70292,70072,2446,464.5657934178883,284086.0638702646,611.5087849671322,577.6036816344653
70292,70801,3000,464.5657934178883,347981.7638287289,749.0473228099055,688.2861341062679
70295,70275,5142,964.1829784769785,13139.285898749828,13.627377989502175,12.373087856764311
70295,70284,5707,964.1829784769785,43744.31598459791,45.36930952016633,42.48923975511757
70295,70293,4550,964.1829784769785,4832.95609146578,5.012488499952476,5.183506707605283
70295,70072,4653,964.1829784769785,284086.0638702646,294.6391610428618,317.6567478117081
70295,70801,5122,964.1829784769785,347981.7638287289,360.9084287905602,389.31940337940483
70275,70284,5279,13139.285898749828,43744.31598459791,3.3292765163714173,3.324913085751505
70275,70072,4314,13139.285898749828,284086.0638702646,21.62111899074323,25.283724485661185
70275,70801,4696,13139.285898749828,347981.7638287289,26.484069721158782,30.535444935086
70302,70284,5835,2207.2565022923886,43744.31598459791,19.81841074617581,22.239477701370827
70302,70072,4781,2207.2565022923886,284086.0638702646,128.70550548847476,162.21638516146396
70302,70801,5149,2207.2565022923886,347981.7638287289,157.6535230351913,200.85857798228716
70587,70284,5844,535.6739675091261,43744.31598459791,81.66220245498985,86.08281051438874
70587,70072,4790,535.6739675091261,284086.0638702646,530.3338991649333,637.4531829922275
70587,70801,5149,535.6739675091261,347981.7638287289,649.6148495825503,791.5046536236845
70102,70098,5583,318.56849827569323,49115.124828239146,154.17445571072847,176.42135007314465
70102,70085,4681,318.56849827569323,15674.085593748876,49.20161810909603,51.566500186417805
70102,70091,5458,318.56849827569323,34828.18374916079,109.32714294625589,111.6571068469112
70102,70066,5692,318.56849827569323,221326.14059972268,694.7521233194383,752.9916678959797
70102,70072,4790,318.56849827569323,284086.0638702646,891.7581788781041,1174.9180418287174
70102,70801,5149,318.56849827569323,347981.7638287289,1092.3294855336922,1285.4649799857739
70117,70098,5583,1136.9752224590234,49115.124828239146,43.19806083549834,40.15612048014918
70117,70085,4681,1136.9752224590234,15674.085593748876,13.785775876319741,11.529731556088153
70117,70091,5458,1136.9752224590234,34828.18374916079,30.632315516810653,24.641403119531905
70117,70118,5793,1136.9752224590234,4917.71665629245,4.32526281941002,4.710392653669646
70117,70066,5692,1136.9752224590234,221326.14059972268,194.6622373362224,171.0823960508291
70117,70072,4790,1136.9752224590234,284086.0638702646,249.86126193308763,234.48421343872732
70117,70801,5149,1136.9752224590234,347981.7638287289,306.05923238689587,282.7399405147158
70284,70072,4790,43744.31598459791,284086.0638702646,6.494239479485506,7.360013232911069
70284,70801,5149,43744.31598459791,347981.7638287289,7.954902391232977,9.169067167873363
70118,70098,5532,4917.71665629245,49115.124828239146,9.987384036327922,8.711640882024207
70118,70085,4630,4917.71665629245,15674.085593748876,3.1872689480173984,2.534758781144811
70118,70091,5407,4917.71665629245,34828.18374916079,7.0821859377759155,5.319932320342317
70118,70066,5641,4917.71665629245,221326.14059972268,45.00587489450525,37.03810827184157
70118,70072,4739,4917.71665629245,284086.0638702646,57.76787963307384,51.344616703586006
70118,70801,5098,4917.71665629245,347981.7638287289,70.76084047735239,61.82820377593658
70298,70284,5799,7218.871611628584,43744.31598459791,6.0597165787146,5.886131454055726
70298,70299,3859,7218.871611628584,9681.977560900372,1.3412037340162792,1.4389943134819012
70298,70072,4745,7218.871611628584,284086.0638702646,39.35325063998119,42.889892841836215
70298,70801,5104,7218.871611628584,347981.7638287289,48.204453902210886,53.67290004400515
70299,70284,3893,9681.977560900372,43744.31598459791,4.51811788546739,4.099370353513064
70299,70072,2928,9681.977560900372,284086.0638702646,29.3417395447719,29.767298591189093
70299,70801,3409,9681.977560900372,347981.7638287289,35.941186770977026,37.31385615880738
70120,70098,5528,1634.6415506291332,49115.124828239146,30.046418928563234,31.24654350289621
70120,70085,4626,1634.6415506291332,15674.085593748876,9.588698872677197,9.2416659836376
70120,70091,5403,1634.6415506291332,34828.18374916079,21.306312528123538,19.232612491565998
70120,70066,5637,1634.6415506291332,221326.14059972268,135.39735394254458,134.1572212197179
70120,70072,4735,1634.6415506291332,284086.0638702646,173.79104535849277,189.37505852745565
70120,70801,5094,1634.6415506291332,347981.7638287289,212.87955374363221,222.3179634499627
70129,70098,5583,186.42660798526867,49115.124828239146,263.4555515386527,307.15040188071083
70129,70091,5458,186.42660798526867,34828.18374916079,186.8198114290257,190.96461776955348
70129,70549,5025,186.42660798526867,1013.3242611110002,5.435513052895714,6.027689552040251
70129,70066,5692,186.42660798526867,221326.14059972268,1187.202529679732,1315.6562654712175
70129,70072,4790,186.42660798526867,284086.0638702646,1523.8493417887694,2022.7808864387325
70129,70801,5149,186.42660798526867,347981.7638287289,1866.5885068092114,2251.8677305024103
70139,70098,5503,223.91138382933048,49115.124828239146,219.35072700758988,212.22393929051404
70139,70091,5428,223.91138382933048,34828.18374916079,155.54449779876978,129.462629026031
70139,70066,5612,223.91138382933048,221326.14059972268,988.4541679596857,900.3424415675984
70139,70072,4710,223.91138382933048,284086.0638702646,1268.7432814349468,1315.4679762041344
70139,70801,5114,223.91138382933048,347981.7638287289,1554.1048332494215,1511.0325578134073
70549,70098,4786,1013.3242611110002,49115.124828239146,48.46930712424643,61.36072279466969
70549,70091,4678,1013.3242611110002,34828.18374916079,34.37022588502466,38.421928161208825
70549,70066,4908,1013.3242611110002,221326.14059972268,218.4159099842952,276.94307945358076
70549,70072,4118,1013.3242611110002,284086.0638702646,280.35059928279526,415.10404354194236
70549,70801,4451,1013.3242611110002,347981.7638287289,343.4061308738474,468.529055174682
70135,70098,5137,827.9196117064944,49115.124828239146,59.32354317226989,53.14933930573602
70135,70091,4889,827.9196117064944,34828.18374916079,42.06710803404391,33.060971025262525
70135,70066,5123,827.9196117064944,221326.14059972268,267.32805633572184,230.1835015954473
70135,70072,4221,827.9196117064944,284086.0638702646,343.13242475886165,337.680319385442
70135,70801,4704,827.9196117064944,347981.7638287289,420.30863734641406,384.7571863921151
70091,70098,5197,34828.18374916079,49115.124828239146,1.4102120622187946,1.637313202857719
70091,70066,5375,34828.18374916079,221326.14059972268,6.354799957234512,7.00730718728626
70091,70072,4676,34828.18374916079,284086.0638702646,8.15678663912843,9.596480119664722
70091,70801,4920,34828.18374916079,347981.7638287289,9.991384171364198,11.64136533264277
70085,70098,4444,15674.085593748876,49115.124828239146,3.133524092010011,3.4915560128494434
70085,70091,4424,15674.085593748876,34828.18374916079,2.2220233225631314,2.151311625204876
70085,70066,4529,15674.085593748876,221326.14059972268,14.120513715198275,14.52747601535509
70085,70072,3754,15674.085593748876,284086.0638702646,18.12457014931471,19.9432309772572
70085,70801,4112,15674.085593748876,347981.7638287289,22.201088653459355,24.49829687951711
70597,70098,5583,317.6934647035903,49115.124828239146,154.5991034913602,151.35516486292286
70597,70066,5692,317.6934647035903,221326.14059972268,696.6657019722492,636.2593194011341
70597,70072,4790,317.6934647035903,284086.0638702646,894.2143777975366,900.1384684537493
70597,70801,5149,317.6934647035903,347981.7638287289,1095.3381246082533,1072.5159812835066
70583,70098,5583,827.914689969887,49115.124828239146,59.32389583524066,64.6120408252109
70583,70085,4681,827.914689969887,15674.085593748876,18.932005656668533,18.81377006788281
70583,70091,5458,827.914689969887,34828.18374916079,42.06735811201461,39.81876750679262
70583,70066,5692,827.914689969887,221326.14059972268,267.32964553119933,275.6883070519765
70583,70072,4790,827.914689969887,284086.0638702646,343.13446459151174,395.29974435454267
70583,70801,5149,827.914689969887,347981.7638287289,420.31113597149204,464.9838649560083
70616,70098,5297,1653.6646423108177,49115.124828239146,29.70077703276407,30.1303695091799
70616,70091,5260,1653.6646423108177,34828.18374916079,21.061213294427194,18.352907181738317
70616,70066,5436,1653.6646423108177,221326.14059972268,133.83979734273288,127.6426961487267
70616,70072,4604,1653.6646423108177,284086.0638702646,171.7918232038178,182.8091680371568
70616,70801,4991,1653.6646423108177,347981.7638287289,210.4306731396651,216.18443522184515
70566,70098,5583,1804.3606348978951,49115.124828239146,27.220237395069564,26.5913279268498
70566,70066,5692,1804.3606348978951,221326.14059972268,122.66180957347645,112.28669054635294
70566,70072,4790,1804.3606348978951,284086.0638702646,157.44417073604603,156.90763553692827
70566,70801,5149,1804.3606348978951,347981.7638287289,192.85599402827827,186.9674182941913
70614,70098,5583,596.0454156541844,49115.124828239146,82.40164849574974,110.83860177600735
70614,70091,5458,596.0454156541844,34828.18374916079,58.43209734435324,69.5290036095135
70614,70066,5692,596.0454156541844,221326.14059972268,371.32428970501877,474.9432107156687
70614,70072,4790,596.0454156541844,284086.0638702646,476.6181509146723,726.4725474658884
70614,70801,5149,596.0454156541844,347981.7638287289,583.817532505983,808.6154375258268
70270,70072,4475,1463.089057465222,284086.0638702646,194.16867511977645,138.7457087118324
70270,70801,4855,1463.089057465222,347981.7638287289,237.8404527415451,173.60676552291983
70557,70801,4855,253.36914555989748,347981.7638287289,1373.41807369542,1363.187214485416
70021,70002,5064,896.7829972963893,12756.580256261737,14.22482394817935,11.608529465959903
70021,70011,5761,896.7829972963893,42446.51368509086,47.33197865376362,41.12970991278074
70021,70619,3000,896.7829972963893,29566.263984439098,32.969251283281594,28.441145772058803
70021,70842,2469,896.7829972963893,55694.35714097515,62.10460870565325,56.9203393046132
70025,70011,5652,3445.4314222135677,42446.51368509086,12.319651295749917,11.7758511695802
70025,70027,5521,3445.4314222135677,7058.46700426803,2.0486453332840435,2.0159166155318733
70025,70619,3081,3445.4314222135677,29566.263984439098,8.581295159096163,7.817520355517905
70025,70842,2464,3445.4314222135677,55694.35714097515,16.16469762883671,16.078656263212515
70311,70801,4846,7863.931159324449,347981.7638287289,44.25035733128445,45.35999789992997
70036,70011,5765,1043.1896492367616,42446.51368509086,40.68916300707775,43.14431884631009
70036,70842,2440,1043.1896492367616,55694.35714097515,53.38852545337593,52.592435248890084
70043,70842,2461,1672.2644345062056,55694.35714097515,33.30475491301162,27.48474162034987
70596,70842,2469,350.93081807085935,55694.35714097515,158.70466277980023,88.28407537175345
70574,70011,5844,495.77312398006455,42446.51368509086,85.61681065792843,86.29975915010317
70574,70619,3083,495.77312398006455,29566.263984439098,59.63668168835223,62.172527033074964
70574,70842,2469,495.77312398006455,55694.35714097515,112.33839521969462,128.15696361804288
70609,70002,5147,791.9151699381725,12756.580256261737,16.108518614762342,14.181071362843625
70609,70011,5844,791.9151699381725,42446.51368509086,53.59982394124967,48.393654253844424
70609,70619,3083,791.9151699381725,29566.263984439098,37.33514031148997,34.25306412847995
70609,70842,2469,791.9151699381725,55694.35714097515,70.32869081839081,72.10348010974865
70002,70011,5147,12756.580256261737,42446.51368509086,3.327421051128136,3.4358189492367255
70002,70619,2820,12756.580256261737,29566.263984439098,2.3177264902108936,2.323875560469371
70002,70842,2469,12756.580256261737,55694.35714097515,4.365931622907858,4.697703001744876
70031,70011,5643,5490.8696055130395,42446.51368509086,7.730380929547656,6.95438535751624
70031,70619,3083,5490.8696055130395,29566.263984439098,5.384623221566481,5.096049678590118
70031,70842,2469,5490.8696055130395,55694.35714097515,10.143085001518871,9.503240654048406
70027,70011,5654,7058.46700426803,42446.51368509086,6.013559836636596,5.825377347748751
70027,70619,3082,7058.46700426803,29566.263984439098,4.188765629500191,3.9414990477195184
70027,70842,2466,7058.46700426803,55694.35714097515,7.890432456126599,7.68516074370366
70011,70842,2469,42446.51368509086,55694.35714097515,1.31210675049003,1.3410804415595445
70619,70011,3083,29566.263984439098,42446.51368509086,1.435640083151213,1.4590461668799561
70624,70002,4978,6614.274655094482,12756.580256261737,1.9286438682186104,1.960249285269173
70624,70011,5622,6614.274655094482,42446.51368509086,6.417410207239803,6.612876912615787
70624,70619,2989,6614.274655094482,29566.263984439098,4.470068983553081,4.4318958710354535
70624,70842,2461,6614.274655094482,55694.35714097515,8.420327253582968,9.487392294020434
70207,70066,5093,907.8313837734081,221326.14059972268,243.79652935083482,226.65197598735622
70207,70072,4485,907.8313837734081,284086.0638702646,312.9282253819633,290.6082979646028
70207,70180,4764,907.8313837734081,25987.074962383696,28.625442374957583,29.860207993588606
70207,70605,5176,907.8313837734081,69063.13141687344,76.07484457059857,72.29796246515367
70207,70801,4609,907.8313837734081,347981.7638287289,383.3110091241173,369.44510401156083
70206,70066,5692,1320.1197036025164,221326.14059972268,167.65611481726904,135.8452495743239
70206,70072,4790,1320.1197036025164,284086.0638702646,215.1971999925561,177.07258379823344
70206,70180,5432,1320.1197036025164,25987.074962383696,19.685392840866434,17.827262467075695
70206,70605,5844,1320.1197036025164,69063.13141687344,52.31580986815428,43.34494550934742
70206,70615,2310,1320.1197036025164,118664.56559151846,89.88924660975135,73.63233462943194
70206,70801,5149,1320.1197036025164,347981.7638287289,263.5986440313787,221.47831646924072
70066,70072,4767,221326.14059972268,284086.0638702646,1.2835630852301618,1.2896961703344427
70066,70801,5140,221326.14059972268,347981.7638287289,1.572257858406649,1.6221711593541255
70180,70066,5301,25987.074962383696,221326.14059972268,8.516777702765408,7.686721304829599
70180,70072,4428,25987.074962383696,284086.0638702646,10.931821464381018,9.82965585916865
70180,70605,5432,25987.074962383696,69063.13141687344,2.657595420679024,2.4558351191963883
70180,70615,2310,25987.074962383696,118664.56559151846,4.566291733997977,4.119448704839809
70180,70801,4803,25987.074962383696,347981.7638287289,13.390570671475441,12.461589800874737
70211,70066,5692,1944.6049561035068,221326.14059972268,113.81547697132477,100.37781549504177
70211,70072,4790,1944.6049561035068,284086.0638702646,146.08934476825604,129.8123816766055
70211,70180,5432,1944.6049561035068,25987.074962383696,13.36367825291116,13.037110537052719
70211,70605,5844,1944.6049561035068,69063.13141687344,35.51525012836456,31.965029464420557
70211,70615,2310,1944.6049561035068,118664.56559151846,61.02245354207676,52.2735688958181
70211,70801,5149,1944.6049561035068,347981.7638287289,178.94727807646635,163.12502672539884
70217,70066,5692,4143.781262859096,221326.14059972268,53.41163699529199,46.68365294260694
70217,70072,4790,4143.781262859096,284086.0638702646,68.55720556887044,60.986968714613226
70217,70221,5783,4143.781262859096,11576.34594142261,2.79366723460573,2.474496666191468
70217,70605,5844,4143.781262859096,69063.13141687344,16.666693301572042,14.84640708327719
70217,70615,2310,4143.781262859096,118664.56559151846,28.636783185230954,25.59584042919288
70217,70801,5149,4143.781262859096,347981.7638287289,83.97686599621113,76.34740742772992
70209,70066,5692,1550.0021504568501,221326.14059972268,142.79086034460576,131.26709868396208
70209,70072,4790,1550.0021504568501,284086.0638702646,183.28107724659134,168.37332867421233
70209,70180,5432,1550.0021504568501,25987.074962383696,16.765831553668633,17.061924496083535
70209,70605,5844,1550.0021504568501,69063.13141687344,44.55679716090565,41.94933647116412
70209,70615,2310,1550.0021504568501,118664.56559151846,76.55767803711954,70.14540786494459
70209,70801,5149,1550.0021504568501,347981.7638287289,224.50405228545273,213.24533639975104
70213,70066,5692,4013.300067638906,221326.14059972268,55.1481665635664,38.84016040601346
70213,70072,4790,4013.300067638906,284086.0638702646,70.78615081911813,49.67214625599286
70213,70212,5844,4013.300067638906,9036.144817425955,2.251549763320358,1.6921294559328974
70213,70605,5844,4013.300067638906,69063.13141687344,17.208564087634862,12.424122108017375
70213,70615,2310,4013.300067638906,118664.56559151846,29.567827870227227,22.24350778444025
70213,70801,5149,4013.300067638906,347981.7638287289,86.70713825628607,62.95712640389327
70230,70066,5305,1260.7223211530259,221326.14059972268,175.55502657976515,166.10757818307636
70230,70072,4403,1260.7223211530259,284086.0638702646,225.33595154438643,216.94164487474043
70230,70605,5457,1260.7223211530259,69063.13141687344,54.78060494218107,52.5314405427629
70230,70615,2310,1260.7223211530259,118664.56559151846,94.12426796964358,93.38184847184658
70230,70801,4762,1260.7223211530259,347981.7638287289,276.0177701228239,271.1124178527562
70212,70066,5692,9036.144817425955,221326.14059972268,24.493425578229044,22.996270549782768
70212,70072,4790,9036.144817425955,284086.0638702646,31.43885690304703,29.25528001091417
70212,70605,5844,9036.144817425955,69063.13141687344,7.642986341220108,7.34230000219916
70212,70615,2310,9036.144817425955,118664.56559151846,13.132211577959346,13.432319721050535
70212,70801,5149,9036.144817425955,347981.7638287289,38.50998084466903,37.248446022562675
70072,70801,4488,284086.0638702646,347981.7638287289,1.2249166998478458,1.2578673859204195
70167,70169,2879,7349.398115252754,16469.147493779597,2.2408838432088674,2.680758393909534
70167,70066,5691,7349.398115252754,221326.14059972268,30.114866160316996,29.911088162895975
70167,70072,4786,7349.398115252754,284086.0638702646,38.65433052002988,38.93114321589695
70167,70801,5147,7349.398115252754,347981.7638287289,47.348334975422866,49.106754254196616
70231,70066,5692,105.62242583661921,221326.14059972268,2095.4464816219843,2253.647832205492
70231,70072,4790,105.62242583661921,284086.0638702646,2689.6377508854016,2957.7045969060628
70231,70605,5844,105.62242583661921,69063.13141687344,653.8680670306031,714.6490265071545
70231,70615,2310,105.62242583661921,118664.56559151846,1123.478888612853,1147.3885808267182
70231,70801,5149,105.62242583661921,347981.7638287289,3294.5821976007283,3606.0393969742686
70215,70066,4452,6004.768533862357,221326.14059972268,36.85839668117272,36.611588926822584
70215,70072,3728,6004.768533862357,284086.0638702646,47.31007736072321,46.93130432931184
70215,70605,4604,6004.768533862357,69063.13141687344,11.50138111526024,11.728845126219946
70215,70615,2190,6004.768533862357,118664.56559151846,19.761721858609533,21.015268207154982
70215,70801,4183,6004.768533862357,347981.7638287289,57.95090383024336,59.099325567136724
70390,70382,5619,1979.8807583541577,16091.238475231454,8.127377574297876,10.4968979308599
70390,70844,5569,1979.8807583541577,56001.51979095881,28.285299281110216,34.02173840791934
70221,70066,5631,11576.34594142261,221326.14059972268,19.11882572615345,18.81460890514756
70221,70072,4729,11576.34594142261,284086.0638702646,24.54021893503931,24.326067151245677
70221,70605,5783,11576.34594142261,69063.13141687344,5.965883515086653,5.9968693340784665
70221,70615,2310,11576.34594142261,118664.56559151846,10.250606382356938,11.283501088399692
70221,70801,5088,11576.34594142261,347981.7638287289,30.059723991451968,30.668796509369756
70586,70066,5692,508.1824906527668,221326.14059972268,435.52492396073404,314.55920018275395
70586,70072,4790,508.1824906527668,284086.0638702646,559.0237150936714,403.12231349848025
70586,70180,5432,508.1824906527668,25987.074962383696,51.137289143911616,40.98219412100592
70586,70605,5844,508.1824906527668,69063.13141687344,135.9022254547987,100.6513527389959
70586,70615,2310,508.1824906527668,118664.56559151846,233.5077807169081,166.9168435933979
70586,70801,5149,508.1824906527668,347981.7638287289,684.7574842292223,508.51219338332317
70378,70382,5844,6426.934173819138,16091.238475231454,2.5037191979934974,2.3001727559003684
70378,70844,5729,6426.934173819138,56001.51979095881,8.713566729699442,7.465978547268705
70394,70844,3860,6843.590174666936,56001.51979095881,8.18306157464847,10.160016839180079
70382,70844,5729,16091.238475231454,56001.51979095881,3.4802491975468217,3.2452676722548586
70605,70066,5692,69063.13141687344,221326.14059972268,3.2046930983156736,3.135567220485937
70605,70072,4790,69063.13141687344,284086.0638702646,4.113425760489872,4.0131990612866595
70605,70615,2310,69063.13141687344,118664.56559151846,1.718204245261408,1.7786099653628744
70605,70801,5149,69063.13141687344,347981.7638287289,5.03860390760837,5.0836396949807146
70250,70066,5692,4937.022774245545,221326.14059972268,44.829880419894316,42.62264178856833
70250,70072,4790,4937.022774245545,284086.0638702646,57.541979622258765,54.438168262225474
70250,70615,2310,4937.022774245545,118664.56559151846,24.0356528656387,24.550562519885965
70250,70801,5149,4937.022774245545,347981.7638287289,70.48413178160921,68.91827890273152
70620,70066,2588,323.1635814130316,221326.14059972268,684.8733995086171,746.8413059636988
70620,70801,2330,323.1635814130316,347981.7638287289,1076.7975843910997,1262.46676797098
70393,70844,5448,115.2383333356249,56001.51979095881,485.96259742717433,528.1222441410756
70615,70066,2307,118664.56559151846,221326.14059972268,1.865140950008601,1.807281989200012
70615,70801,2170,118664.56559151846,347981.7638287289,2.9324825156870657,2.975203240375654
70252,70066,5664,5044.673342968459,221326.14059972268,43.87323530238467,43.71898114615313
70252,70072,4762,5044.673342968459,284086.0638702646,56.31406526375772,57.700452024779246
70252,70615,2282,5044.673342968459,118664.56559151846,23.522745185655996,25.478613746804243
70252,70801,5121,5044.673342968459,347981.7638287289,68.9800389778983,72.43839600121377
70542,70827,5753,18.59105617497689,309960.52680060593,16672.561466292875,32782.28743590977
70494,70827,5397,8591.371468632007,309960.52680060593,36.078119533336924,42.41975968830137
70494,70850,5479,8591.371468632007,246271.41723552888,28.664971376769294,31.782763568211546
70499,70827,5762,5474.130754206532,309960.52680060593,56.622784642551764,57.0524494207447
70499,70850,5813,5474.130754206532,246271.41723552888,44.98822338985682,42.82112790275681
70540,70827,5379,8490.572939858352,309960.52680060593,36.50643236871798,44.386766546232955
70458,70827,5666,4352.0107636991925,309960.52680060593,71.22237136590643,91.46819129654075
70458,70850,5748,4352.0107636991925,246271.41723552888,56.58796142916685,67.69923004124648
70589,70827,5762,1631.000469210463,309960.52680060593,190.0431867752019,225.9864688412782
70589,70458,5748,1631.000469210463,4352.0107636991925,2.6683074872479464,2.4593911418837235
70589,70850,5844,1631.000469210463,246271.41723552888,150.99408116954393,166.8935767066893
70466,70827,5762,27203.910548278724,309960.52680060593,11.393969490177511,8.639615265075742
70466,70850,5844,27203.910548278724,246271.41723552888,9.05279470017634,6.482870270868923
70328,70331,5844,3135.3251769743606,17202.165373915843,5.48656499818504,5.383741160026784
70328,70334,5844,3135.3251769743606,36883.748518459564,11.763930832224865,11.086415263776743
70328,70801,5149,3135.3251769743606,347981.7638287289,110.98745558651652,94.95087795295188
70345,70331,5844,1035.8782060655856,17202.165373915843,16.60635900358609,16.38153736004409
70345,70334,5844,1035.8782060655856,36883.748518459564,35.60625979240296,33.733517350529205
70345,70801,5149,1035.8782060655856,347981.7638287289,335.92922584056834,288.5645504245411
70340,70331,5844,1635.5637294297687,17202.165373915843,10.517575722905823,9.87439881817854
70340,70334,5844,1635.5637294297687,36883.748518459564,22.551092234919455,20.333757237676892
70340,70801,5149,1635.5637294297687,347981.7638287289,212.75952600761758,173.61998989549258
70339,70328,5844,582.1249680123276,3135.3251769743606,5.386000170513154,4.70923229005146
70339,70331,5844,582.1249680123276,17202.165373915843,29.550640015756127,25.35328771207724
70339,70334,5844,582.1249680123276,36883.748518459564,63.36053346826807,52.20850474109682
70339,70801,5149,582.1249680123276,347981.7638287289,597.778454713799,447.41271315156155
70348,70334,5844,2662.5556299823925,36883.748518459564,13.8527616486659,11.72612806146007
70348,70801,5149,2662.5556299823925,347981.7638287289,130.69464536635056,101.53578882057646
70579,70331,5835,2443.356808773539,17202.165373915843,7.040382031861568,7.291328578489746
70579,70334,5835,2443.356808773539,36883.748518459564,15.09552284218924,15.011532971307297
70579,70801,5140,2443.356808773539,347981.7638287289,142.4195445295609,126.63854141015989
70331,70334,5844,17202.165373915843,36883.748518459564,2.1441340503787676,2.05924002180699
70331,70801,5149,17202.165373915843,347981.7638287289,20.22895119682921,17.54564375689364
70325,70801,5148,271.7704525568584,347981.7638287289,1280.4253021432708,1830.2507801123672
70376,70374,5267,1288.18308080087,5233.747401230405,4.062890965759741,3.981456951748758
70334,70801,5149,36883.748518459564,347981.7638287289,9.434555266381645,8.572125857479017
70377,70374,5332,1601.9608643573774,5233.747401230405,3.2670881777938496,2.8229407595420586
70175,70066,5692,1196.202819182339,221326.14059972268,185.02392491518248,163.24279094621167
70175,70072,4790,1196.202819182339,284086.0638702646,237.4898799055254,209.55615572271267
70175,70180,5432,1196.202819182339,25987.074962383696,21.724639455495588,21.40335910660942
70175,70605,5844,1196.202819182339,69063.13141687344,57.73530233282793,52.23718672148211
70175,70615,2310,1196.202819182339,118664.56559151846,99.20104156971581,95.53357925831926
70175,70801,5149,1196.202819182339,347981.7638287289,290.9053199411374,264.7996371215798
70175,70176,5365,1196.202819182339,4652.719280023267,3.889573912895156,4.478050469936768
70408,70827,5620,4383.73964230894,309960.52680060593,70.70687406000873,59.52091150564682
70408,70410,5702,4383.73964230894,9545.868322984907,2.177562789280306,1.9264252539534406
70408,70414,5702,4383.73964230894,35493.82211285874,8.096699395715925,7.555232096162778
70408,70850,5702,4383.73964230894,246271.41723552888,56.17838588283868,43.8811410416688
70176,70066,5234,4652.719280023267,221326.14059972268,47.56920142377812,36.70390963014282
70176,70072,4361,4652.719280023267,284086.0638702646,61.058070941439645,47.2285624627441
70176,70180,5030,4652.719280023267,25987.074962383696,5.585352005645555,4.8365446484758925
70176,70605,5365,4652.719280023267,69063.13141687344,14.84360591308403,11.716584019390822
70176,70615,2310,4652.719280023267,118664.56559151846,25.50434669484832,21.281451826269095
70176,70801,4781,4652.719280023267,347981.7638287289,74.79105075666389,59.580123975226336
70205,70066,4559,904.4321988772462,221326.14059972268,244.7128053097567,182.04950652567985
70205,70072,3663,904.4321988772462,284086.0638702646,314.10432337871924,229.33105725576928
70205,70180,4452,904.4321988772462,25987.074962383696,28.73302719058854,24.057386305307464
70205,70605,4628,904.4321988772462,69063.13141687344,76.360761483954,58.1640362685761
70205,70615,2310,904.4321988772462,118664.56559151846,131.20338455312356,103.0473892492671
70205,70801,4066,904.4321988772462,347981.7638287289,384.7516312010013,291.491238270333
70205,70176,4323,904.4321988772462,4652.719280023267,5.144353867320414,4.909040286389628
70559,70827,5762,1222.439119418901,309960.52680060593,253.5590704492088,365.36901997583936
70559,70414,5844,1222.439119418901,35493.82211285874,29.035247276552383,46.68967908017396
70559,70850,5844,1222.439119418901,246271.41723552888,201.45904472739429,270.67187437992294
70410,70827,5762,9545.868322984907,309960.52680060593,32.470647647031875,30.833269037839962
70410,70414,5844,9545.868322984907,35493.82211285874,3.7182392331345446,3.9353359177613174
70410,70850,5844,9545.868322984907,246271.41723552888,25.79874443088086,22.814137303149806
70442,70827,4347,7299.782100325,309960.52680060593,42.46161358526111,31.261912958617216
70442,70414,4429,7299.782100325,35493.82211285874,4.862312549203145,3.9854816313499835
70442,70444,4429,7299.782100325,10492.075228922999,1.4373134820635087,1.4076458151429014
70442,70850,4429,7299.782100325,246271.41723552888,33.736817599605395,23.16562620601762
70444,70827,5762,10492.075228922999,309960.52680060593,29.5423469654652,22.44468573735512
70444,70414,5844,10492.075228922999,35493.82211285874,3.3829172340486684,2.8671866985088608
70444,70850,5844,10492.075228922999,246271.41723552888,23.472136051469047,16.621806214387128
70531,70827,5762,4806.746630548885,309960.52680060593,64.48447372505078,92.70191853596626
70248,70066,5692,259.0014815133792,221326.14059972268,854.5361953394452,135.6932330244125
70248,70072,4790,259.0014815133792,284086.0638702646,1096.8511153307425,171.2377889519524
70248,70615,2310,259.0014815133792,118664.56559151846,458.16172516908415,79.44311103579663
70248,70801,5149,259.0014815133792,347981.7638287289,1343.551248415362,219.34035413713698
70248,70238,5773,259.0014815133792,17903.481458159888,69.12501563136831,13.65120679602223
70248,70242,5844,259.0014815133792,23797.69773249976,91.88247724857298,18.154983166779605
70248,70246,5844,259.0014815133792,2715.669407944108,10.485150092872443,3.1256355791328256
70246,70066,5692,2715.669407944108,221326.14059972268,81.49966264386988,43.49537322095869
70246,70072,4790,2715.669407944108,284086.0638702646,104.609958428383,55.1849526577097
70246,70615,2310,2715.669407944108,118664.56559151846,43.69624860978687,25.25470090585945
70246,70801,5149,2715.669407944108,347981.7638287289,128.13848504931525,70.367862155251
70246,70238,5773,2715.669407944108,17903.481458159888,6.592658666694516,4.371697031673461
70246,70242,5844,2715.669407944108,23797.69773249976,8.763105576431617,5.808413267363853
70414,70827,5762,35493.82211285874,309960.52680060593,8.732802170897033,7.821080677415566
70414,70850,5844,35493.82211285874,246271.41723552888,6.938430481013467,5.797252834296295
70459,70827,5479,185.96656172427893,309960.52680060593,1666.7540870071316,2227.749827650483
70459,70458,5383,185.96656172427893,4352.0107636991925,23.402114462661565,24.691578048094595
70459,70589,5479,185.96656172427893,1631.000469210463,8.77039643088442,10.030837791559136
70459,70850,5479,185.96656172427893,246271.41723552888,1324.2779505740402,1672.8580268326307
70517,70827,5762,2446.441472553163,309960.52680060593,126.69852529810328,195.06576416190362
70517,70512,5844,2446.441472553163,22563.62273939688,9.223038029946803,9.915350915059452
70517,70850,5844,2446.441472553163,246271.41723552888,100.66515794408699,144.99960207750595
70517,70509,5046,2446.441472553163,14926.596102352622,6.101350173227272,6.62345690611296
70522,70827,5762,4287.554554296518,309960.52680060593,72.29308056033885,89.31552269812633
70522,70512,5844,4287.554554296518,22563.62273939688,5.262585572651451,4.536122119401916
70522,70850,5844,4287.554554296518,246271.41723552888,57.4386667543956,66.3351108723021
70522,70509,5046,4287.554554296518,14926.596102352622,3.48137753428579,3.056409101425835
70601,70066,5692,2704.402168886013,221326.14059972268,81.83921132221636,62.66684045453671
70601,70072,4790,2704.402168886013,284086.0638702646,105.04579057754722,80.41724192787993
70601,70615,2310,2704.402168886013,118664.56559151846,43.87829848561256,33.685300889626006
70601,70801,5149,2704.402168886013,347981.7638287289,128.6723431271571,100.49207259407945
70601,70238,5773,2704.402168886013,17903.481458159888,6.620125388205342,6.303160533856629
70601,70242,5844,2704.402168886013,23797.69773249976,8.799614941257948,8.330814825822785
70512,70827,5762,22563.62273939688,309960.52680060593,13.73717910375287,19.69051913655867
70512,70850,5844,22563.62273939688,246271.41723552888,10.914533542768835,14.623748904063529
70238,70066,5621,17903.481458159888,221326.14059972268,12.362184478865625,9.894870127735583
70238,70072,4719,17903.481458159888,284086.0638702646,15.867643649877182,12.511585228013265
70238,70615,2310,17903.481458159888,118664.56559151846,6.628016225159079,5.47442172518535
70238,70801,5078,17903.481458159888,347981.7638287289,19.436541693969186,15.866410578058938
70238,70242,5773,17903.481458159888,23797.69773249976,1.3292217934324422,1.3283928698052179
70533,70827,5762,20738.23329820112,309960.52680060593,14.946332329451254,21.18265952637273
70242,70066,5692,23797.69773249976,221326.14059972268,9.300317328489495,7.449588687890662
70242,70072,4790,23797.69773249976,284086.0638702646,11.937544003775512,9.4418666337109
70242,70615,2310,23797.69773249976,118664.56559151846,4.986388470236851,4.2064834129820525
70242,70801,5149,23797.69773249976,347981.7638287289,14.62249700539314,11.985208640987297
70509,70827,5046,14926.596102352622,309960.52680060593,20.765653781691878,28.212784007457902
70509,70512,5046,14926.596102352622,22563.62273939688,1.5116388615781307,1.4892108228612222
70509,70850,5046,14926.596102352622,246271.41723552888,16.498833059247403,21.299749416274224
70617,70827,5762,1067.988981642624,309960.52680060593,290.2282065905494,348.0466260769781
70617,70512,5844,1067.988981642624,22563.62273939688,21.12720554915541,17.67297504257339
70617,70850,5844,1067.988981642624,246271.41723552888,230.5935936312286,258.4451494103747
70617,70509,5046,1067.988981642624,14926.596102352622,13.976357770465686,11.871040514692059
70121,70098,4700,1572.381097711089,49115.124828239146,31.23614555004248,30.347848489230397
70121,70085,3928,1572.381097711089,15674.085593748876,9.968375743365016,8.900857994370408
70121,70091,4686,1572.381097711089,34828.18374916079,22.149963389829654,19.21779683288501
70121,70066,4859,1572.381097711089,221326.14059972268,140.7585864024355,137.63788211351485
70121,70072,4076,1572.381097711089,284086.0638702646,180.6725254353464,190.59824968501977
70121,70801,4327,1572.381097711089,347981.7638287289,221.30879360944047,228.18870363564272
70486,70827,5083,974.3540013630003,309960.52680060593,318.11900640527944,315.25724632613435
70486,70850,5083,974.3540013630003,246271.41723552888,252.75353402462116,238.02617153484923
70497,70494,2813,2260.15009934558,8591.371468632007,3.801239338537566,4.26524425126039
70497,70827,2813,2260.15009934558,309960.52680060593,137.14156723058088,179.1220797473205
70497,70850,2813,2260.15009934558,246271.41723552888,108.96241683542878,134.07707959722634
70850,70827,5762,246271.41723552888,309960.52680060593,1.2586134853975608,1.336799917421705
70273,70284,2557,1467.335087957779,43744.31598459791,29.81208337727463,27.310676979326853
70273,70072,2468,1467.335087957779,284086.0638702646,193.6068088344105,204.0635546552781
70273,70801,2268,1467.335087957779,347981.7638287289,237.15221334551885,256.6836303739019
70016,70002,3282,1618.9120343060067,12756.580256261737,7.879724151738864,7.266077694299447
70016,70011,3811,1618.9120343060067,42446.51368509086,26.21916001957869,26.132833797605336
70016,70624,3589,1618.9120343060067,6614.274655094482,4.085629431947414,3.819474369922467
48075,48079,5844,7988.469577862205,11845.172102564362,1.4827836530028131,1.569689547937525
48075,72818,5844,7988.469577862205,282890.4654990196,35.41234810269177,28.635281035732625
19087,19063,5479,790.7193828270678,82551.78150309673,104.40085736604614,24.293359792607596
19087,19050,5479,790.7193828270678,22494.749492120714,28.448460959303905,10.92328320069387
19087,19039,5479,790.7193828270678,2650.5374804900084,3.3520583130433863,2.267301524564719
19087,19049,5479,790.7193828270678,17132.572933830845,21.66707090520099,8.704204252422574
19092,19063,5844,502.26796909314675,82551.78150309673,164.35804507332085,28.894473740513735
19092,19050,5844,502.26796909314675,22494.749492120714,44.78635086512756,12.821156097008444
19092,19049,5844,502.26796909314675,17132.572933830845,34.11042309698544,10.216729803541538
19122,19063,5844,1737.6248463237923,82551.78150309673,47.50840302367193,37.090201933898186
19122,19123,5844,1737.6248463237923,3673.653955049011,2.114181299157399,1.9728384700463473
19106,19108,5828,215.11687712526793,1912.3929390226865,8.890018136090049,4.92987754926129
19106,19063,5828,215.11687712526793,82551.78150309673,383.75316063660017,62.75612843731048
19106,19050,5828,215.11687712526793,22494.749492120714,104.56989610825123,27.852933238881725
19106,19049,5828,215.11687712526793,17132.572933830845,79.64309059699727,22.201137455477824
19111,19063,5844,52.52347481029697,82551.78150309673,1571.712111608291,371.34279969306556
19111,19050,5844,52.52347481029697,22494.749492120714,428.27991813882676,164.77351493304212
19111,19313,5844,52.52347481029697,949.7528997419327,18.08244605240281,9.122889707366648
19167,19158,5844,326.8782985212176,6326.347692681027,19.353832057071802,12.23354039214188
19167,19159,5844,326.8782985212176,29564.079706396416,90.44369063392386,78.191926580025
19154,19158,5844,4420.158401490744,6326.347692681027,1.4312490906541724,1.9770853829330393
19154,19159,5844,4420.158401490744,29564.079706396416,6.688466118414586,12.636743751141891
19108,19063,5844,1912.3929390226865,82551.78150309673,43.16674665473518,12.736272598508256
19108,19050,5844,1912.3929390226865,22494.749492120714,11.76261898541441,5.651383048052094
19108,19049,5844,1912.3929390226865,17132.572933830845,8.958709574919427,4.503389022128464
19153,19154,5844,3396.130335327205,4420.158401490744,1.3015279053078148,1.2402774205076748
19153,19158,5844,3396.130335327205,6326.347692681027,1.8628106309328396,2.4521343588676183
19153,19159,5844,3396.130335327205,29564.079706396416,8.705225296822427,15.673067943282744
19172,19159,5844,1879.0259476639517,29564.079706396416,15.733726159104487,8.337980498328688
19172,19382,5844,1879.0259476639517,6491.781919082128,3.4548654994109373,2.2542019936239632
19170,19159,5844,678.1577380891497,29564.079706396416,43.59469492997212,29.65188195623627
76454,76289,5844,2131.0521419468687,100075.67001471936,46.96068577810258,28.650010235372207
76454,76295,5844,2131.0521419468687,121118.77593273933,56.83520057941363,34.9040087507263
76454,77801,5844,2131.0521419468687,1390177.9012785743,652.3434475932378,354.6710723568444
76456,76289,5844,1359.5308939091299,100075.67001471936,73.61044200103947,52.41153757769878
76456,76295,5844,1359.5308939091299,121118.77593273933,89.08865291356507,63.85242976257011
76456,77801,5844,1359.5308939091299,1390177.9012785743,1022.5423397928997,648.8254658144269
76688,76367,5844,1460.8493704441726,32149.6594122424,22.007511563267652,23.983074057320298
76688,76417,5844,1460.8493704441726,14118.49601517702,9.664580278310472,8.976941745367343
76688,76289,5844,1460.8493704441726,100075.67001471936,68.50512588049462,70.06599186556653
76688,76295,5844,1460.8493704441726,121118.77593273933,82.90983203553222,85.36066734749913
76688,77801,5844,1460.8493704441726,1390177.9012785743,951.6230279483842,867.3777170252231
76462,76466,5479,4835.572497788944,6938.950860307606,1.4349802145413861,2.1386029000357403
76462,76289,5479,4835.572497788944,100075.67001471936,20.695723217980657,19.101932230298466
76462,76295,5479,4835.572497788944,121118.77593273933,25.047453220507116,23.236158447837845
76462,77801,5479,4835.572497788944,1390177.9012785743,287.48982709166916,233.67441133981984
76275,76284,5844,2289.1567333255143,20963.601963336325,9.157783588230757,8.39116786590452
76275,76289,5844,2289.1567333255143,100075.67001471936,43.71726433486141,52.35509532028011
76275,76295,5844,2289.1567333255143,121118.77593273933,52.90977859641227,63.78366674885154
76275,77801,5844,2289.1567333255143,1390177.9012785743,607.2882127468085,648.1267422956407
76661,76367,5844,1235.076745299616,32149.6594122424,26.030495298851445,32.20445056330174
76661,76417,5844,1235.076745299616,14118.49601517702,11.431270217748313,12.054229410181955
76661,76289,5844,1235.076745299616,100075.67001471936,81.027895955115,94.08455170552301
76661,76295,5844,1235.076745299616,121118.77593273933,98.06578934765487,114.62222837125884
76661,77801,5844,1235.076745299616,1390177.9012785743,1125.5801767535768,1164.7140287723987
76270,76275,5813,1666.635131617947,2289.1567333255143,1.3735200284079165,1.2569979657270687
76270,76284,5813,1666.635131617947,20963.601963336325,12.57839917426026,10.532614690584785
76270,76289,5813,1666.635131617947,100075.67001471936,60.04653815113524,65.67734247753499
76270,76295,5813,1666.635131617947,121118.77593273933,72.67264060080075,80.00723693152321
76270,77801,5813,1666.635131617947,1390177.9012785743,834.1225232237894,811.5744559489672
76263,76270,5671,328.177243990103,1666.635131617947,5.078460381208541,2.7484384938335586
76263,76275,5702,328.177243990103,2289.1567333255143,6.975367047066034,3.452833226837584
76263,76284,5702,328.177243990103,20963.601963336325,63.87890186550696,28.734591926906063
76263,76289,5702,328.177243990103,100075.67001471936,304.9439650292675,179.04096372822283
76263,76295,5702,328.177243990103,121118.77593273933,369.0651260889739,218.31286098325143
76263,77801,5702,328.177243990103,1390177.9012785743,4236.058187265716,2197.274420825781
76367,76289,5844,32149.6594122424,100075.67001471936,3.1128065380565477,2.9214766921916104
76367,76295,5844,32149.6594122424,121118.77593273933,3.767342427478968,3.5592045933513132
76367,77801,5844,32149.6594122424,1390177.9012785743,43.24082826050726,36.16624436684651
76417,76367,5844,14118.49601517702,32149.6594122424,2.2771306077986173,2.6716308000658517
76417,76289,5844,14118.49601517702,100075.67001471936,7.0882670439642155,7.8051071125336104
76417,76295,5844,14118.49601517702,121118.77593273933,8.5787307516707,9.508880615333224
76417,77801,5844,14118.49601517702,1390177.9012785743,98.4650135385645,96.62285237317526
76317,76284,5844,346.46816890252853,20963.601963336325,60.50657418180886,70.89903262882319
76317,76289,5844,346.46816890252853,100075.67001471936,288.8452071418819,442.36102420024264
76317,76295,5844,346.46816890252853,121118.77593273933,349.58125104650964,538.9238235106315
76317,77801,5844,346.46816890252853,1390177.9012785743,4012.426035217311,5476.181597599131
76318,76284,5844,351.49647271528636,20963.601963336325,59.64100237306487,29.538836541008546
76318,76289,5844,351.49647271528636,100075.67001471936,284.7131558437603,184.30195027304114
76318,76295,5844,351.49647271528636,121118.77593273933,344.580345279442,224.53314439531746
76318,77801,5844,351.49647271528636,1390177.9012785743,3955.0266053583537,2281.5548686992674
76324,76284,5844,600.2068101910896,20963.601963336325,34.927297737028475,63.04413185149994
76324,76289,5844,600.2068101910896,100075.67001471936,166.73531242149346,393.3518653441683
76324,76295,5844,600.2068101910896,121118.77593273933,201.79507109254288,479.2164762697508
76324,77801,5844,600.2068101910896,1390177.9012785743,2316.164824647656,4869.475673797042
76321,76284,5844,2068.775975824998,20963.601963336325,10.133335947589174,15.05617676621292
76321,76289,5844,2068.775975824998,100075.67001471936,48.37433882845175,93.94015020924545
76321,76295,5844,2068.775975824998,121118.77593273933,58.54610520814797,114.44630553394454
76321,77801,5844,2068.775975824998,1390177.9012785743,671.9808802517591,1162.926419165493
76416,76367,5479,6414.247947319129,32149.6594122424,5.012225856607169,5.458845866607364
76416,76417,5479,6414.247947319129,14118.49601517702,2.201114788691311,2.037966058733268
76416,76289,5479,6414.247947319129,100075.67001471936,15.602089416662878,15.79189090347688
76416,76295,5479,6414.247947319129,121118.77593273933,18.882771125703304,19.209725738746613
76416,77801,5479,6414.247947319129,1390177.9012785743,216.73279746842448,193.1825935891176
76325,76289,5844,139.34241582448465,100075.67001471936,718.199619423668,589.8208287774631
76325,76295,5844,139.34241582448465,121118.77593273933,869.216851280232,718.5725659389718
76325,77801,5844,139.34241582448465,1390177.9012785743,9976.703023648153,7301.651347496903
76650,76284,5844,509.70451385429266,20963.601963336325,41.12893135831462,22.135852445476406
76650,76289,5844,509.70451385429266,100075.67001471936,196.34056064751198,138.112439567272
76650,76295,5844,509.70451385429266,121118.77593273933,237.6254724857373,168.2609450969221
76650,77801,5844,509.70451385429266,1390177.9012785743,2727.419246822639,1709.754608976245
76466,76289,5479,6938.950860307606,100075.67001471936,14.422305623631837,8.931967795414117
76466,76295,5479,6938.950860307606,121118.77593273933,17.454911898218874,10.86511125906054
76466,77801,5479,6938.950860307606,1390177.9012785743,200.34410522067702,109.26498385273614
76284,76289,5844,20963.601963336325,100075.67001471936,4.7737822054503685,6.239309731010431
76284,76295,5844,20963.601963336325,121118.77593273933,5.777574681324634,7.601285991193316
76284,77801,5844,20963.601963336325,1390177.9012785743,66.31388554838453,77.23915820217908
76673,76289,5844,1478.7906574349458,100075.67001471936,67.67399395686392,46.83811943640475
76673,76295,5844,1478.7906574349458,121118.77593273933,81.90393638463159,57.06239255221669
76673,77801,5844,1478.7906574349458,1390177.9012785743,940.0775520788886,579.8296723530581
76264,77801,5844,2785.0430665765707,1390177.9012785743,499.15849344024974,419.65092845342986
76669,76284,5463,337.3234809458544,20963.601963336325,62.146880212887716,33.56183597067491
76669,76289,5463,337.3234809458544,100075.67001471936,296.675670884539,209.9488357485448
76669,76295,5463,337.3234809458544,121118.77593273933,359.0582416412949,255.41479122399065
76669,77801,5463,337.3234809458544,1390177.9012785743,4121.2011016266,2533.5569757592125
76345,76289,5410,1676.6045833089554,100075.67001471936,59.68948851207928,19.563172856233546
76345,76295,5410,1676.6045833089554,121118.77593273933,72.2405134391907,23.821733278594497
76345,77801,5410,1676.6045833089554,1390177.9012785743,829.1626511809434,235.62368637570765
76351,76289,5685,4264.656766873181,100075.67001471936,23.466289430859447,10.459110066364548
76351,76295,5685,4264.656766873181,121118.77593273933,28.40059178350778,12.732265265207408
76351,77801,5685,4264.656766873181,1390177.9012785743,325.9765034497357,127.85753571757832
76355,76289,5844,3144.458233765399,100075.67001471936,31.826045243692615,79.06490682041917
76355,76295,5844,3144.458233765399,121118.77593273933,38.51816972226184,96.32395160990481
76355,77801,5844,3144.458233765399,1390177.9012785743,442.10410758545066,978.7792415225898
76289,76295,5844,100075.67001471936,121118.77593273933,1.2102719463674327,1.218289573510613
76289,77801,5844,100075.67001471936,1390177.9012785743,13.891267488632389,12.379439638697102
76490,76295,5844,3566.9935343929337,121118.77593273933,33.955423458134334,80.23129000309538
76490,77801,5844,3566.9935343929337,1390177.9012785743,389.73378781724324,815.2564327264755
76491,76295,5804,99.12159975402614,121118.77593273933,1221.9211174284917,3097.8162644305926
76491,76490,5804,99.12159975402614,3566.9935343929337,35.98603677951686,37.98324094746399
76491,77801,5804,99.12159975402614,1390177.9012785743,14024.974422611736,31408.880735501643
76489,76295,5844,562.1438268224991,121118.77593273933,215.4586960731376,487.71851102272916
76489,76486,5844,562.1438268224991,12489.164465660986,22.217026799450256,25.135552893739398
76489,77801,5844,562.1438268224991,1390177.9012785743,2472.9932713777407,4955.867635379141
76492,77801,4748,1224.5679190859278,1390177.9012785743,1135.2395237630144,704.4968475448892
76495,77801,5844,4768.784014499596,1390177.9012785743,291.5162223853516,244.33663620559824
76499,77801,5844,876.9568731590253,1390177.9012785743,1585.2294951184933,3200.0542903958994
76519,76512,5844,2297.3440584619016,12134.9741871461,5.282175363524176,6.845045736292499
76519,77801,5844,2297.3440584619016,1390177.9012785743,605.1239456963684,1209.4977414462192
76295,77801,5844,121118.77593273933,1390177.9012785743,11.47780672792284,10.161327740025397
75299,77801,5479,151.6106753764362,1390177.9012785743,9169.39323584492,7298.111233466584
75300,77801,5479,113.94224426998667,1390177.9012785743,12200.72423696115,10201.060282673374
76486,76295,5844,12489.164465660986,121118.77593273933,9.697908636382838,19.403532243136254
76486,77801,5844,12489.164465660986,1390177.9012785743,111.31072099345594,197.16565043665764
75301,77801,5479,1311.4459572993942,1390177.9012785743,1060.034455511464,799.8528150345819
76550,76553,4748,2391.3649410085327,16771.30576444279,7.013277428651133,8.111166939214938
76550,76556,4748,2391.3649410085327,48060.571945997166,20.097548108122773,18.928727082151365
76550,76557,4748,2391.3649410085327,71138.76320782863,29.748183553208158,26.661608764064663
76550,76566,4748,2391.3649410085327,96171.43998499363,40.21612859492468,36.30857161221263
76550,76574,4748,2391.3649410085327,123826.85891423521,51.78082892777233,49.0053014037781
76550,77801,4748,2391.3649410085327,1390177.9012785743,581.3323919904427,347.2072639985365
76512,77801,5844,12134.9741871461,1390177.9012785743,114.55960926156004,176.69680934832186
76602,76556,4748,577.2438287750447,48060.571945997166,83.25870204274918,89.30469361776962
76602,76557,4748,577.2438287750447,71138.76320782863,123.23867257063708,125.78800421697561
76602,76566,4748,577.2438287750447,96171.43998499363,166.60453553756778,171.30184451679273
76602,76574,4748,577.2438287750447,123826.85891423521,214.51395881876334,231.2043175707013
76602,76676,4748,577.2438287750447,18622.991838982238,32.261915867514155,31.10735701874039
76602,77801,4748,577.2438287750447,1390177.9012785743,2408.3027517654673,1638.1047810917667
76594,76556,4748,1129.8899726432355,48060.571945997166,42.53562126369305,39.398261621243364
76594,76557,4748,1129.8899726432355,71138.76320782863,62.9607881565746,55.49348526031302
76594,76566,4748,1129.8899726432355,96171.43998499363,85.11575667851325,75.57267835619399
76594,76574,4748,1129.8899726432355,123826.85891423521,109.59196197179965,101.99965782984367
76594,77801,4748,1129.8899726432355,1390177.9012785743,1230.3657302369254,722.6773657014295
76584,76553,3287,1439.9558129605373,16771.30576444279,11.647097510555636,13.177312028988869
76584,76556,3287,1439.9558129605373,48060.571945997166,33.37642135503104,30.721091470347993
76584,76557,3287,1439.9558129605373,71138.76320782863,49.403434860662784,43.09332485223415
76584,76566,3287,1439.9558129605373,96171.43998499363,66.78777162423195,58.13496653389182
76584,76574,3287,1439.9558129605373,123826.85891423521,85.99351299513019,78.53891274811541
76584,77801,3287,1439.9558129605373,1390177.9012785743,965.430945009611,573.8182136758461
76611,76557,4748,3452.5002466365054,71138.76320782863,20.604998733058288,18.961796978429156
76611,76566,4748,3452.5002466365054,96171.43998499363,27.855592502472888,25.822738964479928
76611,76574,4748,3452.5002466365054,123826.85891423521,35.865850852543694,34.85268215838545
76611,77801,4748,3452.5002466365054,1390177.9012785743,402.6583061457891,246.9345982696206
76603,76556,4748,356.2730677405392,48060.571945997166,134.89813375676755,133.80994287257442
76603,76557,4748,356.2730677405392,71138.76320782863,199.67482711782304,188.47481556086467
76603,76566,4748,356.2730677405392,96171.43998499363,269.937440387809,256.67060823102946
76603,76574,4748,356.2730677405392,123826.85891423521,347.5616602162413,346.4256499041641
76603,77801,4748,356.2730677405392,1390177.9012785743,3902.001097346462,2454.4589796741157
76614,76557,4748,3488.728201367772,71138.76320782863,20.391030513623374,20.632062238423437
76614,76566,4748,3488.728201367772,96171.43998499363,27.566332036783255,28.097355861778052
76614,76574,4748,3488.728201367772,123826.85891423521,35.49340956560856,37.922708922884446
76614,77801,4748,3488.728201367772,1390177.9012785743,398.476986752235,268.6860325587646
76557,76566,4748,71138.76320782863,96171.43998499363,1.351885183947227,1.3618297355390814
76557,76574,4748,71138.76320782863,123826.85891423521,1.7406383430153367,1.8380474275741736
76557,77801,4748,71138.76320782863,1390177.9012785743,19.54177776773028,13.022742441053037
76553,76556,4748,16771.30576444279,48060.571945997166,2.865642820005788,2.3336626189552248
76553,76557,4748,16771.30576444279,71138.76320782863,4.241694964422595,3.2870250315234153
76553,76566,4748,16771.30576444279,96171.43998499363,5.734284577226467,4.476368429389873
76553,76574,4748,16771.30576444279,123826.85891423521,7.383256894449043,6.04170790356353
76553,77801,4748,16771.30576444279,1390177.9012785743,82.89026035324696,42.80608038282368
76655,76553,4748,4554.114725219127,16771.30576444279,3.6826708979396248,4.561195761307877
76655,76556,4748,4554.114725219127,48060.571945997166,10.553219417124955,10.644292045901208
76655,76557,4748,4554.114725219127,71138.76320782863,15.620766603416145,14.992764641097493
76655,76566,4748,4554.114725219127,96171.43998499363,21.117482933055935,20.417592706185488
76655,76574,4748,4554.114725219127,123826.85891423521,27.190105297199587,27.557412480794273
76655,77801,4748,4554.114725219127,1390177.9012785743,305.25754952554126,195.24691240033962
76642,76574,4748,2247.611918600385,123826.85891423521,55.092633158549766,71.22875771491786
76642,76634,4748,2247.611918600385,16265.268219594289,7.236688898554546,6.2908339039353915
76642,77801,4748,2247.611918600385,1390177.9012785743,618.5133161886127,504.66258498115496
76627,76566,4595,2637.9372591885212,96171.43998499363,36.457061156404365,40.742276667803175
76627,76574,4595,2637.9372591885212,123826.85891423521,46.94078999904898,54.98927686214285
76627,77801,4595,2637.9372591885212,1390177.9012785743,526.9943007311019,386.3915449670462
76628,76574,4748,1338.4779529595269,123826.85891423521,92.51318532400175,154.66357184584282
76628,77801,4748,1338.4779529595269,1390177.9012785743,1038.625924472445,1095.806251212978
76674,76566,4748,2988.4918602483344,96171.43998499363,32.18059291518434,43.9230111170984
76674,76574,4748,2988.4918602483344,123826.85891423521,41.43456455790567,59.282431194040925
76674,77801,4748,2988.4918602483344,1390177.9012785743,465.17707468778406,420.02171496648646
76574,77801,4748,123826.85891423521,1390177.9012785743,11.22678806091203,7.085095980488518
76656,76556,4748,2963.6464305362315,48060.571945997166,16.21670232008791,15.978734221329061
76656,76557,4748,2963.6464305362315,71138.76320782863,24.003795619761913,22.50646641504788
76656,76566,4748,2963.6464305362315,96171.43998499363,32.45037565685348,30.649975205923866
76656,76574,4748,2963.6464305362315,123826.85891423521,41.78192703366118,41.36795269796328
76656,77801,4748,2963.6464305362315,1390177.9012785743,469.0768395834049,293.0959153813788
76671,76566,3287,543.8843386704174,96171.43998499363,176.82333015893573,197.96236855575972
76671,76574,3287,543.8843386704174,123826.85891423521,227.67130823612797,267.44230053606327
76671,76627,3134,543.8843386704174,2637.9372591885212,4.850180583682989,5.080662443236842
76671,77801,3287,543.8843386704174,1390177.9012785743,2556.0175251175842,1953.9774334174883
76566,76574,4748,96171.43998499363,123826.85891423521,1.2875637396461659,1.3496895974639453
76566,77801,4748,96171.43998499363,1390177.9012785743,14.45520521992282,9.562680341898963
76619,76557,4748,6055.215599111037,71138.76320782863,11.748345214705893,10.18485813368375
76619,76566,4748,6055.215599111037,96171.43998499363,15.882413831658202,13.870042658697603
76619,76574,4748,6055.215599111037,123826.85891423521,20.449620147697825,18.720252292825318
76619,76620,4748,6055.215599111037,10649.967367096693,1.7588089462347485,1.847279785009041
76619,77801,4748,6055.215599111037,1390177.9012785743,229.58355132436006,132.63478427362762
76556,76557,4748,48060.571945997166,71138.76320782863,1.4801896924523301,1.408526238893525
76556,76566,4748,48060.571945997166,96171.43998499363,2.0010465146577077,1.9181729154122258
76556,76574,4748,48060.571945997166,123826.85891423521,2.5764749336186044,2.5889380300689693
76556,77801,4748,48060.571945997166,1390177.9012785743,28.925538023988462,18.342874430575513
76620,76557,4748,10649.967367096693,71138.76320782863,6.679716543321381,5.513435602086613
76620,76566,4748,10649.967367096693,96171.43998499363,9.03020982788336,7.5083605479013675
76620,76574,4748,10649.967367096693,123826.85891423521,11.626970735779059,10.133956125511164
76620,77801,4748,10649.967367096693,1390177.9012785743,130.5335362410179,71.80005181130613
76634,76574,4748,16265.268219594289,123826.85891423521,7.612961387569659,11.32262571268316
76634,77801,4748,16265.268219594289,1390177.9012785743,85.46910401415133,80.2218899255074
76695,76566,4748,2146.496615203172,96171.43998499363,44.803909451257496,68.44047279356124
76695,76574,4748,2146.496615203172,123826.85891423521,57.68788920382931,92.37339417498377
76695,77801,4748,2146.496615203172,1390177.9012785743,647.6497057727668,654.4743637732589
76676,76556,4748,18622.991838982238,48060.571945997166,2.5807116472765266,2.870854427265186
76676,76557,4748,18622.991838982238,71138.76320782863,3.8199427794903884,4.0436737888466565
76676,76566,4748,18622.991838982238,96171.43998499363,5.1641240471192456,5.506795206471358
76676,76574,4748,18622.991838982238,123826.85891423521,6.649138870105549,7.43246420553871
76676,77801,4748,18622.991838982238,1390177.9012785743,74.64847288224708,52.659722267787096
76675,76566,4748,6827.640651801686,96171.43998499363,14.085603635219993,20.794661657029515
76675,76574,4748,6827.640651801686,123826.85891423521,18.136112491737485,28.066338521275103
76675,77801,4748,6827.640651801686,1390177.9012785743,203.6102911935959,198.85270224411627
76697,76700,4748,3448.9742461564374,11485.193342377956,3.330031633369585,2.7597863901079593
76697,77801,4748,3448.9742461564374,1390177.9012785743,403.06995705398464,176.7298723858316
76697,76007,4748,3448.9742461564374,27486.873917525354,7.969579346136588,5.930113728770425
76697,76008,4748,3448.9742461564374,46273.80547339203,13.416686287222905,10.097484679347657
75607,75608,5479,1289.1100629404173,3593.9520116320787,2.787932632714381,2.7118916505491875
75607,77801,5479,1289.1100629404173,1390177.9012785743,1078.4012484609923,1034.6030181358883
77116,77801,5456,2141.9179950672074,1390177.9012785743,649.0341387859503,551.5505811664201
75692,75678,5114,479.5157279154245,27496.621202037128,57.34248034276551,65.28568162191681
75692,77801,5114,479.5157279154245,1390177.9012785743,2899.1288926476454,2272.7322132800205
75608,77801,5479,3593.9520116320787,1390177.9012785743,386.81036830184865,381.50603027461295
75687,75678,5479,1702.73150162658,27496.621202037128,16.148536146638648,19.063965130371997
75687,75676,5114,1702.73150162658,22285.21201467444,13.087919025040584,15.031371781050082
75687,77801,5479,1702.73150162658,1390177.9012785743,816.4398790711099,658.505871895643
75699,75697,5314,599.1978968404856,5903.460709020516,9.852272079306207,9.635513224059304
75699,77801,5479,599.1978968404856,1390177.9012785743,2320.064720869102,1989.166652170541
75727,77801,5479,661.8140726963713,1390177.9012785743,2100.5565741669616,1989.5982224823226
77124,77801,5479,2748.6226392655963,1390177.9012785743,505.7725572870984,438.21978915417765
76700,77801,4748,11485.193342377956,1390177.9012785743,121.04087931625054,64.03751863524414
76700,76007,4748,11485.193342377956,27486.873917525354,2.39324433626246,2.1487582336176554
76700,76008,4748,11485.193342377956,46273.80547339203,4.028996647592461,3.658792113600015
75710,77801,5479,1569.9775638845047,1390177.9012785743,885.4762853036814,748.4531556379462
75505,75497,5418,1056.536340757082,15637.520575430552,14.800740847423363,13.75239245680414
75505,75328,5418,1056.536340757082,243528.34743045195,230.4968963546932,259.61612929349246
75505,77801,5418,1056.536340757082,1390177.9012785743,1315.788059199568,1650.462662638828
75505,75326,5418,1056.536340757082,186586.53374298877,176.60209738671793,187.04806853133272
75505,75500,5418,1056.536340757082,28050.105354130075,26.549115512704674,24.725325858408112
75503,75497,5479,1799.2688915314093,15637.520575430552,8.69104148303315,7.981945062442526
75503,75328,5479,1799.2688915314093,243528.34743045195,135.34850103653935,151.29990804188543
75503,77801,5479,1799.2688915314093,1390177.9012785743,772.63487843407,959.3231882768235
75503,75326,5479,1799.2688915314093,186586.53374298877,103.70130591441485,108.65445700216547
75503,75500,5479,1799.2688915314093,28050.105354130075,15.589723962967996,14.368873661416155
75512,75328,5479,1910.7258213838861,243528.34743045195,127.45331889327328,158.04339284718307
75512,77801,5479,1910.7258213838861,1390177.9012785743,727.5653501514449,1002.0805265147525
75512,75326,5479,1910.7258213838861,186586.53374298877,97.65217576211394,113.49722055241908
75512,75500,5479,1910.7258213838861,28050.105354130075,14.68034033988935,15.009298909911195
75648,75646,5479,1614.6474698483742,10972.69465966946,6.795721582928481,5.88156497796758
75648,75627,5479,1614.6474698483742,50022.74969271226,30.98060141723055,23.824411356496533
75648,77801,5479,1614.6474698483742,1390177.9012785743,860.9792089223791,907.563994695311
75740,75328,5479,943.312827826604,243528.34743045195,258.1628705204212,322.56425644295683
75740,77801,5479,943.312827826604,1390177.9012785743,1473.7188557920376,2045.2317183784066
75740,75326,5479,943.312827826604,186586.53374298877,197.79921171313316,231.64616942406948
75740,75500,5479,943.312827826604,28050.105354130075,29.735740389280632,30.633759851555098
75678,77801,5479,27496.621202037128,1390177.9012785743,50.55813552741458,34.5419154615708
75697,77801,5314,5903.460709020516,1390177.9012785743,235.48524667139324,219.66804593809601
75303,77801,5479,1023.8092385196937,1390177.9012785743,1357.848561015728,1064.0385955582865
75718,75627,2192,393.5299796223044,50022.74969271226,127.11293238884178,60.331998508578444
75718,75624,2192,393.5299796223044,28509.82760993717,72.44639312435575,27.45337751503631
75718,77801,2192,393.5299796223044,1390177.9012785743,3532.58448724241,1943.6464765042672
77132,77801,5114,5932.388175163759,1390177.9012785743,234.33697530087863,241.7535380573029
75536,75328,5316,4686.168328573674,243528.34743045195,51.967477554220615,51.61300886388439
75536,77801,5316,4686.168328573674,1390177.9012785743,296.65556245643904,326.819021988429
75547,75328,5479,445.73326841236894,243528.34743045195,546.3544336680571,358.0673398383537
75547,77801,5479,445.73326841236894,1390177.9012785743,3118.856050907232,2270.3404550413616
75540,75328,5479,1804.4276006858975,243528.34743045195,134.96155087512636,190.52652183008098
75540,77801,5479,1804.4276006858975,1390177.9012785743,770.4259792690718,1208.0411200430326
75497,75328,5479,15637.520575430552,243528.34743045195,15.573335060104107,18.9552680278141
75497,77801,5479,15637.520575430552,1390177.9012785743,88.90014849686605,120.18664382829823
75497,75326,5479,15637.520575430552,186586.53374298877,11.931976865702794,13.612528794944689
75497,75500,5479,15637.520575430552,28050.105354130075,1.7937693650873272,1.8001719567109107
75615,77801,5479,853.1045792941749,1390177.9012785743,1629.5515638056388,1755.907614244635
75646,75627,5479,10972.69465966946,50022.74969271226,4.558839122405612,4.050692536041528
75646,77801,5479,10972.69465966946,1390177.9012785743,126.69430293984429,154.3065490384035
75645,75646,5479,1405.19172624423,10972.69465966946,7.808681516362946,12.571666367992753
75645,75627,5479,1405.19172624423,50022.74969271226,35.59852279120097,50.92395512243256
75645,77801,5479,1405.19172624423,1390177.9012785743,989.3154615948498,1939.890452907122
75605,77801,4748,1752.6460495400777,1390177.9012785743,793.1880493744753,1081.0880281542659
75656,75658,5479,2866.6569103489865,6232.489363774013,2.1741315960322822,2.928978468525824
75656,77801,5479,2866.6569103489865,1390177.9012785743,484.94742996968347,668.8152457580067
75664,77801,5479,1864.5658578014436,1390177.9012785743,745.5772588895132,764.077759821572
76601,76556,4748,1124.1529861486592,48060.571945997166,42.752696953332276,52.05444685194482
76601,76557,4748,1124.1529861486592,71138.76320782863,63.28210135486057,73.32005424205272
76601,76566,4748,1124.1529861486592,96171.43998499363,85.55013523068276,99.84943007816575
76601,76574,4748,1124.1529861486592,123826.85891423521,110.1512520448531,134.76573708920387
76601,76676,4748,1124.1529861486592,18622.991838982238,16.566243267995475,18.132039840673
76601,76596,4748,1124.1529861486592,5868.447992491258,5.220328607226782,5.193721161602524
76601,76597,4748,1124.1529861486592,9666.793593996406,8.599179749648469,8.728313641944242
76601,77801,4748,1124.1529861486592,1390177.9012785743,1236.6447613516686,954.8281821582907
76640,76574,4748,1101.3255890701728,123826.85891423521,112.43437920913084,154.4922225266529
76640,76634,4748,1101.3255890701728,16265.268219594289,14.768809860603284,13.644557936203507
76640,76638,4748,1101.3255890701728,4560.4855874621,4.140905861737424,3.299946298427311
76640,77801,4748,1101.3255890701728,1390177.9012785743,1262.276946141126,1094.592224840326
76504,77801,4748,792.7475720034072,1390177.9012785743,1753.6198789803411,1641.2336065543839
76504,76652,4748,792.7475720034072,3867.925753921712,4.879139199564888,4.428266875836698
76665,77801,4748,103.76090070786161,1390177.9012785743,13397.89739482519,12173.515284615303
75658,77801,5479,6232.489363774013,1390177.9012785743,223.05339329721178,228.34420018615776
76638,76574,4748,4560.4855874621,123826.85891423521,27.152121531677636,46.81658686393801
76638,76634,4748,4560.4855874621,16265.268219594289,3.5665649869197096,4.13478181226956
76638,77801,4748,4560.4855874621,1390177.9012785743,304.8311138402709,331.7000114098787
76696,77801,4748,3090.856098150236,1390177.9012785743,449.77114984762466,331.51763546170145
77115,77112,5479,1186.044580904717,4022.8927805328817,3.3918562972263757,2.969444723328292
77115,77801,5479,1186.044580904717,1390177.9012785743,1172.1126875501966,1577.8170293770274
75328,77801,5479,243528.34743045195,1390177.9012785743,5.708484929770191,6.340540458301186
76596,76556,4748,5868.447992491258,48060.571945997166,8.189656278370563,10.02257249326096
76596,76557,4748,5868.447992491258,71138.76320782863,12.122244807971619,14.117056337970556
76596,76566,4748,5868.447992491258,96171.43998499363,16.38788315207803,19.225027099328756
76596,76574,4748,5868.447992491258,123826.85891423521,21.100444116173986,25.947819086926465
76596,76676,4748,5868.447992491258,18622.991838982238,3.173410050291074,3.491146189118546
76596,76597,4748,5868.447992491258,9666.793593996406,1.6472487455567761,1.680551067406768
76596,77801,4748,5868.447992491258,1390177.9012785743,236.8902140834036,183.84278871522594
77112,77801,5479,4022.8927805328817,1390177.9012785743,345.5667294951938,531.3508673798569
77130,77801,5479,419.3439240019217,1390177.9012785743,3315.1258947827355,6139.565505190874
75627,77801,5479,50022.74969271226,1390177.9012785743,27.79091333080211,38.09386855838656
76597,76556,4748,9666.793593996406,48060.571945997166,4.971718024045257,5.9638607166675595
76597,76557,4748,9666.793593996406,71138.76320782863,7.359085772971255,8.400254304532599
76597,76566,4748,9666.793593996406,96171.43998499363,9.948639023876668,11.439716098002657
76597,76574,4748,9666.793593996406,123826.85891423521,12.809506865972423,15.440065815415021
76597,76676,4748,9666.793593996406,18622.991838982238,1.9264911015114783,2.077381792691179
76597,77801,4748,9666.793593996406,1390177.9012785743,143.8096187490699,109.39434824727513
75701,77801,2192,481.5728472633357,1390177.9012785743,2886.744776368987,2877.1565616973544
75676,75678,5114,22285.21201467444,27496.621202037128,1.2338505545260716,1.2828547358216749
75676,77801,5114,22285.21201467444,1390177.9012785743,62.381183556304755,43.78137292521992
19169,19159,4864,65.75408188284106,29564.079706396416,449.6158848217657,789.4357813547955
19183,19159,5844,2949.890649810927,29564.079706396416,10.022093431934952,7.689419539745427
19381,19063,4653,428.5774388087784,82551.78150309673,192.61812225241627,94.31340082622526
19185,19159,5844,2418.4745641163054,29564.079706396416,12.224267372933458,15.112339529766338
19383,19159,5844,202.1052201855172,29564.079706396416,146.2806338166765,338.1981049162263
77245,77246,5844,2174.005002721152,2623.4969411335364,1.2067575455667148,1.2888033891133053
77245,77250,5844,2174.005002721152,22633.14842916903,10.410807887212606,7.881940938249589
77245,77801,5844,2174.005002721152,1390177.9012785743,639.4547848503204,1309.9744212685214
76483,76295,5844,2481.2803899028336,121118.77593273933,48.8130146135892,91.64938866954917
76483,76486,5844,2481.2803899028336,12489.164465660986,5.033354761712383,4.72333529385965
76483,77801,5844,2481.2803899028336,1390177.9012785743,560.26634754205,931.2794754442594
19158,19159,5844,6326.347692681027,29564.079706396416,4.673167069302751,6.391602436711697
77259,77250,5844,2116.0457785597087,22633.14842916903,10.695963508206487,11.021665466061075
77259,77801,5844,2116.0457785597087,1390177.9012785743,656.9696720950915,1831.7949796164037
77246,77250,5844,2623.4969411335364,22633.14842916903,8.627091602168937,6.115704695401486
77246,77801,5844,2623.4969411335364,1390177.9012785743,529.8949960574068,1016.4268905048284
77260,77250,5844,1437.7288553622654,22633.14842916903,15.742292675531047,12.113070077043218
77260,77801,5844,1437.7288553622654,1390177.9012785743,966.9263408699481,2013.1858495610138
77270,77250,5844,4023.1056537328022,22633.14842916903,5.625790217109776,8.005618536224414
77270,77801,5844,4023.1056537328022,1390177.9012785743,345.5484446421909,1330.5295727344155
19382,19159,5844,6491.781919082128,29564.079706396416,4.554077767075773,3.6988612918952084
77266,77250,5844,5417.517180349733,22633.14842916903,4.1777714173687075,3.5362924498936232
77266,77801,5844,5417.517180349733,1390177.9012785743,256.6079358863851,587.7299375595688
77288,77292,5844,5857.335585205475,11663.594587668536,1.9912798947577082,1.5770825830069308
77288,77801,5844,5857.335585205475,1390177.9012785743,237.3396369485644,350.0048667063213
75752,75627,5479,730.7144740796505,50022.74969271226,68.45731331067024,77.52940483146797
75752,75624,5844,730.7144740796505,28509.82760993717,39.01637181314339,36.38198697005661
75752,77801,5844,730.7144740796505,1390177.9012785743,1902.4912610764022,2947.0691191308056
75511,75512,5454,519.8377516988627,1910.7258213838861,3.675619585417783,3.1080751955571713
75511,75328,5454,519.8377516988627,243528.34743045195,468.4699151506136,490.6874582019663
75511,77801,5819,519.8377516988627,1390177.9012785743,2674.253450687998,3104.5290430052814
75511,75326,5819,519.8377516988627,186586.53374298877,358.9322497898857,353.5513464658087
75511,75500,5819,519.8377516988627,28050.105354130075,53.95934647389605,46.14029568457948
75635,75627,5479,3235.084903407643,50022.74969271226,15.462577084150501,21.592307435520407
75635,75624,5844,3235.084903407643,28509.82760993717,8.812698417870466,10.04273721205404
75635,77801,5844,3235.084903407643,1390177.9012785743,429.71913961647334,813.4970949648553
75501,75497,5479,2284.5001325456615,15637.520575430552,6.845051288311972,6.056028754277638
75501,75328,5479,2284.5001325456615,243528.34743045195,106.60027721647963,114.79364822148176
75501,77801,5844,2284.5001325456615,1390177.9012785743,608.5260759995986,728.6897037440478
75501,75326,5844,2284.5001325456615,186586.53374298877,81.67499361668756,82.90925263419571
75501,75500,5844,2284.5001325456615,28050.105354130075,12.278443303425558,10.813953147211272
75530,75328,5479,2204.2333672063264,243528.34743045195,110.48210731838385,104.8119649271971
75530,77801,5844,2204.2333672063264,1390177.9012785743,630.6854446362472,664.9596505883849
75530,75326,5844,2204.2333672063264,186586.53374298877,84.64917395723437,75.65814005455438
75631,75627,5479,466.88307745625815,50022.74969271226,107.14192076794399,100.24040107434317
75631,75619,5844,466.88307745625815,6467.927396408066,13.853420071782404,10.321799808991141
75631,75624,5844,466.88307745625815,28509.82760993717,61.06416999576993,47.08598569127357
75631,77801,5844,466.88307745625815,1390177.9012785743,2977.5718341575976,3814.130725976988
77223,77801,5844,1965.454739760724,1390177.9012785743,707.3059853048642,1576.319679819324
77242,77801,5844,2362.0668988579305,1390177.9012785743,588.5429840919118,1290.167295398501
77231,77801,5844,4732.663893382518,1390177.9012785743,293.7411006985729,518.6291662643025
77276,77801,5194,129.27628811833182,1390177.9012785743,10753.541283658207,34588.46611743416
77298,77292,5844,2044.8819641777375,11663.594587668536,5.703798454870013,7.10117954317646
77298,77801,5844,2044.8819641777375,1390177.9012785743,679.8328341839405,1575.9779647862676
77285,77288,5844,886.0672649563784,5857.335585205475,6.610486378247858,8.30075258014624
77285,77292,5844,886.0672649563784,11663.594587668536,13.163328619574658,13.090972319998476
77285,77801,5844,886.0672649563784,1390177.9012785743,1568.930437066777,2905.303800376237
77311,77801,5558,1462.742488309474,1390177.9012785743,950.3914136556159,3614.4541997557394
75619,75627,5479,6467.927396408066,50022.74969271226,7.733968955881009,9.645536266712321
75619,75624,5844,6467.927396408066,28509.82760993717,4.407876876566359,4.561799934373634
75619,77801,5844,6467.927396408066,1390177.9012785743,214.9340609560032,369.52186600776395
77327,77801,5844,347.95666697433154,1390177.9012785743,3995.261574859051,10304.97376843045
77397,77801,5844,639.0706910524242,1390177.9012785743,2175.311621612976,4115.819478066983
77336,77801,5844,2502.1846918669803,1390177.9012785743,555.5856471335483,3229.6341241686578
77250,77801,5844,22633.14842916903,1390177.9012785743,61.422205824751636,166.19947187265257
77292,77801,5844,11663.594587668536,1390177.9012785743,119.1894909266098,221.93185726456227
77370,77409,5844,391.15216432952053,8357.152693673655,21.365477314944094,19.704069399457744
77370,77801,5844,391.15216432952053,1390177.9012785743,3554.059079952933,7794.789175546378
77362,77801,5844,3569.7032810820488,1390177.9012785743,389.43794254439644,8875.131935315394
77407,77409,5844,146.30565971690743,8357.152693673655,57.12118526271806,34.30329999340196
77407,77801,5844,146.30565971690743,1390177.9012785743,9501.873707199598,13570.140566062371
75643,75627,5479,3706.8433050097165,50022.74969271226,13.494703060447046,18.356618413444654
75643,77801,5844,3706.8433050097165,1390177.9012785743,375.0301231777938,702.3541139799122
77140,77801,5844,3634.0875954358185,1390177.9012785743,382.5383579153537,730.1624029063897
77140,77146,5844,3634.0875954358185,9374.518142406532,2.579607094275968,2.4714614292764754
77152,77801,5844,989.2826937689872,1390177.9012785743,1405.2382701472814,2538.629771856044
77152,77146,5844,989.2826937689872,9374.518142406532,9.476076152400204,8.592780920218818
77210,77801,5844,301.84016178929454,1390177.9012785743,4605.675709414095,7113.227904276338
77209,77801,5844,304.395772745955,1390177.9012785743,4567.007907954096,9525.121228922791
77329,77801,5844,4463.491233247568,1390177.9012785743,311.4552776363587,583.9270571869492
77409,77801,5844,8357.152693673655,1390177.9012785743,166.3458778647105,395.59286041496034
75624,75627,5479,28509.82760993717,50022.74969271226,1.754579170983016,2.1558593677834113
75624,77801,5844,28509.82760993717,1390177.9012785743,48.761357672819614,81.00352302243212
19118,19063,5844,4031.7695630109056,82551.78150309673,20.47532236476518,20.904417916597193
19115,19063,5777,1433.5139417159498,82551.78150309673,57.587009864919985,36.106013564600886
19123,19063,5844,3673.653955049011,82551.78150309673,22.47130037646548,18.800425121995335
19128,19063,5844,2604.4441323334154,82551.78150309673,31.69650693529587,19.56154572347793
19128,19127,5844,2604.4441323334154,7397.325423361061,2.8402703408091656,2.6993281296861795
19050,19063,5844,22494.749492120714,82551.78150309673,3.6698244420108934,2.253655873299575
77212,77801,5844,6082.362900069123,1390177.9012785743,228.5588551881335,478.4999883182092
75203,77801,5844,363.60873190433443,1390177.9012785743,3823.2797490802022,2236.3530584950613
75198,77801,4726,70.50856507418652,1390177.9012785743,19716.44012065598,9850.00707670589
75202,77801,5844,1085.5449779300754,1390177.9012785743,1280.626717033296,647.026172101599
75208,77801,5844,2410.1967240580493,1390177.9012785743,576.7902210645823,330.2896341334992
19127,19063,5844,7397.325423361061,82551.78150309673,11.159679583974334,7.246820239580185
19135,19063,5844,13154.239557259436,82551.78150309673,6.275678737927412,10.090262491536944
75209,75210,5799,1626.173988433108,4116.501452674662,2.531402840012892,2.1404101037980716
75209,77801,5799,1626.173988433108,1390177.9012785743,854.8764837999121,322.5450358478121
75211,75210,5730,826.6224704654068,4116.501452674662,4.979905095438526,6.5955175570462625
75211,77801,5730,826.6224704654068,1390177.9012785743,1681.7567280694334,992.0635891827234
75210,77801,5844,4116.501452674662,1390177.9012785743,337.7085899909784,151.3392378663611
76654,76556,4603,1293.0647791335352,48060.571945997166,37.1679537804764,28.317168620260503
76654,76557,4603,1293.0647791335352,71138.76320782863,55.01562207540579,39.86233414273955
76654,76566,4603,1293.0647791335352,96171.43998499363,74.37480436938108,54.10251708789814
76654,76574,4603,1293.0647791335352,123826.85891423521,95.7623012492923,73.17619053416128
76654,76656,4603,1293.0647791335352,2963.6464305362315,2.29195511188707,1.7717277810501555
76654,77801,5699,1293.0647791335352,1390177.9012785743,1075.103060351016,519.9444166415535
75288,77801,2922,701.8433427412647,1390177.9012785743,1980.752422397864,1054.976716620786
75288,75284,2556,701.8433427412647,11532.798007164554,16.432154164374733,12.316874385849983
75288,75286,2922,701.8433427412647,16118.261769879045,22.965611822895156,19.246554764901216
75288,75287,2922,701.8433427412647,18725.52498950724,26.68049100012683,28.400994022055304
75150,75151,3979,2618.5662841924727,7095.644247808624,2.7097439887785066,2.692342733628787
75150,77801,3979,2618.5662841924727,1390177.9012785743,530.8927674165349,264.19448829000726
75168,75169,2459,2511.9315519215115,4872.043686565797,1.9395606870095279,1.9578678385602628
75168,77801,5479,2511.9315519215115,1390177.9012785743,553.429849716706,304.08306722201786
75176,77801,5479,1687.7076678765761,1390177.9012785743,823.7077591924761,477.944092497738
75169,77801,2459,4872.043686565797,1390177.9012785743,285.33773313894113,146.64183772294004
75190,77801,5114,2260.77754877639,1390177.9012785743,614.9114060474396,383.4232507410964
75200,77801,5441,846.6282302944621,1390177.9012785743,1642.0169462044307,1058.4029596202488
75196,77801,5479,370.8579812901365,1390177.9012785743,3748.545188221214,1636.2017056829836
75206,77801,5101,306.549057185951,1390177.9012785743,4534.927995016797,2010.4287370229445
75201,75200,5441,130.90659098025745,846.6282302944621,6.467422487704576,4.910399755708751
75201,77801,5479,130.90659098025745,1390177.9012785743,10619.617323074532,5133.841855190238
75151,77801,5479,7095.644247808624,1390177.9012785743,195.91989856423658,100.20178686016092
75156,75151,5418,727.0702559665069,7095.644247808624,9.75922779068477,8.901077902190137
75156,77801,5783,727.0702559665069,1390177.9012785743,1912.0269188162388,883.1934129431453
84286,84827,5636,402.5077463894977,15241.889310297933,37.86731919327759,39.341433075335416
84299,84295,2026,2731.3065302452906,13025.963042113672,4.7691326102983576,3.4792119859557467
84299,84302,2026,2731.3065302452906,4608.524370715793,1.687296654433699,1.2113039511491401
84299,84827,2026,2731.3065302452906,15241.889310297933,5.580438937012721,2.288483488197957
84312,84295,5844,2960.9927424885377,13025.963042113672,4.399187764022051,2.752278111405131
84312,84446,5666,2960.9927424885377,13448.187711204278,4.541783408729965,1.6500618215554896
84312,84453,5739,2960.9927424885377,7227.09172740635,2.4407664442069557,1.5697967307878522
84312,84827,5636,2960.9927424885377,15241.889310297933,5.147560509549927,2.094917997754808
84302,84295,5844,4608.524370715793,13025.963042113672,2.8264932534338505,2.3725178781598384
84302,84446,5666,4608.524370715793,13448.187711204278,2.9181114450991856,1.4212657853062338
84302,84827,5636,4608.524370715793,15241.889310297933,3.3073253137490886,1.784653089716009
84315,84295,5844,86.40445743557663,13025.963042113672,150.75568354590803,63.239509106048956
84315,84312,5844,86.40445743557663,2960.9927424885377,34.26898137397901,22.9771507624871
84315,84446,5666,86.40445743557663,13448.187711204278,155.64229103841407,38.05970824134278
84315,84453,5739,86.40445743557663,7227.09172740635,83.64257981476115,36.211058282728864
84315,84827,5636,86.40445743557663,15241.889310297933,176.40165522319634,47.75503557924498
84321,84295,5813,1854.0416488302953,13025.963042113672,7.0257122057272445,12.920011890693754
84321,84446,5635,1854.0416488302953,13448.187711204278,7.253444236103685,7.676509963501857
84321,84453,5708,1854.0416488302953,7227.09172740635,3.898020161502781,7.32527120318933
84321,84827,5636,1854.0416488302953,15241.889310297933,8.22089909356349,9.716524882647803
84343,84344,3116,2200.5437327546756,3337.7584731511943,1.5167880662716642,1.4274320518105517
84295,84446,5666,13025.963042113672,13448.187711204278,1.0324140846803826,0.6115817091038626
84295,84827,5636,13025.963042113672,15241.889310297933,1.17011611817261,0.7487362295171603
84342,84343,4748,920.004828842145,2200.5437327546756,2.391882807315402,1.5004644028598375
84342,84344,3482,920.004828842145,3337.7584731511943,3.627979298056368,2.183568319463181
84346,84343,4748,479.833789887385,2200.5437327546756,4.5860541277660625,4.126271407394165
84346,84344,3482,479.833789887385,3337.7584731511943,6.95607217227147,6.410228801630264
84347,84344,3482,949.7669445661278,3337.7584731511943,3.5142921031811105,3.442129586295359
84454,84295,5812,1560.12253212012,13025.963042113672,8.349320501391714,7.795719856201554
84454,84446,5634,1560.12253212012,13448.187711204278,8.61995608314748,4.637155457460829
84454,84453,5707,1560.12253212012,7227.09172740635,4.632387250753396,4.3896875753707505
84454,84827,5636,1560.12253212012,15241.889310297933,9.769674494467464,5.869614521632186
84806,84822,2060,14.925206713780968,37358.41774100557,2503.041898006761,54.070827172208
84446,84827,5458,13448.187711204278,15241.889310297933,1.133378685486316,1.2580841747649487
84803,84822,5418,36858.83279291024,37358.41774100557,1.0135540089102177,0.7973083286895714
84803,84824,2620,36858.83279291024,37658.14775814577,1.0216858458249736,0.8670664529167483
84822,84824,2620,37358.41774100557,37658.14775814577,1.0080230918562487,1.1624635235902219
84134,84803,5844,385.9954630333408,36858.83279291024,95.49032650087526,391.0688846981305
84134,84822,5418,385.9954630333408,37358.41774100557,96.78460323710773,305.3127898754561
84134,84824,2620,385.9954630333408,37658.14775814577,97.56111499914964,320.64393966465923
84134,84200,5844,385.9954630333408,9582.55772667214,24.825570879428795,148.81031167403543
84192,84803,5844,1537.9222458820666,36858.83279291024,23.9666425865178,17.787669927907615
84192,84822,5418,1537.9222458820666,37358.41774100557,24.29148667368347,14.156165098455348
84192,84824,2620,1537.9222458820666,37658.14775814577,24.486379502591273,14.603428192291588
84192,84200,5844,1537.9222458820666,9582.55772667214,6.230846684434373,6.768599624002388
84453,84295,5739,7227.09172740635,13025.963042113672,1.8023796477796212,1.7341740521474303
84453,84446,5561,7227.09172740635,13448.187711204278,1.860802134308948,1.0480232680649049
84453,84827,5531,7227.09172740635,15241.889310297933,2.1089934769332066,1.3180451374874174
84213,84803,5844,845.4656243744764,36858.83279291024,43.59589760988863,11.77017924301941
84213,84822,5418,845.4656243744764,37358.41774100557,44.186796794542005,9.39000481231603
84213,84824,2620,845.4656243744764,37658.14775814577,44.54131152405802,9.235543810998411
84213,84200,5844,845.4656243744764,9582.55772667214,11.334059541169236,4.478812071599604
84213,84215,5844,845.4656243744764,2169.0068158291688,2.565458314681834,1.5124410931804328
84215,84803,5844,2169.0068158291688,36858.83279291024,16.993414923327396,7.7822397818274816
84215,84822,5418,2169.0068158291688,37358.41774100557,17.223743820613205,6.1865955276599145
84215,84824,2620,2169.0068158291688,37658.14775814577,17.361931499394483,6.135299103317001
84215,84200,5844,2169.0068158291688,9582.55772667214,4.417947263576909,2.9613133971263275
84119,84803,5844,8674.96286928321,36858.83279291024,4.248874992124985,2.0383702177206735
84119,84822,5418,8674.96286928321,37358.41774100557,4.306464281626648,1.6276228756960656
84119,84824,2620,8674.96286928321,37658.14775814577,4.341015440133794,1.6680209637082397
84243,84803,5844,687.4603770207486,36858.83279291024,53.61593776887272,10.397005563178245
84243,84822,5418,687.4603770207486,37358.41774100557,54.34264866712171,8.29122785793558
84243,84824,2620,687.4603770207486,37658.14775814577,54.778644729089876,8.330284326923692
84243,84200,5844,687.4603770207486,9582.55772667214,13.939069140537423,3.9562892852688036
84200,84803,5844,9582.55772667214,36858.83279291024,3.8464503783073676,2.6279689915222764
84200,84822,5418,9582.55772667214,37358.41774100557,3.898585201007656,2.1076662391081076
84200,84824,2620,9582.55772667214,37658.14775814577,3.929863908184753,2.11721492627665
84233,84803,5844,738.8277349003466,36858.83279291024,49.88826359893186,18.712534899335548
84233,84822,5418,738.8277349003466,37358.41774100557,50.56444956826707,14.964269433991335
84233,84824,2620,738.8277349003466,37658.14775814577,50.97013279181394,14.696556146753682
84233,84200,5844,738.8277349003466,9582.55772667214,12.96994857395904,7.120531086820828
84245,84803,5844,141.7304724226924,36858.83279291024,260.06286554230655,133.17693532675028
84245,84822,5418,141.7304724226924,37358.41774100557,263.58775993908375,105.1794877812556
84245,84824,2620,141.7304724226924,37658.14775814577,265.70254874925786,117.08484880970275
84245,84200,5844,141.7304724226924,9582.55772667214,67.61113233358475,50.676752943574975
84452,84803,5813,687.4603770207486,36858.83279291024,53.61593776887272,15.765725612677087
84452,84822,5387,687.4603770207486,37358.41774100557,54.34264866712171,12.590465789412143
84452,84824,2620,687.4603770207486,37658.14775814577,54.778644729089876,13.448617687010396
84452,84200,5813,687.4603770207486,9582.55772667214,13.939069140537423,6.007089221089104
84026,84029,5844,446.24118308485896,3579.3245321620548,8.02105378848773,2.7511232385737827
84026,84031,5844,446.24118308485896,6778.29291852067,15.18975203423052,7.2642101227211056
84026,84034,5542,446.24118308485896,9875.595272337989,22.13062273649451,6.097503174099857
84026,84037,5844,446.24118308485896,15083.106689231903,33.8003466756757,6.066517301616479
84026,84039,5220,446.24118308485896,19669.32601203247,44.0777919152569,4.0448857143435175
84029,84031,5844,3579.3245321620548,6778.29291852067,1.8937352166908181,2.64045245987852
84029,84034,5542,3579.3245321620548,9875.595272337989,2.759066741112948,2.160285081597195
84029,84037,5844,3579.3245321620548,15083.106689231903,4.2139533740800825,2.205105615247334
84029,84039,5220,3579.3245321620548,19669.32601203247,5.49526197898334,1.3602416983064707
84043,84031,5823,993.6222781501638,6778.29291852067,6.821800464397683,3.269856181321716
84043,84034,5521,993.6222781501638,9875.595272337989,9.938983343573456,2.741667799392175
84043,84037,5823,993.6222781501638,15083.106689231903,15.179919996673453,2.732943341406952
84043,84039,5199,993.6222781501638,19669.32601203247,19.795576694044186,1.8016494966680172
84043,84399,5823,993.6222781501638,2104.522364073628,2.11803057394369,1.869160750026675
84064,84034,4654,741.2065267564365,9875.595272337989,13.323675542300169,43.183674377518614
84064,84037,4956,741.2065267564365,15083.106689231903,20.34939810262663,44.10073859053956
84064,84039,4332,741.2065267564365,19669.32601203247,26.53690341625377,27.571168973944914
84091,84039,5220,2179.8791468822283,19669.32601203247,9.023126828000773,5.983309668246795
84078,84037,5844,799.6776986095923,15083.106689231903,18.86148221396827,12.41160916088077
84078,84039,5220,799.6776986095923,19669.32601203247,24.596566899679367,7.854289911492257
84034,84037,5542,9875.595272337989,15083.106689231903,1.5273111415856016,1.0138745976330323
84034,84039,5220,9875.595272337989,19669.32601203247,1.9917104204469767,0.643134165843589
84129,84029,5844,218.21733221043138,3579.3245321620548,16.402567549998455,9.766741579058747
84129,84031,5844,218.21733221043138,6778.29291852067,31.06211981358211,25.78861682742349
84129,84034,5542,218.21733221043138,9875.595272337989,45.25577859605924,21.151590271512177
84129,84037,5844,218.21733221043138,15083.106689231903,69.11965487089246,21.536696698652054
84129,84039,5220,218.21733221043138,19669.32601203247,90.13640581521243,13.488440583888915
84400,84031,5844,120.80436749138167,6778.29291852067,56.10966771548423,17.305654971266588
84400,84034,5542,120.80436749138167,9875.595272337989,81.7486608921033,14.362121426679964
84400,84037,5844,120.80436749138167,15083.106689231903,124.85564059021252,14.452370392015528
84400,84039,5220,120.80436749138167,19669.32601203247,162.8196597563884,9.552723460703481
84400,84043,5823,120.80436749138167,993.6222781501638,8.22505261013059,5.286516666381091
84400,84399,5844,120.80436749138167,2104.522364073628,17.420912900551937,9.89237721613055
84399,84031,5844,2104.522364073628,6778.29291852067,3.220822469854983,1.7493929510742794
84399,84034,5542,2104.522364073628,9875.595272337989,4.692558958234232,1.4657352626955107
84399,84037,5844,2104.522364073628,15083.106689231903,7.166997579458467,1.4609603006696343
84399,84039,5220,2104.522364073628,19669.32601203247,9.34621857567693,0.9568978631429528
84401,84031,5486,168.1788411819352,6778.29291852067,40.304076725014056,27.043561609872615
84401,84034,5184,168.1788411819352,9875.595272337989,58.72079509487527,22.759750504979888
84401,84037,5486,168.1788411819352,15083.106689231903,89.68492459116814,22.70697775265265
84401,84039,4862,168.1788411819352,19669.32601203247,116.95481948739479,14.098311114867506
84401,84399,5486,168.1788411819352,2104.522364073628,12.513597723015371,15.15880100121483
84108,84803,5844,1509.6965053388797,36858.83279291024,24.41473015441377,8.295474355850885
84108,84822,5418,1509.6965053388797,37358.41774100557,24.74564762446726,6.579010190838883
84108,84824,2620,1509.6965053388797,37658.14775814577,24.944184228400726,6.108890943136837
84108,84119,5844,1509.6965053388797,8674.96286928321,5.746163443185525,4.0696603020068505
84037,84039,5220,15083.106689231903,19669.32601203247,1.3040633085274633,0.6325965861137811
84031,84034,5542,6778.29291852067,9875.595272337989,1.4569443060441374,0.8266460148084799
84031,84037,5844,6778.29291852067,15083.106689231903,2.2252072712909134,0.8351241496500129
84031,84039,5220,6778.29291852067,19669.32601203247,2.9018111563589977,0.527292646494716
84157,84803,5844,720.8518642504293,36858.83279291024,51.132326377816234,82.35277561048433
84157,84822,5418,720.8518642504293,37358.41774100557,51.82537438514132,66.23961470335787
84157,84824,2620,720.8518642504293,37658.14775814577,52.241174124317794,63.104361296453575
84157,84119,5844,720.8518642504293,8674.96286928321,12.034321196219398,40.40128475904247
84157,84447,5844,720.8518642504293,875.6786969927551,1.2147831481344935,7.605974293555921
84165,84803,5114,116.52432380897568,36858.83279291024,316.31878725453765,72.2379191041968
84165,84822,4688,116.52432380897568,37358.41774100557,320.606174915455,60.867139126349976
84165,84119,5114,116.52432380897568,8674.96286928321,74.44765681287731,35.98258267750439
84165,84448,5114,116.52432380897568,401.64955667427694,3.4469160047023464,2.043954363580923
84173,84803,5844,310.99247647031456,36858.83279291024,118.52001441079413,83.29661836057763
84173,84822,5418,310.99247647031456,37358.41774100557,120.12643574215718,67.57831117824509
84173,84824,2620,310.99247647031456,37658.14775814577,121.09022117048028,85.03062507647525
84173,84119,5844,310.99247647031456,8674.96286928321,27.894446089956357,40.8643227007706
84397,84803,5844,96.78234865133003,36858.83279291024,380.8425121578583,179.2227553451637
84397,84822,5418,96.78234865133003,37358.41774100557,386.00445496103566,144.33064971103715
84397,84824,2620,96.78234865133003,37658.14775814577,389.10140416010927,149.75331295696927
84397,84119,5844,96.78234865133003,8674.96286928321,89.63372960224183,87.92453588022515
84397,84173,5844,96.78234865133003,310.99247647031456,3.213318139144382,2.1516210246295633
84447,84803,5844,875.6786969927551,36858.83279291024,42.09173172704827,10.827380218765244
84447,84822,5418,875.6786969927551,37358.41774100557,42.66224343392318,8.611537507850361
84447,84824,2620,875.6786969927551,37658.14775814577,43.00452653178719,8.903057486659366
84447,84119,5844,875.6786969927551,8674.96286928321,9.906559219808202,5.311782974769192
84179,84803,5844,305.63090873581854,36858.83279291024,120.59916631262678,44.23837843409138
84179,84822,5418,305.63090873581854,37358.41774100557,122.23376848739296,35.02440243200905
84179,84824,2620,305.63090873581854,37658.14775814577,123.21446123990276,31.188073769141447
84179,84119,5844,305.63090873581854,8674.96286928321,28.383787834697312,21.70281828565921
84185,84803,4749,1140.444743230942,36858.83279291024,32.31970072349771,11.379338060604594
84185,84822,4323,1140.444743230942,37358.41774100557,32.75776223507957,9.80500773592235
84185,84119,4749,1140.444743230942,8674.96286928321,7.6066490031832386,5.510782860635011
84398,84803,5844,447.9980649467093,36858.83279291024,82.27453571098506,56.989053409020826
84398,84822,5418,447.9980649467093,37358.41774100557,83.38968550109578,45.44880852623303
84398,84824,2620,447.9980649467093,37658.14775814577,84.05872860773478,48.170259816654166
84398,84119,5844,447.9980649467093,8674.96286928321,19.363840043182158,27.958146618108742
84448,84803,5844,401.64955667427694,36858.83279291024,91.7686380587777,35.16202065457972
84448,84822,5418,401.64955667427694,37358.41774100557,93.01247099670492,28.05520693437157
84448,84824,2620,401.64955667427694,37658.14775814577,93.75871859528816,28.04036811886663
84448,84119,5844,401.64955667427694,8674.96286928321,21.598337966841793,17.250065934488706
84449,84803,5844,227.58749095929042,36858.83279291024,161.95456366054557,32.09539502158001
84449,84822,5418,227.58749095929042,37358.41774100557,164.14969725945102,25.066429928372184
84449,84824,2620,227.58749095929042,37658.14775814577,165.46668535873903,27.41796138478436
84449,84119,5844,227.58749095929042,8674.96286928321,38.11704603235395,15.745616150862631
84449,84398,5844,227.58749095929042,447.9980649467093,1.9684652397123386,0.5631852628122371
84415,84827,2019,245.05325825543954,15241.889310297933,62.19827240334032,75.38639118648123
76518,76512,5844,529.6491776187157,12134.9741871461,22.911343394706137,14.263359542740435
76518,77801,5844,529.6491776187157,1390177.9012785743,2624.7145469549596,2520.290121790174
76500,77801,5844,4153.682524268997,1390177.9012785743,334.68564175429617,523.4968698717792
76533,77801,5844,2407.3069140783064,1390177.9012785743,577.4826189168473,573.1816864607307
76520,77801,5844,758.9122053118676,1390177.9012785743,1831.8033252704033,3751.4655028427073
76646,77801,5844,188.65499304490825,1390177.9012785743,7368.890050779893,7802.958782493344
76652,77801,5844,3867.925753921712,1390177.9012785743,359.41173376171065,368.4749939698524
76644,76574,4748,102.51696505547149,123826.85891423521,1207.866998864364,2735.177232419111
76644,77801,5844,102.51696505547149,1390177.9012785743,13560.466802020084,18298.462213552535
76706,77801,5113,1348.9710023829696,1390177.9012785743,1030.5469122930087,1132.0823305600566
76651,76574,4748,579.087364004918,123826.85891423521,213.83104970182634,355.51886197903315
76651,77801,5844,579.087364004918,1390177.9012785743,2400.635875844751,2535.1417853936946
76705,77801,5478,632.435754241523,1390177.9012785743,2198.132999210027,3543.525040482242
77159,77801,5819,573.2773330520909,1390177.9012785743,2424.965755888792,3273.4850545532745
77166,77801,5844,652.8993617161613,1390177.9012785743,2129.2376479346817,2558.6670016814446
77164,77801,5844,910.2060645869703,1390177.9012785743,1527.3221695236712,2373.221059877279
77156,77801,5844,923.7199269781707,1390177.9012785743,1504.9777109673923,3365.779468053663
77156,77146,5844,923.7199269781707,9374.518142406532,10.148658558307869,11.392525966325028
77179,77801,5844,3068.3551243696556,1390177.9012785743,453.06942805851526,513.7905466186775
77189,77801,5844,1300.8661966776906,1390177.9012785743,1068.6555656753774,1267.5735272721897
77193,77801,5844,438.3641343649294,1390177.9012785743,3171.2856784977735,3450.8397435131706
77197,77801,5844,3228.279365130978,1390177.9012785743,430.6250308737366,525.1890659070905
77201,77801,5844,670.9186682159612,1390177.9012785743,2072.0513038863473,3885.6272763481197
77217,77801,5844,1253.2555252786087,1390177.9012785743,1109.2533591420047,2240.5166807052765
77146,77801,5844,9374.518142406532,1390177.9012785743,148.2932648015231,295.43750683584244
76165,77801,5844,727.702668164775,1390177.9012785743,1910.3652660564298,1980.63593771792
76165,76176,5844,727.702668164775,4960.96089064962,6.817291055371396,5.670774769547318
76165,76180,5844,727.702668164775,10756.277179665049,14.781142972571162,17.099621269324224
76165,76190,5844,727.702668164775,21472.16533531316,29.50678384822299,57.32431134833425
76176,77801,5844,4960.96089064962,1390177.9012785743,280.22351554892737,349.27078189635597
76176,76180,5844,4960.96089064962,10756.277179665049,2.1681842321995313,3.0153941858440687
76176,76190,5844,4960.96089064962,21472.16533531316,4.328227093219729,10.108726528193657
76200,77801,5708,30.12045059035389,1390177.9012785743,46153.95434103434,46309.50556626736
76200,76165,5708,30.12045059035389,727.702668164775,24.15975371888436,23.39405657475475
76200,76176,5708,30.12045059035389,4960.96089064962,164.70407292772617,133.33534255560642
76200,76180,5708,30.12045059035389,10756.277179665049,357.10877390093754,403.2105428436997
76200,76190,5708,30.12045059035389,21472.16533531316,712.8766308094224,1355.6637325019212
76243,77801,5844,978.5454338355897,1390177.9012785743,1420.657491425324,680.1262907880089
76243,76701,5844,978.5454338355897,17537.183937341833,17.92168593399041,11.816943782756054
76217,77801,5844,910.9603431116103,1390177.9012785743,1526.0575411329958,750.3061132916291
76217,76180,5844,910.9603431116103,10756.277179665049,11.807623966290699,6.477692406272373
76217,76190,5844,910.9603431116103,21472.16533531316,23.570911179261294,21.715642145948706
76664,77801,4956,1288.7879880753846,1390177.9012785743,1078.6707465784193,661.4367263307927
76664,76180,4956,1288.7879880753846,10756.277179665049,8.346040837739315,5.010884547448978
76664,76190,4956,1288.7879880753846,21472.16533531316,16.660742910382552,17.06599201370985
76692,77801,5844,2122.1930784367155,1390177.9012785743,655.0666456336903,312.2359049530201
76692,76701,5844,2122.1930784367155,17537.183937341833,8.26370800825548,5.424983838682174
76704,77801,5256,83.5355853397542,1390177.9012785743,16641.744899786976,17449.979802963666
76704,76176,5256,83.5355853397542,4960.96089064962,59.3873960477143,49.55530436683542
76704,76180,5256,83.5355853397542,10756.277179665049,128.7628157020429,150.11844216365085
76704,76190,5256,83.5355853397542,21472.16533531316,257.04213656948724,509.8023657880378
76363,76367,5844,5644.193714171517,32149.6594122424,5.696058824402253,4.796854273740488
76363,76289,5844,5644.193714171517,100075.67001471936,17.730729149754026,14.013897956572553
76363,76295,5844,5644.193714171517,121118.77593273933,21.45900407858658,17.072985764734025
76363,77801,5844,5644.193714171517,1390177.9012785743,246.3023013877247,173.48420385625056
76363,76364,5844,5644.193714171517,14170.886238574027,2.510701608804385,2.142950410460536
76364,76367,5844,14170.886238574027,32149.6594122424,2.268711982510243,2.2384345668127748
76364,76289,5844,14170.886238574027,100075.67001471936,7.062061492125116,6.539534413939546
76364,76295,5844,14170.886238574027,121118.77593273933,8.54701490744076,7.967046592116386
76364,77801,5844,14170.886238574027,1390177.9012785743,98.10098520828036,80.95577154254704
76007,77801,5844,27486.873917525354,1390177.9012785743,50.576064249787635,30.067168870161336
76007,76008,5844,27486.873917525354,46273.80547339203,1.6834873842779305,1.7076327592245446
76076,77801,5844,1596.8195224399267,1390177.9012785743,870.5917492506568,516.0601980111633
76076,76008,5844,1596.8195224399267,46273.80547339203,28.978732300746202,29.309088050864396
76008,77801,5844,46273.80547339203,1390177.9012785743,30.042437336992794,17.607514676525167
76075,77801,5844,6240.194222527988,1390177.9012785743,222.77798602162645,151.52264503255827
76075,76008,5844,6240.194222527988,46273.80547339203,7.415443145397144,8.605566873930966
76099,77801,5844,5808.81984503134,1390177.9012785743,239.32191707885096,75.24730827121763
76099,76089,5844,5808.81984503134,30820.405698306542,5.30579472604392,6.168527688076638
76139,77801,5844,2031.7253613527735,1390177.9012785743,684.2351469949458,484.96043747527176
76139,76141,5844,2031.7253613527735,5173.79716467363,2.5465041993809567,2.557105589186249
76112,77801,5844,13323.749901611092,1390177.9012785743,104.33833654521506,36.087399167228234
76112,76089,5844,13323.749901611092,30820.405698306542,2.313193051948519,2.958326697233751
76089,77801,5844,30820.405698306542,1390177.9012785743,45.10576255506458,12.198584828704876
76147,77801,5630,834.8655784333956,1390177.9012785743,1665.1517767533408,1120.284319697885
76147,76141,5630,834.8655784333956,5173.79716467363,6.197161912438803,5.8854434448654525
76145,77801,5844,259.4908260400844,1390177.9012785743,5357.329669388115,3455.148173080063
76145,76139,5844,259.4908260400844,2031.7253613527735,7.829661619863686,7.124598020959683
76145,76141,5844,259.4908260400844,5173.79716467363,19.93826619471478,18.218349420101294
76159,77801,5844,4293.755240609341,1390177.9012785743,323.7673838812688,250.17476047474875
76141,77801,5844,5173.79716467363,1390177.9012785743,268.69586437802855,189.65209709216634
76253,77801,5844,335.8225605707554,1390177.9012785743,4139.62033675124,3644.8451390349574
76255,77801,5844,1127.6808954120377,1390177.9012785743,1232.7759625391402,1048.6371744716166
76180,77801,5844,10756.277179665049,1390177.9012785743,129.24340625088507,115.82922840934913
76180,76190,5844,10756.277179665049,21472.16533531316,1.9962450740769961,3.352373157595654
76494,76495,5844,627.3705785185192,4768.784014499596,7.60122354758915,5.886346689037356
76494,77801,5844,627.3705785185192,1390177.9012785743,2215.87997409977,1438.250149539348
76256,77801,5844,1890.3593503443285,1390177.9012785743,735.4040389333137,502.99818807708533
76648,77801,5844,2549.0849217853997,1390177.9012785743,545.3635104101916,390.66672436608457
76648,76701,5844,2549.0849217853997,17537.183937341833,6.879795877910041,6.787690436549241
76653,77801,5844,315.45194300540504,1390177.9012785743,4406.940366364313,2643.0679347902965
76190,77801,5844,21472.16533531316,1390177.9012785743,64.74325619094807,34.55141267519952
76649,76264,5844,546.2570166197662,2785.0430665765707,5.098411520295691,4.675378865362348
76649,77801,5844,546.2570166197662,1390177.9012785743,2544.9154134092105,1962.0270817208527
76663,77801,5677,343.340321829102,1390177.9012785743,4048.9794320474157,1121.580993930277
76663,76190,5677,343.340321829102,21472.16533531316,62.53901441264726,30.8045369511866
76685,77801,5844,2140.7492596161937,1390177.9012785743,649.3884769708217,227.86499236838083
76685,76190,5844,2140.7492596161937,21472.16533531316,10.030210328865332,6.594954438199826
76702,77801,5722,1997.777640312807,1390177.9012785743,695.8621786661421,525.1364614802744
76690,77801,5844,6203.09236347087,1390177.9012785743,224.1104629466965,78.64755068016792
76133,77801,4017,3368.379512255291,1390177.9012785743,412.7141541565142,117.01310380328962
76133,76130,4017,3368.379512255291,5211.576773106967,1.547205935122663,1.6164021761647571
76136,77801,4199,886.543431778561,1390177.9012785743,1568.087756839656,1126.8346796402595
76701,77801,5844,17537.183937341833,1390177.9012785743,79.27030395789347,57.55517698074246
19114,19063,3811,1755.464253946673,82551.78150309673,47.02561235154862,49.924845022465284
19114,19050,3811,1755.464253946673,22494.749492120714,12.814131328249795,25.080262780638005
76130,77801,5844,5211.576773106967,1390177.9012785743,266.7480422532079,73.03734731188221
19039,19063,5844,2650.5374804900084,82551.78150309673,31.1452986840372,10.838411533940432
19039,19050,5844,2650.5374804900084,22494.749492120714,8.48686338438877,4.809257554513825
19039,19049,5844,2650.5374804900084,17132.572933830845,6.463810853436233,3.832328739962328
19088,19063,4081,297.82560154933896,82551.78150309673,277.18161593109676,84.44390338390323
19088,19050,4081,297.82560154933896,22494.749492120714,75.52993891424792,40.933778273463794
19088,19049,4081,297.82560154933896,17132.572933830845,57.52552112613662,33.06173075235682
19313,19063,5844,949.7528997419327,82551.78150309673,86.91922027879856,40.704514863663185
19313,19050,5844,949.7528997419327,22494.749492120714,23.684844234993122,18.061548502552768
76360,76367,5844,4038.190063284345,32149.6594122424,7.961403229766359,10.556553274997665
76360,76289,5844,4038.190063284345,100075.67001471936,24.782308025721235,30.84072434278469
76360,76295,5844,4038.190063284345,121118.77593273933,29.993332169766887,37.57293290632954
76360,77801,5844,4038.190063284345,1390177.9012785743,344.2576697709749,381.7908854151994
76360,76363,5844,4038.190063284345,5644.193714171517,1.3977038291211523,2.200724198103663
76360,76364,5844,4038.190063284345,14170.886238574027,3.509217252406527,4.716042823636679
76408,76367,5844,1070.3284080469912,32149.6594122424,30.0371915484382,33.436498413941976
76408,76416,5479,1070.3284080469912,6414.247947319129,5.992784923856306,6.306269319699184
76408,76417,5844,1070.3284080469912,14118.49601517702,13.190807521346446,12.515388882744508
76408,76289,5844,1070.3284080469912,100075.67001471936,93.4999662368353,97.68395078483324
76408,76295,5844,1070.3284080469912,121118.77593273933,113.16038612274392,119.00733874048619
76408,77801,5844,1070.3284080469912,1390177.9012785743,1298.8330411739764,1209.2725724103016
76421,76367,5844,325.0898566038474,32149.6594122424,98.89468637411159,81.3321282604158
76421,76416,5479,325.0898566038474,6414.247947319129,19.73069235173183,15.38125707640575
76421,76417,5844,325.0898566038474,14118.49601517702,43.42951872651547,30.44287715892895
76421,76289,5844,325.0898566038474,100075.67001471936,307.8400263243863,237.60991703914334
76421,76295,5844,325.0898566038474,121118.77593273933,372.5701478294168,289.47768449151005
76421,77801,5844,325.0898566038474,1390177.9012785743,4276.288149379687,2941.477625541901
76406,76367,5844,581.603383084754,32149.6594122424,55.27763480625662,51.69970587035489
76406,76416,5479,581.603383084754,6414.247947319129,11.028560242030803,9.650388047474339
76406,76417,5844,581.603383084754,14118.49601517702,24.275127046707027,19.351366165220348
76406,76289,5844,581.603383084754,100075.67001471936,172.06858303321778,151.03948569340358
76406,76295,5844,581.603383084754,121118.77593273933,208.2497788962987,184.00983060867898
76406,77801,5844,581.603383084754,1390177.9012785743,2390.250713304381,1869.7841962013442
76406,76408,5844,581.603383084754,1070.3284080469912,1.840306365430852,1.5462057429075087
76423,76367,5844,278.4889482110925,32149.6594122424,115.4432146006498,87.86740610419527
76423,76416,5479,278.4889482110925,6414.247947319129,23.032324939721406,16.026560717611236
76423,76417,5844,278.4889482110925,14118.49601517702,50.69679104276449,32.889052672259005
76423,76289,5844,278.4889482110925,100075.67001471936,359.35239318316775,256.7025789367413
76423,76295,5844,278.4889482110925,121118.77593273933,434.91412032958743,312.738075411917
76423,77801,5844,278.4889482110925,1390177.9012785743,4991.860216387581,3177.8340810452673
19049,19063,5844,17132.572933830845,82551.78150309673,4.818411211318168,2.8281528724091074
19049,19050,5844,17132.572933830845,22494.749492120714,1.3129813939213675,1.2549178008567972
76461,76462,5479,2405.2806532484265,4835.572497788944,2.0103984502840917,1.4797099156125197
76461,76466,5479,2405.2806532484265,6938.950860307606,2.884881999502336,3.164511916740575
76461,76289,5844,2405.2806532484265,100075.67001471936,41.6066498849368,27.049080531217854
76461,76295,5844,2405.2806532484265,121118.77593273933,50.35536113807078,32.95361278423162
76461,77801,5844,2405.2806532484265,1390177.9012785743,577.9691028575331,334.85245971846837
76470,76462,5479,131.55310116030162,4835.572497788944,36.75757131636635,22.36897306636432
76470,76466,5479,131.55310116030162,6938.950860307606,52.74638757357969,47.8383506705481
76470,76289,5844,131.55310116030162,100075.67001471936,760.7245221287029,425.6885289214263
76470,76295,5844,131.55310116030162,121118.77593273933,920.6835480461405,518.6118963480448
76470,77801,5844,131.55310116030162,1390177.9012785743,10567.42782205186,5269.785448668563
76470,76461,5844,131.55310116030162,2405.2806532484265,18.2837244582894,15.737633980945532
75387,75328,5479,165.74191219363564,243528.34743045195,1469.3226608001162,2445.770164173264
75387,77801,5844,165.74191219363564,1390177.9012785743,8387.606266147302,15247.295768001484
75387,75314,5844,165.74191219363564,54927.05572014244,331.4011223423763,513.3747237081539
75387,75382,5844,165.74191219363564,15339.66682229086,92.55152555721443,170.4324939871637
75387,75317,5844,165.74191219363564,68999.47920922606,416.306764511165,655.6258705873386
75387,75326,5844,165.74191219363564,186586.53374298877,1125.7655427855836,1734.8150938901806
75387,75320,5844,165.74191219363564,98985.96540741557,597.2295365566354,1080.267756943387
75367,75328,5479,1870.7166414852388,243528.34743045195,130.17917413569634,109.11179730505388
75367,77801,5844,1870.7166414852388,1390177.9012785743,743.1258537235522,650.511725817919
75367,75314,5844,1870.7166414852388,54927.05572014244,29.36150483834558,21.90265622127833
75367,75368,5479,1870.7166414852388,7418.93385880364,3.9658244836660264,2.918649557991238
75367,75317,5844,1870.7166414852388,68999.47920922606,36.88398214838381,27.971669406564352
75367,75326,5844,1870.7166414852388,186586.53374298877,99.74067135835712,74.01427622790813
75367,75320,5844,1870.7166414852388,98985.96540741557,52.91339330195221,46.08862145833508
75314,75328,5479,54927.05572014244,243528.34743045195,4.433668330435324,4.812340947954906
75314,77801,5844,54927.05572014244,1390177.9012785743,25.309528847889414,29.70012948411023
75314,75317,5844,54927.05572014244,68999.47920922606,1.256202035674071,1.277090281834858
75314,75326,5844,54927.05572014244,186586.53374298877,3.3969877193793434,3.379237453218281
75314,75320,5844,54927.05572014244,98985.96540741557,1.8021349243942122,2.104248041548504
75368,75328,5114,7418.93385880364,243528.34743045195,32.82524848789025,36.345828109996994
75368,77801,5479,7418.93385880364,1390177.9012785743,187.38243630908326,217.27763784370435
75368,75314,5479,7418.93385880364,54927.05572014244,7.403631945709225,7.424261668037327
75368,75317,5479,7418.93385880364,68999.47920922606,9.300457521581512,9.480768898749517
75368,75326,5479,7418.93385880364,186586.53374298877,25.150046798378828,24.910259989056367
75368,75320,5479,7418.93385880364,98985.96540741557,13.342343696723267,15.527910622554584
75388,75328,5479,873.1580888406558,243528.34743045195,278.905218359483,252.5128718612471
75388,77801,5844,873.1580888406558,1390177.9012785743,1592.1262358393733,1582.8341469843294
75388,75317,5844,873.1580888406558,68999.47920922606,79.0228941254393,68.06105367155146
75388,75326,5844,873.1580888406558,186586.53374298877,213.69158246100758,180.09256271370415
75388,75320,5844,873.1580888406558,98985.96540741557,113.36545657939809,112.14347249461676
75267,77801,5113,322.7654547788289,1390177.9012785743,4307.083923312601,3824.6079828941533
75271,77801,5844,31.478440980020846,1390177.9012785743,44162.85743505883,24371.37615880605
75266,77801,5844,607.6209980445708,1390177.9012785743,2287.9029950452777,2206.7649414652124
75389,75328,5479,3618.645229401443,243528.34743045195,67.29821023950826,53.473958949685
75389,77801,5844,3618.645229401443,1390177.9012785743,384.17081895273895,335.6361372728151
75389,75317,5844,3618.645229401443,68999.47920922606,19.067765651246006,14.432181158436585
75389,75326,5844,3618.645229401443,186586.53374298877,51.56253844034661,38.1881906047787
75389,75320,5844,3618.645229401443,98985.96540741557,27.354426624405164,23.779751024556333
75382,75328,5479,15339.66682229086,243528.34743045195,15.875726001856075,14.704957722106876
75382,77801,5844,15339.66682229086,1390177.9012785743,90.62634263075618,89.46237546198115
75382,75314,5844,15339.66682229086,54927.05572014244,3.580720256604603,3.012188061666335
75382,75317,5844,15339.66682229086,68999.47920922606,4.498108075526084,3.846836100613054
75382,75326,5844,15339.66682229086,186586.53374298877,12.163662738218687,10.178898714119855
75382,75320,5844,15339.66682229086,98985.96540741557,6.45294102891296,6.338390829537168
75235,77801,5844,308.605955210227,1390177.9012785743,4504.70212193917,3785.0625706406568
75239,77801,5844,803.5461889044776,1390177.9012785743,1730.0535059146837,850.2791849785215
75239,75241,5844,803.5461889044776,9047.45906778518,11.25941382426332,8.708957769519262
75576,75328,5479,4534.839567478761,243528.34743045195,53.70164562753135,47.307330695111204
75576,77801,5844,4534.839567478761,1390177.9012785743,306.555034768622,300.8370647486052
75576,75553,5844,4534.839567478761,25618.392137967498,5.649238910608381,5.328380328995947
75758,75328,5479,204.95985617673227,243528.34743045195,1188.1758309805941,878.8836000097465
75758,77801,5844,204.95985617673227,1390177.9012785743,6782.683825069897,5669.840995362677
75263,77801,5844,829.7544517353236,1390177.9012785743,1675.4087891558736,1092.243260190084
75254,77801,5844,991.3714376279373,1390177.9012785743,1402.2775404997187,930.9919872217555
75265,77801,4748,216.39046118702936,1390177.9012785743,6424.395482373059,5929.682596221659
75257,77801,5844,788.8674773934991,1390177.9012785743,1762.2451693304276,1233.6732828353095
75241,77801,5844,9047.45906778518,1390177.9012785743,153.65395862673853,97.63271421001014
75273,77801,5844,814.947139345101,1390177.9012785743,1705.8503971137734,1479.3429417337436
75280,77801,5844,3710.8109222266944,1390177.9012785743,374.62913913285286,276.89513749465135
75274,77801,5844,796.6422213503039,1390177.9012785743,1745.0467274032135,1425.6347885306604
75289,77801,5844,1878.1648568627727,1390177.9012785743,740.1788486239082,448.10807368672334
75289,75284,3287,1878.1648568627727,11532.798007164554,6.140460974458108,5.456002661532327
75289,75286,5844,1878.1648568627727,16118.261769879045,8.581920650353602,8.42875612262659
75289,75287,5478,1878.1648568627727,18725.52498950724,9.970117863234735,12.066080537306147
75291,77801,5844,2112.738055934439,1390177.9012785743,657.9982300095006,358.67063124751974
75291,75286,5844,2112.738055934439,16118.261769879045,7.629086684269588,6.746469114607801
75291,75287,5478,2112.738055934439,18725.52498950724,8.8631550593361,10.061071589058843
75287,77801,5478,18725.52498950724,1390177.9012785743,74.23972903603791,37.326274998045236
75284,77801,3287,11532.798007164554,1390177.9012785743,120.54125117035345,82.50254152593176
75284,75286,3287,11532.798007164554,16118.261769879045,1.3976020181629687,1.540055104297832
75284,75287,2921,11532.798007164554,18725.52498950724,1.6236757964437014,2.273679831041944
75296,77801,5844,447.7785127138275,1390177.9012785743,3104.6105648375055,1412.3494196713857
75297,77801,5844,469.1819259795554,1390177.9012785743,2962.982639146145,2026.6433508595735
75290,77801,5844,1290.9839813486924,1390177.9012785743,1076.8359029724395,610.999793283253
75290,75286,5844,1290.9839813486924,16118.261769879045,12.485253111382745,11.492692390452648
75290,75287,5478,1290.9839813486924,18725.52498950724,14.504846892015395,16.81626227205556
75290,75291,5844,1290.9839813486924,2112.738055934439,1.6365331301223889,1.7035121921136616
75292,77801,5782,949.2758812833049,1390177.9012785743,1464.4614159997657,912.4998763485189
75292,75293,5782,949.2758812833049,5749.5067483339235,6.056728988585798,5.512032808523877
75682,75678,5479,1925.9585628199195,27496.621202037128,14.276849841347344,11.755489277430144
75682,75676,5114,1925.9585628199195,22285.21201467444,11.570971694243115,9.373526895033415
75682,77801,5844,1925.9585628199195,1390177.9012785743,721.8109091833863,409.62682366743263
75682,75674,5844,1925.9585628199195,12639.591024193816,6.562753357313866,6.767962112047381
75682,75683,5479,1925.9585628199195,5229.5614913410045,2.71530322214413,2.3751739994878602
75293,77801,5844,5749.5067483339235,1390177.9012785743,241.79081130418993,166.73944416162405
75286,77801,5844,16118.261769879045,1390177.9012785743,86.24862414608907,53.16419969534993
75286,75287,5478,16118.261769879045,18725.52498950724,1.1617583370249336,1.446568191212055
75684,75678,5479,692.2009221521791,27496.621202037128,39.72346803085021,33.72808037851247
75684,75676,5114,692.2009221521791,22285.21201467444,32.1947158714924,26.246537648495096
75684,77801,5844,692.2009221521791,1390177.9012785743,2008.3444803226455,1187.8540809824167
75674,75678,5479,12639.591024193816,27496.621202037128,2.1754359891396033,1.7234086457370574
75674,75676,5114,12639.591024193816,22285.21201467444,1.763127617975744,1.3299847375403746
75674,77801,5844,12639.591024193816,1390177.9012785743,109.98598757013525,60.52439669221436
75683,75678,5114,5229.5614913410045,27496.621202037128,5.257921003044986,4.893457696502669
75683,75676,4749,5229.5614913410045,22285.21201467444,4.261392097898421,3.8494296575721902
75683,77801,5479,5229.5614913410045,1390177.9012785743,265.830682664388,170.3463130071691
75683,75674,5479,5229.5614913410045,12639.591024193816,2.4169504546647325,2.828649240943513
75079,77801,5844,2013.5230595069324,1390177.9012785743,690.4206508660488,560.9515493418363
75772,77801,5844,802.7199615697596,1390177.9012785743,1731.8342234320558,997.4663933361932
75074,77801,5844,1337.7440160862195,1390177.9012785743,1039.1957538675883,970.3877193805945
75394,75328,5479,3015.6847309181494,243528.34743045195,80.75391466942494,111.44483096022839
75394,77801,5844,3015.6847309181494,1390177.9012785743,460.98250491036026,711.1644763880589
75394,75326,5844,3015.6847309181494,186586.53374298877,61.872029204518675,80.91525780366113
75394,75320,5844,3015.6847309181494,98985.96540741557,32.82371144190477,50.38585631281708
75402,75328,5479,4940.260273090515,243528.34743045195,49.2946391421815,35.05662806326243
75402,77801,5844,4940.260273090515,1390177.9012785743,281.39770466160286,220.30845277748543
75402,75403,2191,4940.260273090515,7314.099333381463,1.4805089062252845,1.4580075717750378
75402,75326,5844,4940.260273090515,186586.53374298877,37.768563482236225,25.066374720169105
75402,75320,5844,4940.260273090515,98985.96540741557,20.036589154338664,15.608808390603992
75421,77801,2191,87.21592138361322,1390177.9012785743,15939.496816916862,15827.127182920432
75421,75402,2191,87.21592138361322,4940.260273090515,56.64401860024066,67.05946379925794
75421,75403,2191,87.21592138361322,7314.099333381463,83.86197402204698,97.77320597849211
75421,75326,2191,87.21592138361322,186586.53374298877,2139.363212392159,1574.836940988896
75421,75320,2191,87.21592138361322,98985.96540741557,1134.9529287437397,1056.8680748895717
75403,77801,2191,7314.099333381463,1390177.9012785743,190.06822821421343,161.87591502729327
75403,75326,2191,7314.099333381463,186586.53374298877,25.51052771342741,16.10704001396174
75403,75320,2191,7314.099333381463,98985.96540741557,13.533582317599214,10.809383453397842
75317,75328,5479,68999.47920922606,243528.34743045195,3.529422978570674,3.7493776975566755
75317,77801,5844,68999.47920922606,1390177.9012785743,20.147657883955315,23.2560923112175
75317,75326,5844,68999.47920922606,186586.53374298877,2.704173073208354,2.6460442940362565
75317,75320,5844,68999.47920922606,98985.96540741557,1.4345900366474065,1.6476893383960511
75427,75328,5479,1940.9938900467068,243528.34743045195,125.46579805286859,82.13423318371389
75427,77801,5844,1940.9938900467068,1390177.9012785743,716.2196173863906,518.1959360393047
75427,75403,2191,1940.9938900467068,7314.099333381463,3.7682237800374843,3.625190777228764
75427,75326,5844,1940.9938900467068,186586.53374298877,96.12937717104245,58.959578479493736
75427,75320,5844,1940.9938900467068,98985.96540741557,50.99756671827217,36.71407507271908
75428,75328,5479,68.0095363540882,243528.34743045195,3580.7970541444947,2037.2861430610376
75428,77801,5844,68.0095363540882,1390177.9012785743,20440.926020149345,13124.080115058097
75428,75403,2191,68.0095363540882,7314.099333381463,107.5452021213757,102.68892117738355
75428,75427,5844,68.0095363540882,1940.9938900467068,28.540025327345575,25.32648213216139
75428,75326,5844,68.0095363540882,186586.53374298877,2743.534859163507,1493.2387108806654
75428,75320,5844,68.0095363540882,98985.96540741557,1455.4718457724834,929.8383663280518
75450,77801,2191,543.2274166683558,1390177.9012785743,2559.108503404731,2822.6216109369625
75450,75326,2191,543.2274166683558,186586.53374298877,343.47775538895746,280.85758912293585
75450,75320,2191,543.2274166683558,98985.96540741557,182.2182798035159,188.482637032945
75453,75328,5479,767.7088757224537,243528.34743045195,317.2144482519877,286.49928965447816
75453,77801,5844,767.7088757224537,1390177.9012785743,1810.813897351838,1791.779293270739
75453,75326,5844,767.7088757224537,186586.53374298877,243.04334578312802,203.866036980103
75453,75320,5844,767.7088757224537,98985.96540741557,128.93685163437073,126.94719296659216
75720,77801,2191,943.597821279437,1390177.9012785743,1473.273750668069,1223.9994020476431
75720,75389,2191,943.597821279437,3618.645229401443,3.834944451752626,3.2954758088465446
75720,75317,2191,943.597821279437,68999.47920922606,73.12382209156517,50.652425014683914
75720,75326,2191,943.597821279437,186586.53374298877,197.73947071008874,121.79086272669139
75720,75320,2191,943.597821279437,98985.96540741557,104.9027066141369,81.73346159144103
75480,75328,5472,1099.8026082628005,243528.34743045195,221.42914155760963,180.47014213311192
75480,77801,5837,1099.8026082628005,1390177.9012785743,1264.024917593565,1148.6095048888267
75480,75326,5837,1099.8026082628005,186586.53374298877,169.65456559310456,130.72119692976682
75480,75477,2191,1099.8026082628005,4349.392432049446,3.9547027797284042,3.262823858127452
75119,77801,5645,381.75252296178274,1390177.9012785743,3641.568339858084,1866.998603042038
75121,77801,5844,397.79104563860966,1390177.9012785743,3494.7440786325315,2255.162214108983
75543,75328,5479,1141.4149289252166,243528.34743045195,213.35654656257566,244.06898139923544
75543,77801,5844,1141.4149289252166,1390177.9012785743,1217.9426307202752,1563.339865289791
75561,75328,5479,281.6792863536597,243528.34743045195,864.558947812344,592.0833164195255
75561,77801,5844,281.6792863536597,1390177.9012785743,4935.321724484739,3703.8299893862722
75561,75552,5844,281.6792863536597,15422.168056245822,54.75080633683043,37.970760499792455
75561,75553,5844,281.6792863536597,25618.392137967498,90.9487966601938,65.6016733638955
75553,75328,5479,25618.392137967498,243528.34743045195,9.505996555870228,8.915681006826508
75553,77801,5844,25618.392137967498,1390177.9012785743,54.26483808163254,56.4593828093524
75552,75328,5479,15422.168056245822,243528.34743045195,15.790798449497212,15.532888194778431
75552,77801,5844,15422.168056245822,1390177.9012785743,90.14153497799333,97.54426671034194
75552,75553,5844,15422.168056245822,25618.392137967498,1.6611407711636437,1.7276892140270423
75106,77801,5844,1624.934801641746,1390177.9012785743,855.5284186627143,699.3895528597468
75438,75328,4749,18.007050544423997,243528.34743045195,13524.055304318681,4.586878514466044
75438,77801,5114,18.007050544423997,1390177.9012785743,77201.86589408181,28.75680617200509
75438,75326,5114,18.007050544423997,186586.53374298877,10361.859832773476,3.275184196808844
75438,75320,5114,18.007050544423997,98985.96540741557,5497.067116195063,2.0563355333498206
75573,75328,5479,1410.2352516246863,243528.34743045195,172.6863281497827,157.3062467748934
75573,77801,5844,1410.2352516246863,1390177.9012785743,985.7773018203845,1004.1264579827916
75573,75552,5844,1410.2352516246863,15422.168056245822,10.93588324251464,10.29405921892415
75573,75553,5844,1410.2352516246863,25618.392137967498,18.166041522826337,17.784935081090897
75579,75328,5114,966.3161331405086,243528.34743045195,252.01726337631305,237.81611173924605
75579,77801,5479,966.3161331405086,1390177.9012785743,1438.6367500256083,1508.0861994990332
75579,75553,5479,966.3161331405086,25618.392137967498,26.51139855722808,26.82986178067994
75435,75328,4749,22.74661415604979,243528.34743045195,10706.136120292966,4.5675588967180465
75435,77801,5114,22.74661415604979,1390177.9012785743,61115.8166987607,29.52387172067377
75435,75326,5114,22.74661415604979,186586.53374298877,8202.826691609545,3.3625472004709787
75435,75320,5114,22.74661415604979,98985.96540741557,4351.67909950628,2.1111866922268256
75110,77801,5844,372.32233607654433,1390177.9012785743,3733.8020488590105,2459.3695018933226
75108,77801,5844,505.9727338451696,1390177.9012785743,2747.5352094841855,2128.9115923370723
75326,75328,5479,186586.53374298877,243528.34743045195,1.3051764376838522,1.3924869003659008
75326,77801,5844,186586.53374298877,1390177.9012785743,7.450580025209413,8.789003405435373
75111,77801,5844,195.89146308771458,1390177.9012785743,7096.6742468817665,6946.01326105705
75217,77801,5844,827.7825164565792,1390177.9012785743,1679.3999313121458,1184.2538560322566
75219,77801,5844,446.7105819640528,1390177.9012785743,3112.0326166583695,1940.5522662850708
75227,77801,5844,1447.8639091677896,1390177.9012785743,960.1578521821347,637.1983697153781
75780,77801,5844,342.56253997911796,1390177.9012785743,4058.172564236934,2693.045672079123
75728,77801,5844,420.7732154444195,1390177.9012785743,3303.865004359349,2614.4802791580437
75463,75328,5479,821.7125067024756,243528.34743045195,296.3668502597446,347.49014449741003
75463,77801,5844,821.7125067024756,1390177.9012785743,1691.8056983912109,2195.1476299914793
75463,75326,5844,821.7125067024756,186586.53374298877,227.0703344795843,249.7606985376677
75469,75328,4749,3849.3840416336907,243528.34743045195,63.26423780961532,89.08218384142808
75469,77801,5114,3849.3840416336907,1390177.9012785743,361.14294812958656,570.6633838640661
75469,75326,5114,3849.3840416336907,186586.53374298877,48.471789700619446,63.96308595256497
75477,77801,2191,4349.392432049446,1390177.9012785743,319.62576911541606,441.61224002702926
75477,75326,2191,4349.392432049446,186586.53374298877,42.89944783277895,43.94147220462865
75491,75328,5479,1572.6363936995826,243528.34743045195,154.85356208599396,141.44416262218797
75491,77801,5844,1572.6363936995826,1390177.9012785743,883.9792254891291,901.3208340339667
75491,75326,5844,1572.6363936995826,186586.53374298877,118.64569234853406,102.55097107785438
75320,75328,5479,98985.96540741557,243528.34743045195,2.46023106839556,2.2532014593035194
75320,77801,5844,98985.96540741557,1390177.9012785743,14.04419197768847,14.114367174249134
75320,75326,5844,98985.96540741557,186586.53374298877,1.8849796834836,1.605912129413945
75716,75328,5114,874.7276886601062,243528.34743045195,278.4047545167854,496.17017643863227
75716,77801,5479,874.7276886601062,1390177.9012785743,1589.269345535439,3215.6643778972507
75716,75326,5479,874.7276886601062,186586.53374298877,213.30813710584493,363.72816560076404
75500,75328,5479,28050.105354130075,243528.34743045195,8.68190491108423,10.529698541936638
75500,77801,5844,28050.105354130075,1390177.9012785743,49.56052334662214,67.38421128927898
75500,75326,5844,28050.105354130075,186586.53374298877,6.651901352502975,7.666877367188939
75033,77801,5014,709.484890215544,1390177.9012785743,1959.418615463725,1462.8905053001056
75033,75006,5014,709.484890215544,21224.62537715728,29.91554248704178,34.70364255794881
75006,77801,5844,21224.62537715728,1390177.9012785743,65.49834810157519,41.418349087522344
75361,75328,5479,393.65338213240284,243528.34743045195,618.6364921120955,650.2504683203495
75361,77801,5844,393.65338213240284,1390177.9012785743,3531.477092227793,4118.00920077569
75361,75314,5844,393.65338213240284,54927.05572014244,139.53152243378432,138.65290395379768
75361,75317,5844,393.65338213240284,68999.47920922606,175.27978252202217,177.072276187577
75361,75326,5844,393.65338213240284,186586.53374298877,473.9868681738687,468.5410860381502
75361,75320,5844,393.65338213240284,98985.96540741557,251.45462963181723,291.7601015997916
75361,75359,5844,393.65338213240284,8244.33395766129,20.943130001835883,18.153798541388017
75311,75328,5479,17498.715948792404,243528.34743045195,13.916926712971645,18.32668300884477
75311,77801,5844,17498.715948792404,1390177.9012785743,79.44456640971484,114.74423452315489
75311,75314,5844,17498.715948792404,54927.05572014244,3.1389192144657327,3.8634253963284513
75311,75317,5844,17498.715948792404,68999.47920922606,3.9431167070283095,4.93394302824505
75311,75326,5844,17498.715948792404,186586.53374298877,10.662870023663949,13.055431796987783
75311,75320,5844,17498.715948792404,98985.96540741557,5.656755941240743,8.129605323892896
75782,75328,2922,1403.9567950005787,243528.34743045195,173.45857671521264,187.6440271380428
75782,77801,3287,1403.9567950005787,1390177.9012785743,990.185671118178,1336.526554833168
75782,75314,3287,1403.9567950005787,54927.05572014244,39.12303848361644,41.40842943796157
75782,75317,3287,1403.9567950005787,68999.47920922606,49.14644058487399,52.36436165268139
75782,75326,3287,1403.9567950005787,186586.53374298877,132.90048127365048,133.31564006862672
75782,75320,3287,1403.9567950005787,98985.96540741557,70.50499399974396,86.57274647032614
75782,75359,3287,1403.9567950005787,8244.33395766129,5.872213437777401,5.203348111376155
75058,77801,5735,5597.217462636123,1390177.9012785743,248.36946403433856,109.40582604756608
75783,75328,4383,716.8019855201759,243528.34743045195,339.7428471877431,281.68143635389765
75783,77801,4748,716.8019855201759,1390177.9012785743,1939.4169231684484,1809.0905569957654
75783,75314,4748,716.8019855201759,54927.05572014244,76.62793467331488,59.47464105729766
75783,75317,4748,716.8019855201759,68999.47920922606,96.2601675261179,75.85365331026327
75783,75326,4748,716.8019855201759,186586.53374298877,260.3041530466532,201.54096948323667
75783,75320,4748,716.8019855201759,98985.96540741557,138.09387725897895,126.45463919487092
75783,75359,4748,716.8019855201759,8244.33395766129,11.501550113143816,7.667037349666615
75221,77801,5844,344.6964483198228,1390177.9012785743,4033.049681987767,2565.759928573056
75359,75328,5479,8244.33395766129,243528.34743045195,29.53887465998949,35.88034097244328
75359,77801,5844,8244.33395766129,1390177.9012785743,168.62222083892058,226.84008481129882
75359,75314,5844,8244.33395766129,54927.05572014244,6.6624006259595845,7.637679995053887
75359,75317,5844,8244.33395766129,68999.47920922606,8.369321228806635,9.754006897447825
75359,75326,5844,8244.33395766129,186586.53374298877,22.632093107969958,25.809534294982107
75359,75320,5844,8244.33395766129,98985.96540741557,12.006544848347627,16.071573171566328
75236,77801,5844,347.46846836364386,1390177.9012785743,4000.8749796073025,2361.959702345156
75225,77801,5844,4874.855100342003,1390177.9012785743,285.1731739023472,241.36499128565234
75222,77801,5844,288.0626348424507,1390177.9012785743,4825.957042428986,3568.846075758997
75238,77801,5844,675.9782240908406,1390177.9012785743,2056.542432484862,1263.2922063589497
75259,77801,5844,1792.540152847425,1390177.9012785743,775.5351527664784,484.892317978053
75749,77801,5844,480.04463620630924,1390177.9012785743,2895.9346619615517,1973.5212412102455
75749,75225,5844,480.04463620630924,4874.855100342003,10.15500379062028,8.176501615657296
75751,77801,5844,396.85662003470276,1390177.9012785743,3502.972688617394,2846.874013554916
75751,75225,5844,396.85662003470276,4874.855100342003,12.283668343281576,11.794892036292362
75776,77801,5844,179.84656707370047,1390177.9012785743,7729.799483516883,5050.9722385339865
75309,75328,4749,4887.4121024155265,243528.34743045195,49.82766796155616,77.78410443377682
75309,77801,5114,4887.4121024155265,1390177.9012785743,284.44049164413633,492.82028594724073
75309,75314,5114,4887.4121024155265,54927.05572014244,11.238474384633047,15.709421473077073
75309,75317,5114,4887.4121024155265,68999.47920922606,14.117794399846936,19.70457943066382
75309,75326,5114,4887.4121024155265,186586.53374298877,38.17695946915778,52.89869797302505
75309,75320,5114,4887.4121024155265,98985.96540741557,20.253247185456964,32.48496658618207
75309,75311,5114,4887.4121024155265,17498.715948792404,3.580364328218596,4.099020446545969
75333,75328,4749,693.3124248104241,243528.34743045195,351.2534013753484,587.2194259385011
75333,77801,5114,693.3124248104241,1390177.9012785743,2005.1247482816966,3672.521222388081
75333,75314,5114,693.3124248104241,54927.05572014244,79.22410410452606,117.06738824767243
75333,75317,5114,693.3124248104241,68999.47920922606,99.52148085056017,146.8395035692416
75333,75326,5114,693.3124248104241,186586.53374298877,269.1233087219057,394.2037218886516
75333,75320,5114,693.3124248104241,98985.96540741557,142.77252486060928,242.07958275705653
75333,75311,5114,693.3124248104241,17498.715948792404,25.239293747803764,30.546103742479325
75333,75309,5114,693.3124248104241,4887.4121024155265,7.049364655121991,7.452049615468234
75306,75328,4629,502.0551236303525,243528.34743045195,485.0629661330859,641.8588999005635
75306,77801,4994,502.0551236303525,1390177.9012785743,2768.9746321603498,4104.571265209652
75306,75314,4994,502.0551236303525,54927.05572014244,109.4044321726383,131.58592083916471
75306,75317,4994,502.0551236303525,68999.47920922606,137.43407040703406,165.2473249273591
75306,75326,4994,502.0551236303525,186586.53374298877,371.6455125361226,444.0091790232554
75306,75320,4994,502.0551236303525,98985.96540741557,197.16154810182923,272.3467091909552
75306,75311,4994,502.0551236303525,17498.715948792404,34.85417263000818,34.22006319313195
75306,75309,4994,502.0551236303525,4887.4121024155265,9.73481172161879,8.316446453170654
75336,75328,4749,626.759939819345,243528.34743045195,388.55123302973965,599.9056609122091
75336,77801,5114,626.759939819345,1390177.9012785743,2218.0388581938946,3850.133832221113
75336,75314,5114,626.759939819345,54927.05572014244,87.63651316957878,122.72906944538799
75336,75317,5114,626.759939819345,68999.47920922606,110.08916624300241,153.94104114417243
75336,75326,5114,626.759939819345,186586.53374298877,297.7001590062852,413.2684318278934
75336,75320,5114,626.759939819345,98985.96540741557,157.93282103503122,253.78717649910539
75336,75311,5114,626.759939819345,17498.715948792404,27.91932738048984,32.02339219839311
75332,75328,4019,860.149094354439,243528.34743045195,283.1234131720215,295.8859132798591
75332,77801,4384,860.149094354439,1390177.9012785743,1616.2057373575842,1982.4778147556967
75332,75314,4384,860.149094354439,54927.05572014244,63.85759873567782,63.535047097715626
75332,75317,4384,860.149094354439,68999.47920922606,80.21804552501646,79.85985863029303
75332,75326,4384,860.149094354439,186586.53374298877,216.9234786941514,207.86172597300336
75332,75320,4384,860.149094354439,98985.96540741557,115.08000886951667,130.18434342612295
75332,75311,4384,860.149094354439,17498.715948792404,20.34381720988218,16.403976832314964
75332,75309,4384,860.149094354439,4887.4121024155265,5.682052256398221,4.063742842988284
75343,75328,4749,1501.4585555841609,243528.34743045195,162.19451847320838,226.44967426696482
75343,77801,5114,1501.4585555841609,1390177.9012785743,925.8849643956429,1468.699203404589
75343,75314,5114,1501.4585555841609,54927.05572014244,36.58246544059446,46.81709633585432
75343,75317,5114,1501.4585555841609,68999.47920922606,45.95496755645111,58.72343517193732
75343,75326,5114,1501.4585555841609,186586.53374298877,124.27018584631861,157.64829044078607
75343,75320,5114,1501.4585555841609,98985.96540741557,65.92653859093957,96.81144609550022
75343,75311,5114,1501.4585555841609,17498.715948792404,11.65447816305813,12.215869022132114
75343,75339,5114,1501.4585555841609,6008.80116962454,4.001976043412495,4.667830286695989
75337,75328,4749,1955.9139158789148,243528.34743045195,124.50872477228599,155.45957307217563
75337,77801,5114,1955.9139158789148,1390177.9012785743,710.7561789874991,1033.8420567408727
75337,75314,5114,1955.9139158789148,54927.05572014244,28.082552751540838,32.95534106255101
75337,75317,5114,1955.9139158789148,68999.47920922606,35.27735993341009,41.33641310372572
75337,75326,5114,1955.9139158789148,186586.53374298877,95.39608682580682,110.97128156206058
75337,75320,5114,1955.9139158789148,98985.96540741557,50.60854907969453,68.14720421677688
75337,75311,5114,1955.9139158789148,17498.715948792404,8.946567538954868,8.598955542048548
75337,75339,5114,1955.9139158789148,6008.80116962454,3.0721194429072862,3.2857642006807404
75744,75328,2037,545.490953167343,243528.34743045195,446.4388382913172,609.909147625993
75744,77801,2037,545.490953167343,1390177.9012785743,2548.4893804500957,3578.062742286584
75744,75314,2037,545.490953167343,54927.05572014244,100.69288115818154,126.62862210841502
75744,75317,2037,545.490953167343,68999.47920922606,126.49060228879495,161.80308441921198
75744,75326,2037,545.490953167343,186586.53374298877,342.05248072326634,426.36418732622076
75744,75320,2037,545.490953167343,98985.96540741557,181.46215777303485,257.8202162437264
75744,75311,2037,545.490953167343,17498.715948792404,32.07883805806076,33.05962186657334
75744,75309,2037,545.490953167343,4887.4121024155265,8.959657486594814,7.649921693929205
75348,75328,4749,1011.6598593364765,243528.34743045195,240.72156781052513,298.2536170377687
75348,77801,5114,1011.6598593364765,1390177.9012785743,1374.1554421170358,1879.6161268786152
75348,75314,5114,1011.6598593364765,54927.05572014244,54.2939953712978,59.91571935391065
75348,75317,5114,1011.6598593364765,68999.47920922606,68.20422751030289,75.15324820699728
75348,75326,5114,1011.6598593364765,186586.53374298877,184.43603551233753,201.7555864403347
75348,75320,5114,1011.6598593364765,98985.96540741557,97.84510524351346,123.89763331097436
75348,75311,5114,1011.6598593364765,17498.715948792404,17.297034954287295,15.633660292461675
75520,75328,5479,522.5195274152387,243528.34743045195,466.06554330154916,600.7373384310315
75520,77801,5844,522.5195274152387,1390177.9012785743,2660.52813022205,3747.495448382442
75520,75326,5844,522.5195274152387,186586.53374298877,357.0900683195159,426.38457120916377
75520,75518,5844,522.5195274152387,13635.366557583131,26.095420060248394,23.322746276156813
75521,75328,4080,309.79025008303256,243528.34743045195,786.1072043590121,1584.0714822107714
75521,77801,4445,309.79025008303256,1390177.9012785743,4487.481129267197,10048.487663445043
75521,75326,4445,309.79025008303256,186586.53374298877,602.2995678300989,1170.877893448559
75521,75518,4445,309.79025008303256,13635.366557583131,44.01483440466079,62.25970078060786
75339,75328,4749,6008.80116962454,243528.34743045195,40.52860804606534,47.76529792199215
75339,77801,5114,6008.80116962454,1390177.9012785743,231.3569482555269,314.64280258658937
75339,75314,5114,6008.80116962454,54927.05572014244,9.14110055726383,10.02973404352125
75339,75317,5114,6008.80116962454,68999.47920922606,11.483069128336208,12.580456350203614
75339,75326,5114,6008.80116962454,186586.53374298877,31.052206334636903,33.77335523318128
75339,75320,5114,6008.80116962454,98985.96540741557,16.47349656164454,20.740138383228548
75339,75311,5114,6008.80116962454,17498.715948792404,2.9121808917977243,2.617033669143704
75527,75328,5479,109.71273628417879,243528.34743045195,2219.69076406647,2704.3466496362694
75527,77801,5844,109.71273628417879,1390177.9012785743,12671.071275423526,17027.419295702788
75527,75326,5844,109.71273628417879,186586.53374298877,1700.682528413938,1937.354954848753
75527,75518,5844,109.71273628417879,13635.366557583131,124.28243993718922,105.97109067679513
75518,75328,5479,13635.366557583131,243528.34743045195,17.86005138930547,25.037627894102336
75518,77801,5844,13635.366557583131,1390177.9012785743,101.95383420077145,160.67985322181212
75518,75326,5844,13635.366557583131,186586.53374298877,13.684013037348167,18.28191955443356
10127,10006,5844,7193.065827546291,172986.97069153376,24.049129375275484,11.98391185958061
10127,10010,4634,7193.065827546291,212144.74978139703,29.49295263905073,13.616508010036311
10127,10132,2141,7193.065827546291,17731.245656153696,2.4650470440922136,1.7669878967427166
10127,10133,5844,7193.065827546291,20052.323629326085,2.7877297539158437,1.5494707880615735
10127,10134,2155,7193.065827546291,21081.450446340423,2.930801823835353,1.91643240030155
10127,10021,5844,7193.065827546291,483216.35598032636,67.1780806078292,28.870320138535025
10127,10024,5119,7193.065827546291,764562.1309948119,106.29155207601102,40.777547710284445
10127,10015,5844,7193.065827546291,255208.0587573345,35.479733520580254,14.081165270772289
10127,10031,5074,7193.065827546291,2398595.9215495987,333.4594704199741,84.94544984910216
10127,11801,5844,7193.065827546291,2663201.4639564455,370.24566823197284,106.4936819596153
10132,10006,2141,17731.245656153696,172986.97069153376,9.756052904918047,8.35395010326246
10132,10133,2141,17731.245656153696,20052.323629326085,1.130903266368477,0.9520648191881625
10132,10134,2141,17731.245656153696,21081.450446340423,1.1889435663547996,1.0835622174504955
10132,10021,2141,17731.245656153696,483216.35598032636,27.252250933234592,19.714135644930614
10132,10024,2141,17731.245656153696,764562.1309948119,43.11948217408334,28.136605450088048
10132,10015,2141,17731.245656153696,255208.0587573345,14.39312633225876,9.200479995131252
10132,11801,2141,17731.245656153696,2663201.4639564455,150.1982159404673,67.8878229680581
10133,10006,5844,20052.323629326085,172986.97069153376,8.626779314420403,7.734196702457865
10133,10010,4634,20052.323629326085,212144.74978139703,10.579559441736716,9.119682541825828
10133,10134,2155,20052.323629326085,21081.450446340423,1.0513220729945363,1.138193097791521
10133,10021,5844,20052.323629326085,483216.35598032636,24.097773650213433,18.63237458942515
10133,10024,5119,20052.323629326085,764562.1309948119,38.12835585182041,25.612168353921522
10133,10015,5844,20052.323629326085,255208.0587573345,12.727106517675503,9.087725550727018
10133,10031,5074,20052.323629326085,2398595.9215495987,119.61685667399186,55.07126519023714
10133,11801,5844,20052.323629326085,2663201.4639564455,132.812611305633,68.72906722742515
10137,10006,5844,1123.6735530849214,172986.97069153376,153.9477103618014,55.054258581224715
10137,10010,4634,1123.6735530849214,212144.74978139703,188.79571313125336,66.03563248748898
10137,10132,2141,1123.6735530849214,17731.245656153696,15.779712539709173,8.231921367796554
10137,10133,5844,1123.6735530849214,20052.323629326085,17.84532845351272,7.1182904572014465
10137,10134,2155,1123.6735530849214,21081.450446340423,18.761187703015377,8.921616680901344
10137,10021,5844,1123.6735530849214,483216.35598032636,430.03268578646293,132.63065423490778
10137,10024,5119,1123.6735530849214,764562.1309948119,680.413033568149,186.3427266413835
10137,10015,5844,1123.6735530849214,255208.0587573345,227.11939607076184,64.6890700654059
10137,10031,5074,1123.6735530849214,2398595.9215495987,2134.60209592414,397.1848348000924
10137,11801,5844,1123.6735530849214,2663201.4639564455,2370.084671517738,489.23346337733716
10139,10006,5479,1009.7939879309156,172986.97069153376,171.30917074084277,188.25626397840657
10139,10010,4290,1009.7939879309156,212144.74978139703,210.08715868479777,227.75466964981865
10139,10132,2141,1009.7939879309156,17731.245656153696,17.559270374034718,28.19195648629641
10139,10133,5479,1009.7939879309156,20052.323629326085,19.85783622104309,24.299275074705832
10139,10134,2155,1009.7939879309156,21081.450446340423,20.87698154109301,30.560784820844532
10139,10021,5479,1009.7939879309156,483216.35598032636,478.5296424377061,451.31060087493614
10139,10024,4905,1009.7939879309156,764562.1309948119,757.1466458830996,600.3915920970863
10139,10015,5479,1009.7939879309156,255208.0587573345,252.73279679577018,220.46920601742826
10139,10031,4770,1009.7939879309156,2398595.9215495987,2375.3319491081156,1345.1714241345933
10139,11801,5479,1009.7939879309156,2663201.4639564455,2637.371083396316,1651.9700588386743
10138,10006,4306,1206.3725750989618,172986.97069153376,143.39431636809482,189.638615892544
10138,10010,3788,1206.3725750989618,212144.74978139703,175.8534255173981,215.30836855608248
10138,10132,2115,1206.3725750989618,17731.245656153696,14.697984704019948,26.499315160407733
10138,10133,4306,1206.3725750989618,20052.323629326085,16.621998910810074,23.417395349209706
10138,10134,2115,1206.3725750989618,21081.450446340423,17.475074352225768,28.732389086484982
10138,10021,4306,1206.3725750989618,483216.35598032636,400.5531673667954,452.7263752151652
10138,10024,3581,1206.3725750989618,764562.1309948119,633.7694894399377,607.8154022079566
10138,10015,4306,1206.3725750989618,255208.0587573345,211.549950674566,216.77852730372845
10138,10031,3933,1206.3725750989618,2398595.9215495987,1988.2712613496174,1356.4438652883919
10138,11801,4306,1206.3725750989618,2663201.4639564455,2207.6110804640734,1631.0728154211215
10134,10006,2155,21081.450446340423,172986.97069153376,8.20564842688815,7.71827436238706
10134,10021,2155,21081.450446340423,483216.35598032636,22.921399891828077,18.23989194324954
10134,10024,2155,21081.450446340423,764562.1309948119,36.26705538790544,26.050770746260856
10134,10015,2155,21081.450446340423,255208.0587573345,12.10581119202055,8.513505422137714
10134,11801,2155,21081.450446340423,2663201.4639564455,126.32913806074272,62.70270138836755
10006,10010,4634,172986.97069153376,212144.74978139703,1.226362592126597,1.1487490512807572
10006,10021,5844,172986.97069153376,483216.35598032636,2.7933685065910905,2.40908982616177
10006,10024,5119,172986.97069153376,764562.1309948119,4.419767153204624,3.313640154526457
10006,10015,5844,172986.97069153376,255208.0587573345,1.475302201877478,1.1750057440146322
10006,10031,5074,172986.97069153376,2398595.9215495987,13.86576059434394,7.151051818949284
10006,11801,5844,172986.97069153376,2663201.4639564455,15.395387602372683,8.886387283838232
10148,10006,5844,2129.6364479992203,172986.97069153376,81.22840443215269,65.60308283694764
10148,10010,4634,2129.6364479992203,212144.74978139703,99.61547661372234,78.97870373155929
10148,10150,5844,2129.6364479992203,5556.858005705771,2.609298883349974,1.3557345622875208
10148,10151,5844,2129.6364479992203,7095.935934423976,3.3319940316998995,1.2242710748401364
10148,10153,5844,2129.6364479992203,15198.861412419326,7.136833813441989,1.619265396017748
10148,10021,5844,2129.6364479992203,483216.35598032636,226.90086678141944,158.04371942733835
10148,10024,5119,2129.6364479992203,764562.1309948119,359.01063381644934,214.31054969152666
10148,10015,5844,2129.6364479992203,255208.0587573345,119.83644391374915,77.08399915848119
10148,10031,5074,2129.6364479992203,2398595.9215495987,1126.2936093167752,471.0828446842832
10148,11801,5844,2129.6364479992203,2663201.4639564455,1250.5427705552777,582.9744011028375
10144,10006,5844,985.0407706251352,172986.97069153376,175.6140211148329,342.3619246796894
10144,10010,4634,985.0407706251352,212144.74978139703,215.36646614816144,388.3396847218595
10144,10021,5844,985.0407706251352,483216.35598032636,490.55467589799696,824.7806296110019
10144,10024,5119,985.0407706251352,764562.1309948119,776.1730821655217,1132.8120867600687
10144,10015,5844,985.0407706251352,255208.0587573345,259.0837520312709,402.27722803053996
10144,10031,5074,985.0407706251352,2398595.9215495987,2435.0219737883344,2518.183577460478
10144,11801,5844,985.0407706251352,2663201.4639564455,2703.645923474113,3042.3606539439743
10168,10006,5832,480.5695206796759,172986.97069153376,359.96242634546604,778.1473008762697
10168,10010,4622,480.5695206796759,212144.74978139703,441.444454241205,952.4639734085484
10168,10021,5832,480.5695206796759,483216.35598032636,1005.5077053095398,1874.2740909671584
10168,10024,5107,480.5695206796759,764562.1309948119,1590.9501083495295,2595.542311408064
10168,10015,5832,480.5695206796759,255208.0587573345,531.0533601806255,913.5910808598338
10168,10031,5062,480.5695206796759,2398595.9215495987,4991.152826665396,5712.4579155373085
10168,11801,5832,480.5695206796759,2663201.4639564455,5541.761075878978,6913.027834147501
10010,10021,4634,212144.74978139703,483216.35598032636,2.2777672154425366,2.1229175191663505
10010,10024,4178,212144.74978139703,764562.1309948119,3.6039644242087028,2.936403525342932
10010,10015,4634,212144.74978139703,255208.0587573345,1.202990217859795,1.0278349554184272
10010,10031,4028,212144.74978139703,2398595.9215495987,11.306411891037671,6.411386114391335
10010,11801,4634,212144.74978139703,2663201.4639564455,12.553699616420966,7.976853419821277
10172,10010,4503,1741.7266879893643,212144.74978139703,121.80140044032699,1007.1103463814424
10172,10021,5706,1741.7266879893643,483216.35598032636,277.4352367179649,1884.5754734859997
10172,10024,4981,1741.7266879893643,764562.1309948119,438.9679140057367,2500.0289122387694
10172,10015,5706,1741.7266879893643,255208.0587573345,146.5258932513371,915.8392361004335
10172,10031,4936,1741.7266879893643,2398595.9215495987,1377.136802283554,5475.410541141046
10172,11801,5706,1741.7266879893643,2663201.4639564455,1529.0581939872693,6946.254739508503
10150,10006,5844,5556.858005705771,172986.97069153376,31.130356491728076,48.38932683567206
10150,10010,4634,5556.858005705771,212144.74978139703,38.17710468102068,57.68200119020339
10150,10151,5844,5556.858005705771,7095.935934423976,1.2769690942503629,0.9030315438550398
10150,10153,5844,5556.858005705771,15198.861412419326,2.7351538219643485,1.1943823231042912
10150,10021,5844,5556.858005705771,483216.35598032636,86.95855742294671,116.57423497463425
10150,10024,5119,5556.858005705771,764562.1309948119,137.5889270896901,159.21634498551822
10150,10015,5844,5556.858005705771,255208.0587573345,45.92668347747727,56.85773698091605
10150,10031,5074,5556.858005705771,2398595.9215495987,431.64607033088214,353.5289913938957
10150,11801,5844,5556.858005705771,2663201.4639564455,479.26390439019235,430.0062986660082
10174,10010,4591,4323.006973788823,212144.74978139703,49.07342298258346,44.23930074336558
10174,10175,2161,4323.006973788823,10951.711121116894,2.5333549511992715,1.8535410469800166
10174,10176,5801,4323.006973788823,15714.35362589226,3.6350516483483,2.4807676417027715
10174,10177,5801,4323.006973788823,20428.020132986534,4.725419194751554,3.02015735897721
10174,10021,5801,4323.006973788823,483216.35598032636,111.7778340192729,85.45573728804854
10174,10024,5076,4323.006973788823,764562.1309948119,176.85887060337654,117.27757283580668
10174,10015,5801,4323.006973788823,255208.0587573345,59.03484780494395,41.633328373723145
10174,10031,5065,4323.006973788823,2398595.9215495987,554.844333144203,257.5447197993137
10174,11801,5801,4323.006973788823,2663201.4639564455,616.0530112729218,315.10881322299696
10151,10006,5844,7095.935934423976,172986.97069153376,24.37831630530022,53.58542253031175
10151,10010,4634,7095.935934423976,212144.74978139703,29.896655175850068,64.68626765038631
10151,10153,5844,7095.935934423976,15198.861412419326,2.1419107433997877,1.3226363256431501
10151,10021,5844,7095.935934423976,483216.35598032636,68.09762101094171,129.09209624835373
10151,10024,5119,7095.935934423976,764562.1309948119,107.74648165659862,177.22062458802532
10151,10015,5844,7095.935934423976,255208.0587573345,35.96538372327504,62.963179268567394
10151,10031,5074,7095.935934423976,2398595.9215495987,338.0238975824841,391.76756785683386
10151,11801,5844,7095.935934423976,2663201.4639564455,375.31362861333884,476.180817372461
10153,10006,5844,15198.861412419326,172986.97069153376,11.381574316493358,40.5141016403395
10153,10010,4634,15198.861412419326,212144.74978139703,13.957936981256296,49.348146080792134
10153,10021,5844,15198.861412419326,483216.35598032636,31.79293125111856,97.60211007782574
10153,10024,5119,15198.861412419326,764562.1309948119,50.30390831579471,132.94007329425781
10153,10015,5844,15198.861412419326,255208.0587573345,16.7912616499548,47.604302140991535
10153,10031,5074,15198.861412419326,2398595.9215495987,157.81418465923065,291.8344767364132
10153,11801,5844,15198.861412419326,2663201.4639564455,175.22374812762519,360.0239976328425
10177,10010,4634,20428.020132986534,212144.74978139703,10.384988285714105,14.289301331126454
10177,10021,5844,20428.020132986534,483216.35598032636,23.654585849954376,28.283574913584896
10177,10024,5119,20428.020132986534,764562.1309948119,37.42712832753776,38.34457755001801
10177,10015,5844,20428.020132986534,255208.0587573345,12.493039320302628,13.794987062677833
10177,10031,5074,20428.020132986534,2398595.9215495987,117.41695504188486,85.55448955509965
10177,11801,5844,20428.020132986534,2663201.4639564455,130.37002345890537,104.32936029372011
10194,10010,4634,1494.3547471045028,212144.74978139703,141.96411540998128,326.25627647543183
10194,10021,5844,1494.3547471045028,483216.35598032636,323.36120785015595,679.664410124419
10194,10024,5119,1494.3547471045028,764562.1309948119,511.633621451831,940.3701814952205
10194,10015,5844,1494.3547471045028,255208.0587573345,170.78144212532646,331.49846768930007
10194,10031,5074,1494.3547471045028,2398595.9215495987,1605.1047625720566,2070.8621563152983
10194,11801,5844,1494.3547471045028,2663201.4639564455,1782.1748611678236,2507.071801896971
10184,10010,4634,1174.0530258288632,212144.74978139703,180.6943512041342,155.79400020401596
10184,10175,2161,1174.0530258288632,10951.711121116894,9.328123074667054,6.5318915581466035
10184,10176,5844,1174.0530258288632,15714.35362589226,13.384705188079703,8.533178165142045
10184,10177,5844,1174.0530258288632,20428.020132986534,17.399571981482413,10.38971654855913
10184,10021,5844,1174.0530258288632,483216.35598032636,411.57966918843647,293.85832633208486
10184,10024,5119,1174.0530258288632,764562.1309948119,651.2160133951726,398.15707628658055
10184,10015,5844,1174.0530258288632,255208.0587573345,217.3735369210957,143.326005372263
10184,10031,5074,1174.0530258288632,2398595.9215495987,2043.00476109776,881.9290252784592
10184,11801,5844,1174.0530258288632,2663201.4639564455,2268.3826074007743,1083.9524811442518
10176,10010,4634,15714.35362589226,212144.74978139703,13.500062098122186,17.76496446874857
10176,10177,5844,15714.35362589226,20428.020132986534,1.2999592995875853,1.2175670479963758
10176,10021,5844,15714.35362589226,483216.35598032636,30.749998853541097,34.437148814317915
10176,10024,5119,15714.35362589226,764562.1309948119,48.65374352624065,47.10632860017291
10176,10015,5844,15714.35362589226,255208.0587573345,16.24044264454077,16.796321675052848
10176,10031,5074,15714.35362589226,2398595.9215495987,152.63726263595564,104.19457684823534
10176,11801,5844,15714.35362589226,2663201.4639564455,169.47572438285567,127.02799123217511
10175,10176,2161,10951.711121116894,15714.35362589226,1.434876564228591,1.3496895608375654
10175,10177,2161,10951.711121116894,20428.020132986534,1.86528113342924,1.783932242384003
10175,10021,2161,10951.711121116894,483216.35598032636,44.12245270500216,52.111289911479744
10175,10024,2161,10951.711121116894,764562.1309948119,69.81211634779125,74.51042300760122
10175,10015,2161,10951.711121116894,255208.0587573345,23.30303054335015,24.316341956679494
10175,11801,2161,10951.711121116894,2663201.4639564455,243.17674512262363,179.0383109926712
10188,10010,4634,1669.25746809955,212144.74978139703,127.08929199695233,158.85574208612542
10188,10176,5844,1669.25746809955,15714.35362589226,9.413978326413034,9.136951004899984
10188,10177,5844,1669.25746809955,20428.020132986534,12.237788671536597,11.124850462723595
10188,10021,5844,1669.25746809955,483216.35598032636,289.47982274446156,314.6505414648724
10188,10024,5119,1669.25746809955,764562.1309948119,458.025287054888,428.3778800990681
10188,10015,5844,1669.25746809955,255208.0587573345,152.88717506706078,153.4671682074975
10188,10031,5074,1669.25746809955,2398595.9215495987,1436.9238822579005,936.5029739049996
10188,11801,5844,1669.25746809955,2663201.4639564455,1595.4407961933525,1160.6485321392488
10585,10006,4359,377.60139485461843,172986.97069153376,458.12058177946096,876.8750809602864
10585,10010,3788,377.60139485461843,212144.74978139703,561.8219441776045,997.8162031545517
10585,10021,4359,377.60139485461843,483216.35598032636,1279.6996053639343,2095.812498778506
10585,10024,3634,377.60139485461843,764562.1309948119,2024.7862995558544,2937.3057822103783
10585,10015,4359,377.60139485461843,255208.0587573345,675.86630302463,1003.3190558954327
10585,10031,3951,377.60139485461843,2398595.9215495987,6352.19031029557,6347.502728744025
10585,11801,4359,377.60139485461843,2663201.4639564455,7052.943925119274,7531.61937273904
10625,10524,2415,8893.617691564821,12667.391411699547,1.424323807365137,1.2582018594567308
10042,10006,5844,21470.47176996108,172986.97069153376,8.056971106408405,5.64655519053068
10042,10010,4634,21470.47176996108,212144.74978139703,9.88076797074411,6.220107781912326
10042,10002,3524,21470.47176996108,97963.00278301195,4.562685153479957,4.291725776117891
10042,10044,5844,21470.47176996108,25841.493538682626,1.2035829401213696,1.4182231901533515
10042,10048,5844,21470.47176996108,36836.53181662818,1.7156833911849787,1.8287805298192512
10042,10021,5844,21470.47176996108,483216.35598032636,22.506089347155612,13.603058662368396
10042,10024,5119,21470.47176996108,764562.1309948119,35.609936250422585,18.78422563959272
10042,10015,5844,21470.47176996108,255208.0587573345,11.88646721374754,6.634734782769185
10042,10031,5074,21470.47176996108,2398595.9215495987,111.71603247700536,39.818717888786786
10042,11801,5844,21470.47176996108,2663201.4639564455,124.04019308427488,50.1774762426226
10044,10006,5844,25841.493538682626,172986.97069153376,6.694155290698901,3.981429178238245
10044,10010,4634,25841.493538682626,212144.74978139703,8.209461634399478,4.544525390279031
10044,10002,3524,25841.493538682626,97963.00278301195,3.790918765448648,3.0364597161872546
10044,10048,5844,25841.493538682626,36836.53181662818,1.4254799847960362,1.2894871149452198
10044,10021,5844,25841.493538682626,483216.35598032636,18.699242567268435,9.591620526877373
10044,10024,5119,25841.493538682626,764562.1309948119,29.586607672281954,13.189720792543556
10044,10015,5844,25841.493538682626,255208.0587573345,9.875902040077857,4.678202153817395
10044,10031,5074,25841.493538682626,2398595.9215495987,92.81955464219182,28.187743227139265
10044,11801,5844,25841.493538682626,2663201.4639564455,103.05911537078336,35.38052162099884
10075,10006,5844,381.03075172753216,172986.97069153376,453.99740022882315,148.51704792772733
10075,10010,4634,381.03075172753216,212144.74978139703,556.7654285633557,168.32623881868395
10075,10002,3524,381.03075172753216,97963.00278301195,257.09999085077374,114.05849334555914
10075,10066,5844,381.03075172753216,13408.045085166688,35.18887917675087,28.185296597210648
10075,10071,3652,381.03075172753216,57987.58026733976,152.1860899794397,64.17545184034242
10075,10021,5844,381.03075172753216,483216.35598032636,1268.182039873425,357.7909091742679
10075,10024,5119,381.03075172753216,764562.1309948119,2006.5627971716458,492.11227899770597
10075,10015,5844,381.03075172753216,255208.0587573345,669.7833642042334,174.50838439917604
10075,10031,5074,381.03075172753216,2398595.9215495987,6295.01926202741,1056.4276624955155
10075,11801,5844,381.03075172753216,2663201.4639564455,6989.465946992253,1319.7800061381492
10071,10006,3652,57987.58026733976,172986.97069153376,2.983172774135652,2.3666576940045068
10071,10010,3329,57987.58026733976,212144.74978139703,3.65845149605049,2.7050979400885407
10071,10002,2151,57987.58026733976,97963.00278301195,1.689379041708134,1.7563991815136784
10071,10021,3652,57987.58026733976,483216.35598032636,8.333100876990507,5.621943789259918
10071,10024,2927,57987.58026733976,764562.1309948119,13.184929039459071,7.7594623176666575
10071,10015,3652,57987.58026733976,255208.0587573345,4.401081362263272,2.710803637228683
10071,10031,3364,57987.58026733976,2398595.9215495987,41.363959497729816,16.64387478951378
10071,11801,3652,57987.58026733976,2663201.4639564455,45.927101142663744,20.52766334175667
10066,10006,5844,13408.045085166688,172986.97069153376,12.901729490968757,5.269309386739797
10066,10010,4634,13408.045085166688,212144.74978139703,15.822198421460607,6.099736484305994
10066,10002,3524,13408.045085166688,97963.00278301195,7.306285305632539,4.0836157058243305
10066,10071,3652,13408.045085166688,57987.58026733976,4.324834821109857,2.3515883989075173
10066,10021,5844,13408.045085166688,483216.35598032636,36.03928484062963,12.69423963449356
10066,10024,5119,13408.045085166688,764562.1309948119,57.02264022371512,17.701396083334828
10066,10015,5844,13408.045085166688,255208.0587573345,19.0339499260538,6.191468796409481
10066,10031,5074,13408.045085166688,2398595.9215495987,178.89229237475968,37.21181955005166
10066,11801,5844,13408.045085166688,2663201.4639564455,198.62712625442643,46.82512392893396
10002,10006,3524,97963.00278301195,172986.97069153376,1.7658398147992656,1.2495693021944012
10002,10010,2541,97963.00278301195,212144.74978139703,2.1655598925575776,1.4885424995929042
10002,10021,3524,97963.00278301195,483216.35598032636,4.932641326344912,2.9226753675983184
10002,10024,3096,97963.00278301195,764562.1309948119,7.80460081127073,3.8891570078981346
10002,10015,3524,97963.00278301195,255208.0587573345,2.6051473669362744,1.365250991985584
10002,10031,3355,97963.00278301195,2398595.9215495987,24.484712119967256,8.45969825682974
10002,11801,3524,97963.00278301195,2663201.4639564455,27.185788392536686,10.72439680774437
10100,10006,5844,3069.6324689780354,172986.97069153376,56.35429402045837,96.92257475311975
10100,10010,4634,3069.6324689780354,212144.74978139703,69.11079809239372,110.74158897180631
10100,10002,3524,3069.6324689780354,97963.00278301195,31.913593491414467,75.83008217589327
10100,10071,3652,3069.6324689780354,57987.58026733976,18.890724167589163,42.52987291245244
10100,10021,5844,3069.6324689780354,483216.35598032636,157.418310127923,233.49518876314437
10100,10024,5119,3069.6324689780354,764562.1309948119,249.07285765365765,312.8254424094462
10100,10015,5844,3069.6324689780354,255208.0587573345,83.13961405363303,113.88458205960326
10100,10031,5074,3069.6324689780354,2398595.9215495987,781.3951493509439,696.069954103659
10100,11801,5844,3069.6324689780354,2663201.4639564455,867.5961995030298,861.2915358029836
10078,10006,5844,623.0982349748652,172986.97069153376,277.6239138255812,96.13917070610823
10078,10010,4634,623.0982349748652,212144.74978139703,340.46758259547084,108.639588328332
10078,10002,3524,623.0982349748652,97963.00278301195,157.21919479833483,69.90771782753512
10078,10071,3652,623.0982349748652,57987.58026733976,93.06330368545962,40.93982779219637
10078,10021,5844,623.0982349748652,483216.35598032636,775.5058975569374,231.607898043715
10078,10024,5119,623.0982349748652,764562.1309948119,1227.033055270415,323.06055023473874
10078,10015,5844,623.0982349748652,255208.0587573345,409.5791713607232,112.96407780448044
10078,10031,5074,623.0982349748652,2398595.9215495987,3849.466724370282,665.3734608088566
10078,11801,5844,623.0982349748652,2663201.4639564455,4274.127761032535,854.3299040415133
10103,10006,5740,517.4624066941069,172986.97069153376,334.29862431299944,422.6597269386329
10103,10010,4634,517.4624066941069,212144.74978139703,409.9713274568454,465.2977733963363
10103,10002,3420,517.4624066941069,97963.00278301195,189.31424102644402,328.4375870239776
10103,10071,3652,517.4624066941069,57987.58026733976,112.06143580130369,180.24128015386805
10103,10021,5740,517.4624066941069,483216.35598032636,933.8192489526591,1026.2064405348424
10103,10024,5015,517.4624066941069,764562.1309948119,1477.5220791000875,1408.1891729254253
10103,10015,5740,517.4624066941069,255208.0587573345,493.1914965335798,497.3963450880595
10103,10031,4970,517.4624066941069,2398595.9215495987,4635.304691742576,3027.9093685264143
10103,11801,5740,517.4624066941069,2663201.4639564455,5146.6568962385945,3738.4138750542684
10048,10006,5844,36836.53181662818,172986.97069153376,4.696071051223304,3.087606795053074
10048,10010,4634,36836.53181662818,212144.74978139703,5.759085867188884,3.639799965459426
10048,10002,3524,36836.53181662818,97963.00278301195,2.6593981016093107,2.3937001093924715
10048,10021,5844,36836.53181662818,483216.35598032636,13.11785697920129,7.438322117150309
10048,10024,5119,36836.53181662818,764562.1309948119,20.755540581311866,10.18968211639251
10048,10015,5844,36836.53181662818,255208.0587573345,6.9281239620428225,3.627955719445971
10048,10031,5074,36836.53181662818,2398595.9215495987,65.1145969302914,21.882694182043373
10048,11801,5844,36836.53181662818,2663201.4639564455,72.29783404186449,27.437669761052152
10110,10006,5844,3327.9421990732408,172986.97069153376,51.98016081520492,43.66352062329273
10110,10010,4634,3327.9421990732408,212144.74978139703,63.74652475649208,56.475022827725994
10110,10002,3524,3327.9421990732408,97963.00278301195,29.436509687666003,38.219045121729835
10110,10071,3652,3327.9421990732408,57987.58026733976,17.42445535366811,18.69584988407475
10110,10021,5844,3327.9421990732408,483216.35598032636,145.1997441887337,105.18934330797913
10110,10024,5119,3327.9421990732408,764562.1309948119,229.7402073893368,146.0671761667814
10110,10015,5844,3327.9421990732408,255208.0587573345,76.68644570461721,51.30488753627031
10110,10031,5074,3327.9421990732408,2398595.9215495987,720.7444655191293,311.27825730519055
10110,11801,5844,3327.9421990732408,2663201.4639564455,800.2547233837441,388.0109544344369
10108,10006,5844,770.4875672367192,172986.97069153376,224.5162388692853,168.436502575432
10108,10010,4634,770.4875672367192,212144.74978139703,275.33831667425096,203.0687176923361
10108,10002,3524,770.4875672367192,97963.00278301195,127.14417071562491,158.0780704117263
10108,10071,3652,770.4875672367192,57987.58026733976,75.26089028964702,74.62544234899777
10108,10021,5844,770.4875672367192,483216.35598032636,627.156590875744,405.778664708744
10108,10024,5119,770.4875672367192,764562.1309948119,992.3094979155104,554.33489947001
10108,10015,5844,770.4875672367192,255208.0587573345,331.2293015611064,197.91385802786797
10108,10031,5074,770.4875672367192,2398595.9215495987,3113.088417704047,1242.8278643595527
10108,11801,5844,770.4875672367192,2663201.4639564455,3456.5145204195387,1496.7919946205043
10111,10006,5820,820.8506507578155,172986.97069153376,210.74110196761237,171.18111753011752
10111,10010,4610,820.8506507578155,212144.74978139703,258.4450040766166,219.99325160189008
10111,10002,3507,820.8506507578155,97963.00278301195,119.34327236333645,151.6652081697756
10111,10071,3628,820.8506507578155,57987.58026733976,70.6432774510262,73.66228328426563
10111,10110,5820,820.8506507578155,3327.9421990732408,4.054260292052957,3.924292066245143
10111,10021,5820,820.8506507578155,483216.35598032636,588.67755728063,412.464194466613
10111,10024,5095,820.8506507578155,764562.1309948119,931.4266003065994,568.8218459068609
10111,10015,5820,820.8506507578155,255208.0587573345,310.9068117589046,201.13507637080883
10111,10031,5050,820.8506507578155,2398595.9215495987,2922.0856672711375,1231.414965910444
10111,11801,5820,820.8506507578155,2663201.4639564455,3244.4409485425367,1520.4530377309238
10073,10006,5844,5542.563277084821,172986.97069153376,31.210644253125853,22.3207436219322
10073,10010,4634,5542.563277084821,212144.74978139703,38.275566588204505,25.397546825617535
10073,10002,3524,5542.563277084821,97963.00278301195,17.67467467408632,18.38124315112081
10073,10066,5844,5542.563277084821,13408.045085166688,2.419105459851207,4.235990332642507
10073,10071,3652,5542.563277084821,57987.58026733976,10.462231528701473,9.732705714579076
10073,10021,5844,5542.563277084821,483216.35598032636,87.18283072709997,53.77267637196207
10073,10024,5119,5542.563277084821,764562.1309948119,137.94378030032033,74.05636744137412
10073,10015,5844,5542.563277084821,255208.0587573345,46.04513218865123,26.227001966448295
10073,10031,5074,5542.563277084821,2398595.9215495987,432.7593212090796,160.2243080297631
10073,11801,5844,5542.563277084821,2663201.4639564455,480.499965596638,198.3507722877516
10112,10006,5844,1703.434141793052,172986.97069153376,101.55189827852453,135.04123331755343
10112,10010,4634,1703.434141793052,212144.74978139703,124.53944920822786,156.64319038254771
10112,10002,3524,1703.434141793052,97963.00278301195,57.50912253049895,133.46188681697268
10112,10021,5844,1703.434141793052,483216.35598032636,283.6718744357724,325.32646129765584
10112,10024,5119,1703.434141793052,764562.1309948119,448.83574435699995,446.8483100883044
10112,10015,5844,1703.434141793052,255208.0587573345,149.8197391351449,158.67422482694542
10112,10031,5074,1703.434141793052,2398595.9215495987,1408.0943094311897,999.8457933671066
10112,11801,5844,1703.434141793052,2663201.4639564455,1563.4308357546083,1200.0286985469386
10117,10006,5844,4614.591101787963,172986.97069153376,37.48695537173563,40.27999319761478
10117,10010,4634,4614.591101787963,212144.74978139703,45.97259976061578,46.61872531480273
10117,10021,5844,4614.591101787963,483216.35598032636,104.71488054339203,97.03812181023905
10117,10024,5119,4614.591101787963,764562.1309948119,165.6836140256448,131.54941329097682
10117,10015,5844,4614.591101787963,255208.0587573345,55.304587801604335,47.329223376067674
10117,10031,5074,4614.591101787963,2398595.9215495987,519.7851485953419,289.93035712440826
10117,11801,5844,4614.591101787963,2663201.4639564455,577.1262079807168,357.9436193443744
10120,10006,5844,2549.3315542369646,172986.97069153376,67.85581514653559,71.50238250397214
10120,10010,4634,2549.3315542369646,212144.74978139703,83.2158333539686,83.00851534827753
10120,10122,5844,2549.3315542369646,5068.7795630679875,1.9882778898035935,1.7521115597957924
10120,10021,5844,2549.3315542369646,483216.35598032636,189.54629701939922,172.2556622366466
10120,10024,5119,2549.3315542369646,764562.1309948119,299.90690293858285,234.51460314668103
10120,10015,5844,2549.3315542369646,255208.0587573345,100.10783349587508,84.0157101528986
10120,10031,5074,2549.3315542369646,2398595.9215495987,940.8724877559199,518.8040998704785
10120,11801,5844,2549.3315542369646,2663201.4639564455,1044.6665752558667,635.3978626474352
10126,10006,5844,3499.059418607378,172986.97069153376,49.438134651735176,33.00347987024066
10126,10010,4634,3499.059418607378,212144.74978139703,60.629078961405696,38.376834920197595
10126,10127,5844,3499.059418607378,7193.065827546291,2.055714112568321,2.7539821935402364
10126,10132,2141,3499.059418607378,17731.245656153696,5.067431996685187,4.096954899708764
10126,10133,5844,3499.059418607378,20052.323629326085,5.730775397151412,4.267214959732331
10126,10134,2155,3499.059418607378,21081.450446340423,6.024890670399309,4.442945062809956
10126,10021,5844,3499.059418607378,483216.35598032636,138.09892836076673,79.50834758333156
10126,10024,5119,3499.059418607378,764562.1309948119,218.50504364944646,109.31805755591185
10126,10015,5844,3499.059418607378,255208.0587573345,72.93618890842015,38.77927842000407
10126,10031,5074,3499.059418607378,2398595.9215495987,685.4973393118992,232.8677802050853
10126,11801,5844,3499.059418607378,2663201.4639564455,761.1192453017551,293.28170384131766
10122,10006,5844,5068.7795630679875,172986.97069153376,34.12793327055432,40.809263602088045
10122,10010,4634,5068.7795630679875,212144.74978139703,41.85322070960053,48.60188969641123
10122,10021,5844,5068.7795630679875,483216.35598032636,95.3318939930087,98.31318175694412
10122,10024,5119,5068.7795630679875,764562.1309948119,150.83751847595525,134.2817160528145
10122,10015,5844,5068.7795630679875,255208.0587573345,50.34901509957643,47.95111914146071
10122,10031,5074,5068.7795630679875,2398595.9215495987,473.20975230925154,298.79407891563477
10122,11801,5844,5068.7795630679875,2663201.4639564455,525.4127607680941,362.64692113639757
10441,10024,5119,2401.8213382485546,764562.1309948119,318.32597988006154,545.3605995882813
10441,10428,5844,2401.8213382485546,24402.64665193204,10.160059061564848,11.43928386878571
10441,10031,5074,2401.8213382485546,2398595.9215495987,998.6570954934941,1153.129608443001
10441,11801,5844,2401.8213382485546,2663201.4639564455,1108.8257987992117,1457.291325594815
10432,10024,5119,6554.886170694692,764562.1309948119,116.64003173891622,192.27168516692774
10432,10428,5844,6554.886170694692,24402.64665193204,3.7228177601359973,4.073550540944108
10432,10031,5074,6554.886170694692,2398595.9215495987,365.9248778831797,411.08012401447706
10432,11801,5844,6554.886170694692,2663201.4639564455,406.29255712524406,518.944187047267
10428,10024,5119,24402.64665193204,764562.1309948119,31.33111509993851,47.56307749132725
10428,10031,5074,24402.64665193204,2398595.9215495987,98.29244982161367,102.75769260813681
10428,11801,5844,24402.64665193204,2663201.4639564455,109.13576309746676,127.393580079896
10460,10024,5065,8662.330548608248,764562.1309948119,88.26286721621953,63.45340382663591
10460,10455,5521,8662.330548608248,73883.68656775042,8.529308152483411,7.284686888903371
10460,10031,4751,8662.330548608248,2398595.9215495987,276.89960664627074,139.49698690680847
10460,11801,5521,8662.330548608248,2663201.4639564455,307.44629854656546,170.11567056412642
10464,10024,5054,1094.447217925992,764562.1309948119,698.5829179077987,589.8100597207919
10464,10031,4740,1094.447217925992,2398595.9215495987,2191.604932849119,1317.8708929501502
10464,11801,5510,1094.447217925992,2663201.4639564455,2433.3758817563507,1618.116171011939
10453,10024,5119,39591.118557850925,764562.1309948119,19.311455670989098,19.133810217375526
10453,10455,5844,39591.118557850925,73883.68656775042,1.8661682028455666,2.2982193655549947
10453,10031,5074,39591.118557850925,2398595.9215495987,60.58419183193188,42.843577409090365
10453,11801,5844,39591.118557850925,2663201.4639564455,67.26764893153877,52.74433748037536
10455,10024,5119,73883.68656775042,764562.1309948119,10.348186000352296,8.567888907820754
10455,10031,5074,73883.68656775042,2398595.9215495987,32.46448618058759,18.620317143106234
10455,11801,5844,73883.68656775042,2663201.4639564455,36.04586597765831,22.950088347044357
10461,10024,5079,7319.593447627181,764562.1309948119,104.45417993026139,79.30246937266628
10461,10455,5535,7319.593447627181,73883.68656775042,10.09396042231028,9.167629922206485
10461,10031,4765,7319.593447627181,2398595.9215495987,327.6952386374902,176.05581758436028
10461,11801,5535,7319.593447627181,2663201.4639564455,363.84554456638364,214.0223264160736
10475,10024,5119,3815.76419620065,764562.1309948119,200.36933407889435,286.9958130936467
10475,10476,5844,3815.76419620065,19126.194231752605,5.012415141060479,5.560864470594392
10475,10478,5844,3815.76419620065,31664.910752361953,8.298445376653685,9.705284075344403
10475,10031,5074,3815.76419620065,2398595.9215495987,628.601715991223,615.7279953019987
10475,11801,5844,3815.76419620065,2663201.4639564455,697.9470761343666,785.5668094095184
10468,10024,5119,17156.814263764543,764562.1309948119,44.5631758460881,56.02288044682437
10468,10031,5074,17156.814263764543,2398595.9215495987,139.8042716249176,121.71788946180611
10468,11801,5844,17156.814263764543,2663201.4639564455,155.2270382492377,149.32821927439082
10476,10024,5119,19126.194231752605,764562.1309948119,39.974608734523564,52.340049130330954
10476,10478,5844,19126.194231752605,31664.910752361953,1.655578227883571,1.7452833325943333
10476,10031,5074,19126.194231752605,2398595.9215495987,125.40894923923432,112.61652164417251
10476,11801,5844,19126.194231752605,2663201.4639564455,139.24366926772583,141.2670302546594
10587,10024,5119,3388.3789626414377,764562.1309948119,225.64245009914458,360.3335830552187
10587,10468,5844,3388.3789626414377,17156.814263764543,5.063428398336476,6.583568881522776
10587,10031,5074,3388.3789626414377,2398595.9215495987,707.8889191543541,788.7317744341499
10587,11801,5844,3388.3789626414377,2663201.4639564455,785.9809936608524,983.112617548089
10478,10024,5119,31664.910752361953,764562.1309948119,24.145406155543373,30.08374595581854
10478,10031,5074,31664.910752361953,2398595.9215495987,75.74933465968105,64.92484737350344
10478,11801,5844,31664.910752361953,2663201.4639564455,84.10576252004094,80.94217575817241
10488,10024,4754,9840.023378246544,764562.1309948119,77.69921895562143,56.92624973896712
10488,10489,5479,9840.023378246544,23973.22185461958,2.4362972457583245,2.571255245206702
10488,10031,4709,9840.023378246544,2398595.9215495987,243.75916899264723,122.44956159759552
10488,11801,5479,9840.023378246544,2663201.4639564455,270.64991225976314,148.57096311530023
10678,10024,5066,1494.462516839398,764562.1309948119,511.5967261673217,341.07132025026607
10678,10031,4752,1494.462516839398,2398595.9215495987,1604.9890141255132,773.6954008006087
10678,11801,5522,1494.462516839398,2663201.4639564455,1782.0463437174622,925.9649857230838
10651,10024,5119,3023.165728406321,764562.1309948119,252.90116377372908,370.0892495927362
10651,10428,5844,3023.165728406321,24402.64665193204,8.071885184010746,7.71945228250622
10651,10031,5074,3023.165728406321,2398595.9215495987,793.4053694152032,794.1230829058475
10651,11801,5844,3023.165728406321,2663201.4639564455,880.9313491921488,983.4086625243921
10548,10549,5844,4271.0309422035525,6793.353342106711,1.5905652368329173,1.4522026483739094
10641,10024,5119,6029.573391354083,764562.1309948119,126.80202750183483,175.4623190970667
10641,10428,5844,6029.573391354083,24402.64665193204,4.047159735533437,3.7246500317304565
10641,10031,5074,6029.573391354083,2398595.9215495987,397.80524522497564,377.8219836632966
10641,11801,5844,6029.573391354083,2663201.4639564455,441.68986611478346,474.4965020868411
10489,10024,5119,23973.22185461958,764562.1309948119,31.8923395291352,21.712645520722518
10489,10031,5074,23973.22185461958,2398595.9215495987,100.05313161891067,47.14503135325427
10489,11801,5844,23973.22185461958,2663201.4639564455,111.09067776149801,57.47728659513441
11332,11312,5844,2393.3949874345294,43125.76954913874,18.01865959256691,20.43811040329408
11332,11048,5844,2393.3949874345294,359688.02651007776,150.2836048368372,270.60182334270445
11332,11313,5844,2393.3949874345294,56907.29041066979,23.77680688287414,21.031456104299625
11332,11315,5844,2393.3949874345294,62560.062391571955,26.13862848381321,20.92515489491196
11332,11586,5844,2393.3949874345294,52081.66042899974,21.76057888582188,21.440114509257814
11332,11619,5730,2393.3949874345294,412749.21912158973,172.45344846485784,280.6601359454663
11332,11056,5844,2393.3949874345294,1042906.3032989879,435.7434977403688,614.1460811514542
11332,10031,5074,2393.3949874345294,2398595.9215495987,1002.1730362695562,3076.949902649398
11332,11061,5603,2393.3949874345294,1195953.1948647194,499.6890196325918,824.4934176291479
11332,11801,5844,2393.3949874345294,2663201.4639564455,1112.729607080493,3796.562846361897
11306,11308,5844,7260.199521804315,13243.539482687445,1.8241288607721544,1.4559637304758126
11306,11309,5844,7260.199521804315,15254.58816390373,2.1011251988447612,1.5517657994199079
11306,11312,5844,7260.199521804315,43125.76954913874,5.940025397321459,3.8598991021994618
11306,11048,5844,7260.199521804315,359688.02651007776,49.542443762025925,51.1052985997031
11306,11313,5844,7260.199521804315,56907.29041066979,7.838254339947825,3.971957139533289
11306,11315,5844,7260.199521804315,62560.062391571955,8.616851672421317,3.9518813138047015
11306,11586,5844,7260.199521804315,52081.66042899974,7.173585281311434,4.04913551753785
11306,11619,5730,7260.199521804315,412749.21912158973,56.85094712369733,53.05031582226951
11306,11056,5844,7260.199521804315,1042906.3032989879,143.6470582064394,115.98635394756198
11306,10031,5074,7260.199521804315,2398595.9215495987,330.3760336538928,563.7032453210796
11306,11061,5603,7260.199521804315,1195953.1948647194,164.72731793016888,154.9252752687919
11306,11801,5844,7260.199521804315,2663201.4639564455,366.82207643992996,717.01097767601
11308,11309,5844,13243.539482687445,15254.58816390373,1.1518512995597,1.0657997633723932
11308,11312,5844,13243.539482687445,43125.76954913874,3.2563628179245208,2.6510956429787145
11308,11048,5844,13243.539482687445,359688.02651007776,27.15950875370427,35.10066736552686
11308,11313,5844,13243.539482687445,56907.29041066979,4.296984992951588,2.7280604979323515
11308,11315,5844,13243.539482687445,62560.062391571955,4.723817410999024,2.7142718126042995
11308,11586,5844,13243.539482687445,52081.66042899974,3.932608838980187,2.781068946143722
11308,11619,5730,13243.539482687445,412749.21912158973,31.166080613204212,36.409320527794755
11308,11056,5844,13243.539482687445,1042906.3032989879,78.74830627131986,79.66294181631663
11308,10031,5074,13243.539482687445,2398595.9215495987,181.11441617893402,387.47589525268955
11308,11061,5603,13243.539482687445,1195953.1948647194,90.30464978249384,106.40158262349284
11308,11801,5844,13243.539482687445,2663201.4639564455,201.09438775320623,492.4648620482387
11327,11312,5844,3119.3216260395416,43125.76954913874,13.825368050903279,12.406660264980816
11327,11048,5844,3119.3216260395416,359688.02651007776,115.30969538615902,164.26493560560215
11327,11313,5844,3119.3216260395416,56907.29041066979,18.24348279305919,12.766842218537354
11327,11315,5844,3119.3216260395416,62560.062391571955,20.055662702214384,12.702313601918434
11327,11586,5844,3119.3216260395416,52081.66042899974,16.69647015371269,13.01491241165697
11327,11619,5730,3119.3216260395416,412749.21912158973,132.32018643926702,170.42794899608018
11327,11056,5844,3119.3216260395416,1042906.3032989879,334.3375349925419,372.8085244459473
11327,10031,5074,3119.3216260395416,2398595.9215495987,768.9479345529961,1839.4070919654466
11327,11061,5603,3119.3216260395416,1195953.1948647194,383.40169377890214,498.7299914016414
11327,11801,5844,3119.3216260395416,2663201.4639564455,853.7758471984786,2304.648741004399
11309,11312,5844,15254.58816390373,43125.76954913874,2.8270687537265267,2.48742374889458
11309,11048,5844,15254.58816390373,359688.02651007776,23.579006043649997,32.93364154488238
11309,11313,5844,15254.58816390373,56907.29041066979,3.730503229535035,2.5596369896914304
11309,11315,5844,15254.58816390373,62560.062391571955,4.101065313556292,2.546699582683174
11309,11586,5844,15254.58816390373,52081.66042899974,3.4141636515785008,2.609372831294211
11309,11619,5730,15254.58816390373,412749.21912158973,27.057381994635573,34.17637353320525
11309,11056,5844,15254.58816390373,1042906.3032989879,68.36672954349379,74.74475464720308
11309,10031,5074,15254.58816390373,2398595.9215495987,157.23767143221158,364.8797362696593
11309,11061,5603,15254.58816390373,1195953.1948647194,78.39957277212187,99.97465332991365
11309,11801,5844,15254.58816390373,2663201.4639564455,174.583635778399,462.06133550826297
11357,11351,5844,1636.2240390057643,9895.94451361593,6.0480376022522595,6.47727065563764
11357,11352,5844,1636.2240390057643,14487.869086162302,8.854453143816244,9.869181128135192
11357,11353,5844,1636.2240390057643,16774.546023756568,10.251986050730228,12.168520729996414
11357,11619,5730,1636.2240390057643,412749.21912158973,252.25715383841495,223.72082459921168
11357,11056,5844,1636.2240390057643,1042906.3032989879,637.3860048729633,486.730627560382
11357,10031,5074,1636.2240390057643,2398595.9215495987,1465.933676788591,2422.1020010978264
11357,11061,5603,1636.2240390057643,1195953.1948647194,730.9226403930777,656.1219051703904
11357,11801,5844,1636.2240390057643,2663201.4639564455,1627.6508598264538,3008.898816577234
11337,11312,5844,15923.135724052618,43125.76954913874,2.708371660991077,2.3392959386348267
11337,11048,5844,15923.135724052618,359688.02651007776,22.58901969709099,30.97242033836659
11337,11313,5844,15923.135724052618,56907.29041066979,3.5738746059112434,2.407208830833755
11337,11315,5844,15923.135724052618,62560.062391571955,3.928878298579855,2.3950418553900534
11337,11586,5844,15923.135724052618,52081.66042899974,3.270816837309754,2.4539828685575946
11337,11619,5730,15923.135724052618,412749.21912158973,25.921352821110062,32.15257428127195
11337,11056,5844,15923.135724052618,1042906.3032989879,65.49628925938443,70.29365264288515
11337,10031,5074,15923.135724052618,2398595.9215495987,150.63590257077385,351.86058130888915
11337,11061,5603,15923.135724052618,1195953.1948647194,75.10789429861971,94.39917223603902
11337,11801,5844,15923.135724052618,2663201.4639564455,167.2535805829727,434.54526235629083
11335,11312,5844,5955.805083250382,43125.76954913874,7.240963890914113,4.028871014768363
11335,11337,5844,5955.805083250382,15923.135724052618,2.673548832018284,1.7222579444649244
11335,11048,5844,5955.805083250382,359688.02651007776,60.392847227595624,53.342496987058865
11335,11313,5844,5955.805083250382,56907.29041066979,9.55492827841381,4.145834532889557
11335,11315,5844,5955.805083250382,62560.062391571955,10.504047986310153,4.124879862771532
11335,11586,5844,5955.805083250382,52081.66042899974,8.74468853513523,4.226391490954142
11335,11619,5730,5955.805083250382,412749.21912158973,69.30200255921265,55.28328793506756
11335,11056,5844,5955.805083250382,1042906.3032989879,175.1075276509589,121.06380170966679
11335,10031,5074,5955.805083250382,2398595.9215495987,402.73244137811247,600.4356955648601
11335,11061,5603,5955.805083250382,1195953.1948647194,200.80462307742744,161.93185976594836
11335,11801,5844,5955.805083250382,2663201.4639564455,447.16061501848253,748.3990303227167
11312,11048,5844,43125.76954913874,359688.02651007776,8.340443087055847,13.240060749407178
11312,11313,5844,43125.76954913874,56907.29041066979,1.3195657957089435,1.0290313384797996
11312,11315,5844,43125.76954913874,62560.062391571955,1.4506422272717758,1.0238302114044449
11312,11586,5844,43125.76954913874,52081.66042899974,1.2076691262206092,1.0490262595803492
11312,11619,5730,43125.76954913874,412749.21912158973,9.570825597704207,13.74735669612608
11312,11056,5844,43125.76954913874,1042906.3032989879,24.182903034592123,30.049063687045656
11312,10031,5074,43125.76954913874,2398595.9215495987,55.61862307909821,150.2687918354472
11312,11061,5603,43125.76954913874,1195953.1948647194,27.73175313432995,40.36138869511762
11312,11801,5844,43125.76954913874,2663201.4639564455,61.75429428388326,185.7589949093333
11351,11352,5844,9895.94451361593,14487.869086162302,1.4640208487657036,1.5236635386766377
11351,11353,5844,9895.94451361593,16774.546023756568,1.695092974771261,1.8786494153066253
11351,11619,5730,9895.94451361593,412749.21912158973,41.70892617209847,34.444405937381916
11351,11056,5844,9895.94451361593,1042906.3032989879,105.38724240662854,75.14440162180732
11351,10031,5074,9895.94451361593,2398595.9215495987,242.38170679406562,374.71667896054856
11351,11061,5603,9895.94451361593,1195953.1948647194,120.8528597971821,101.37524234587727
11351,11801,5844,9895.94451361593,2663201.4639564455,269.1204927727838,464.53189569257387
11350,11351,5844,6537.193815641309,9895.94451361593,1.513790900606046,1.4534899555633312
11350,11352,5844,6537.193815641309,14487.869086162302,2.216221439159062,2.214629649124574
11350,11353,5844,6537.193815641309,16774.546023756568,2.5660163208899687,2.7305980551731044
11350,11619,5730,6537.193815641309,412749.21912158973,63.138592913372015,50.06797398004251
11350,11056,5844,6537.193815641309,1042906.3032989879,159.5342485951179,109.22163297411382
11350,10031,5074,6537.193815641309,2398595.9215495987,366.9152222182191,543.7327725239614
11350,11061,5603,6537.193815641309,1195953.1948647194,182.9459594731925,147.28783134624248
11350,11801,5844,6537.193815641309,2663201.4639564455,407.39215312605523,675.1924444279491
10349,10021,5844,500.72488915218366,483216.35598032636,965.0336271450329,360.15833599039195
10349,10024,5119,500.72488915218366,764562.1309948119,1526.910580157802,488.5739560610226
10349,10328,5479,500.72488915218366,58439.036082045735,116.70887017618281,32.22453124192274
10349,10329,5844,500.72488915218366,94355.83844996276,188.43848287574437,63.54076905253565
10349,10331,5844,500.72488915218366,130992.03770426493,261.604806435841,80.83267371767907
10349,10031,5074,500.72488915218366,2398595.9215495987,4790.247046858103,1054.8718130165903
10349,11801,5844,500.72488915218366,2663201.4639564455,5318.692003638404,1328.5127114635216
10349,10323,5844,500.72488915218366,33856.09114423112,67.61415675093664,18.92019037434868
11352,11353,5844,14487.869086162302,16774.546023756568,1.1578339039367993,1.2329818018342205
11352,11619,5730,14487.869086162302,412749.21912158973,28.48929795450844,22.629652156130973
11352,11056,5844,14487.869086162302,1042906.3032989879,71.98479618338709,49.31823838685095
11352,10031,5074,14487.869086162302,2398595.9215495987,165.55891741460812,247.64183996050917
11352,11061,5603,14487.869086162302,1195953.1948647194,82.54859204981372,66.60559419237116
11352,11801,5844,14487.869086162302,2663201.4639564455,183.8228553914896,304.8782647224322
11358,11352,5844,2260.878545870669,14487.869086162302,6.408070487741744,5.648817776194906
11358,11353,5844,2260.878545870669,16774.546023756568,7.419481269524213,6.964889519925969
11358,11619,5730,2260.878545870669,412749.21912158973,182.56142943876677,127.86845422646499
11358,11056,5844,2260.878545870669,1042906.3032989879,461.28364798886736,278.58974169026163
11358,10031,5074,2260.878545870669,2398595.9215495987,1060.9132126670231,1362.2237291326815
11358,11061,5603,2260.878545870669,1195953.1948647194,528.9771965190441,374.17357159573015
11358,11801,5844,2260.878545870669,2663201.4639564455,1177.9498146066228,1722.2017613395317
10357,10021,5844,615.147997094065,483216.35598032636,785.5286179310044,685.8934231935145
10357,10024,5119,615.147997094065,764562.1309948119,1242.89136046378,932.6593330670996
10357,10328,5479,615.147997094065,58439.036082045735,94.99996156715042,61.63032640754106
10357,10329,5844,615.147997094065,94355.83844996276,153.3872155899004,121.00843224396411
10357,10331,5844,615.147997094065,130992.03770426493,212.9439392196125,153.93951421294435
10357,10031,5074,615.147997094065,2398595.9215495987,3899.21764011339,2025.6411398445728
10357,11801,5844,615.147997094065,2663201.4639564455,4329.367041000385,2530.0487045956406
10357,10323,5844,615.147997094065,33856.09114423112,55.037310215047384,36.032024936058114
10384,10021,5844,3394.996117180452,483216.35598032636,142.33193184964173,46.016510359348665
10384,10024,5119,3394.996117180452,764562.1309948119,225.20265255259895,63.37407487138842
10384,10385,5844,3394.996117180452,5623.19470386094,1.6563184492037089,1.279835329283162
10384,10387,5844,3394.996117180452,10541.737266635693,3.105080802092527,1.9058977500958711
10384,10329,5844,3394.996117180452,94355.83844996276,27.79262043113186,8.118441710661918
10384,10331,5844,3394.996117180452,130992.03770426493,38.58385493914908,10.327784187681996
10384,10031,5074,3394.996117180452,2398595.9215495987,706.5091796162745,135.29218701219318
10384,11801,5844,3394.996117180452,2663201.4639564455,784.4490456054592,169.74067469930336
10392,10021,5844,742.7813429975508,483216.35598032636,650.549937119139,1101.3007294695315
10392,10024,5119,742.7813429975508,764562.1309948119,1029.3232836319812,1462.9479966515587
10392,10387,5844,742.7813429975508,10541.737266635693,14.19224831912674,45.613336736832714
10392,10394,5844,742.7813429975508,1710.1858514311232,2.3024081952967985,2.9418341956223526
10392,10329,5844,742.7813429975508,94355.83844996276,127.03043680281813,194.29647551036925
10392,10331,5844,742.7813429975508,130992.03770426493,176.35343017049482,247.17207304241714
10392,10031,5074,742.7813429975508,2398595.9215495987,3229.208628032957,3236.1187395017264
10392,11801,5844,742.7813429975508,2663201.4639564455,3585.4447463756865,4062.3577800052713
10385,10021,5844,5623.19470386094,483216.35598032636,85.93270932776797,35.95502429607299
10385,10024,5119,5623.19470386094,764562.1309948119,135.96579369194814,49.24326038072132
10385,10387,5844,5623.19470386094,10541.737266635693,1.874688290518846,1.4891741980301232
10385,10329,5844,5623.19470386094,94355.83844996276,16.779756600847758,6.343348651899673
10385,10331,5844,5623.19470386094,130992.03770426493,23.29494968657666,8.069619545091482
10385,10031,5074,5623.19470386094,2398595.9215495987,426.55395160027086,105.4236368939161
10385,11801,5844,5623.19470386094,2663201.4639564455,473.61003917005854,132.62696443485072
10394,10021,5844,1710.1858514311232,483216.35598032636,282.55195514333116,374.3585315271476
10394,10024,5119,1710.1858514311232,764562.1309948119,447.06376816005616,495.9308546212494
10394,10387,5844,1710.1858514311232,10541.737266635693,6.164088691187641,15.50506714644504
10394,10329,5844,1710.1858514311232,94355.83844996276,55.17285643019652,66.0460320297777
10394,10331,5844,1710.1858514311232,130992.03770426493,76.59520606760239,84.0197157984722
10394,10031,5074,1710.1858514311232,2398595.9215495987,1402.5352388118508,1112.3591887673072
10394,11801,5844,1710.1858514311232,2663201.4639564455,1557.2585059850758,1380.8928409528767
10387,10021,5844,10541.737266635693,483216.35598032636,45.83839871533251,24.144270256383862
10387,10024,5119,10541.737266635693,764562.1309948119,72.52714724873952,32.80241649431542
10387,10329,5844,10541.737266635693,94355.83844996276,8.950691528672069,4.259641793613294
10387,10331,5844,10541.737266635693,130992.03770426493,12.426038933720262,5.4188553332215665
10387,10031,5074,10541.737266635693,2398595.9215495987,227.53326713435445,70.84709023613786
10387,11801,5844,10541.737266635693,2663201.4639564455,252.6340200476637,89.06074562014935
10396,10021,5844,1184.1866584582258,483216.35598032636,408.05759170556695,478.69514069864465
10396,10024,5119,1184.1866584582258,764562.1309948119,645.6432569424891,633.9204828945624
10396,10387,5844,1184.1866584582258,10541.737266635693,8.90209089195508,19.826448909636245
10396,10329,5844,1184.1866584582258,94355.83844996276,79.67986953409113,84.45357039442527
10396,10331,5844,1184.1866584582258,130992.03770426493,110.61772801495036,107.43665841282728
10396,10031,5074,1184.1866584582258,2398595.9215495987,2025.521824973519,1406.0971085320605
10396,11801,5844,1184.1866584582258,2663201.4639564455,2248.971008864304,1765.758322892001
10400,10021,5844,1764.0257118260856,483216.35598032636,273.92818185178834,358.337070148028
10400,10024,5119,1764.0257118260856,764562.1309948119,433.4189268723027,488.65058823565136
10400,10329,5844,1764.0257118260856,94355.83844996276,53.488924689361475,63.21945306257059
10400,10331,5844,1764.0257118260856,130992.03770426493,74.2574424091951,80.42391519988958
10400,10031,5074,1764.0257118260856,2398595.9215495987,1359.728435628423,1075.3092361806937
10400,11801,5844,1764.0257118260856,2663201.4639564455,1509.7293911887205,1321.7946250533282
10411,10021,5783,1020.5914440850956,483216.35598032636,473.46698699155115,307.70781111628827
10411,10024,5058,1020.5914440850956,764562.1309948119,749.1363321002558,411.7669351736678
10411,10407,5783,1020.5914440850956,3418.952016716154,3.349971270610697,2.4306269250871164
10411,10331,5783,1020.5914440850956,130992.03770426493,128.3491434926658,68.91588355768859
10411,10031,5013,1020.5914440850956,2398595.9215495987,2350.2018711315072,904.6012747012892
10411,11801,5783,1020.5914440850956,2663201.4639564455,2609.468734419834,1133.0315886771089
10414,10021,5844,607.4733209056228,483216.35598032636,795.4528031946262,863.7989867886657
10414,10024,5119,607.4733209056228,764562.1309948119,1258.5937598954974,1158.926023056182
10414,10583,5844,607.4733209056228,2879.240215056698,4.739698215494171,6.248874042331678
10414,10331,5844,607.4733209056228,130992.03770426493,215.6342232593551,193.86801492389358
10414,10031,5074,607.4733209056228,2398595.9215495987,3948.4794459347872,2559.6707548503723
10414,11801,5844,607.4733209056228,2663201.4639564455,4384.063253981488,3186.2873059494223
10407,10021,5844,3418.952016716154,483216.35598032636,141.3346410296941,126.97575439470977
10407,10024,5119,3418.952016716154,764562.1309948119,223.62470349296126,169.8588870741911
10407,10331,5844,3418.952016716154,130992.03770426493,38.313505736205265,28.497992964176564
10407,10031,5074,3418.952016716154,2398595.9215495987,701.5588138769522,373.05350618630945
10407,11801,5844,3418.952016716154,2663201.4639564455,778.9525711198503,468.37428681795717
10583,10021,5844,2879.240215056698,483216.35598032636,167.82773227929883,138.23274096053814
10583,10024,5119,2879.240215056698,764562.1309948119,265.54301617371516,186.7989262345818
10583,10331,5844,2879.240215056698,130992.03770426493,45.49534874487207,31.024471546485916
10583,10031,5074,2879.240215056698,2398595.9215495987,833.0655806369964,409.37008556227266
10583,11801,5844,2879.240215056698,2663201.4639564455,924.9667499187808,509.8978286911516
10570,10021,5844,976.1682214547055,483216.35598032636,495.0134058453856,798.7824836956661
10570,10024,5119,976.1682214547055,764562.1309948119,783.2278435118959,1078.8815253420496
10570,10329,5844,976.1682214547055,94355.83844996276,96.65940395944439,140.9248329075775
10570,10331,5844,976.1682214547055,130992.03770426493,134.19002465482637,179.2759390072581
10570,10031,5074,976.1682214547055,2398595.9215495987,2457.15427815829,2427.3900444201263
10570,11801,5844,976.1682214547055,2663201.4639564455,2728.2197939077437,2946.461534385824
10021,10024,5119,483216.35598032636,764562.1309948119,1.5822356208197974,1.3747524021082715
10021,10031,5074,483216.35598032636,2398595.9215495987,4.963813604122405,3.016456644310468
10021,11801,5844,483216.35598032636,2663201.4639564455,5.511405876470114,3.688690719347844
10701,10021,5844,382.56502864724604,483216.35598032636,1263.0959962257514,1729.3015367294051
10701,10024,5119,382.56502864724604,764562.1309948119,1998.5154777432522,2349.1357887714003
10701,10387,5844,382.56502864724604,10541.737266635693,27.55541274619739,71.62368207306532
10701,10329,5844,382.56502864724604,94355.83844996276,246.63999943645135,305.0912295709003
10701,10331,5844,382.56502864724604,130992.03770426493,342.4046316189803,388.1183715865959
10701,10031,5074,382.56502864724604,2398595.9215495987,6269.773089377926,5210.492051854157
10701,11801,5844,382.56502864724604,2663201.4639564455,6961.43469614448,6378.858529487721
10221,10021,5479,468.5351919801473,483216.35598032636,1031.3341756424586,1555.8056715407888
10221,10024,5023,468.5351919801473,764562.1309948119,1631.8136696703195,2093.692542602146
10221,10215,2505,468.5351919801473,5482.571894834222,11.701515678392262,11.302076163901576
10221,10216,5114,468.5351919801473,7881.375858489632,16.82131031648009,10.926231056412336
10221,10015,5479,468.5351919801473,255208.0587573345,544.693468336415,758.2190584301221
10221,10219,5479,468.5351919801473,15512.61360799079,33.10874801619616,23.239642877167146
10221,10220,5479,468.5351919801473,17245.810927824296,36.807930808653175,25.798452881541078
10221,10632,5479,468.5351919801473,12656.877731780436,27.01371838962468,14.886411585538694
10221,10031,4709,468.5351919801473,2398595.9215495987,5119.350611450402,4642.292353592379
10221,11801,5479,468.5351919801473,2663201.4639564455,5684.101236240308,5808.309360683503
10584,10021,5844,229.4353908888523,483216.35598032636,2106.1108057841684,3457.4972169683165
10584,10024,5119,229.4353908888523,764562.1309948119,3332.3635383051974,4478.089562872154
10584,10387,5844,229.4353908888523,10541.737266635693,45.94643060861754,143.20156212027726
10584,10394,5844,229.4353908888523,1710.1858514311232,7.453888629847893,9.235791162188558
10584,10329,5844,229.4353908888523,94355.83844996276,411.2523272212721,609.9873589182434
10584,10331,5844,229.4353908888523,130992.03770426493,570.9321356081579,775.988548621124
10584,10031,5074,229.4353908888523,2398595.9215495987,10454.341469540654,9964.080917372892
10584,11801,5844,229.4353908888523,2663201.4639564455,11607.631471496074,12753.637896402028
10623,10021,5844,415.1335419879878,483216.35598032636,1164.0021995483771,1255.6916144930342
10623,10024,5119,415.1335419879878,764562.1309948119,1841.725742838036,1693.8988836838598
10623,10407,5844,415.1335419879878,3418.952016716154,8.235788417248838,9.889223501595911
10623,10331,5844,415.1335419879878,130992.03770426493,315.54192676643623,281.8230217696498
10623,10031,5074,415.1335419879878,2398595.9215495987,5777.889953346636,3641.770260900811
10623,11801,5844,415.1335419879878,2663201.4639564455,6415.288562815064,4631.858004743366
10223,10021,5114,745.0159931918439,483216.35598032636,648.5986346549431,809.00999536818
10223,10024,4658,745.0159931918439,764562.1309948119,1026.235863366137,1119.7715821221825
10223,10215,2140,745.0159931918439,5482.571894834222,7.358998927453149,6.109349199525534
10223,10216,5114,745.0159931918439,7881.375858489632,10.578800898922655,5.785767090961503
10223,10015,5114,745.0159931918439,255208.0587573345,342.5537989647125,396.05731521464566
10223,10219,5114,745.0159931918439,15512.61360799079,20.82185315449496,12.217282262015594
10223,10220,5114,745.0159931918439,17245.810927824296,23.14824256851013,13.595547279290175
10223,10632,5114,745.0159931918439,12656.877731780436,16.988732923108206,7.837462043855328
10223,10031,4344,745.0159931918439,2398595.9215495987,3219.522726315424,2413.212182517445
10223,11801,5114,745.0159931918439,2663201.4639564455,3574.6903265077462,3006.9080359934087
10233,10021,2132,4345.069510952863,483216.35598032636,111.21027057501738,39.151741575761704
10233,10240,2132,4345.069510952863,28959.540451432134,6.664919946259128,6.2291226199224035
10233,10246,2132,4345.069510952863,46705.49142583815,10.749078077601512,9.157784441955414
10233,10251,2132,4345.069510952863,56880.39099835246,13.090789653645546,8.775893156933865
10233,11801,2132,4345.069510952863,2663201.4639564455,612.9249387709822,154.64980119849335
10259,10021,2212,3320.0622676710345,483216.35598032636,145.5443654432705,23.901364124526282
10259,10240,2028,3320.0622676710345,28959.540451432134,8.722589553040747,4.1978620168131515
10259,10251,2212,3320.0622676710345,56880.39099835246,17.13232656875832,6.830039594336471
10259,10031,2002,3320.0622676710345,2398595.9215495987,722.4551011906689,72.35632742658107
10259,11801,2212,3320.0622676710345,2663201.4639564455,802.1540709911548,90.86081522923386
10287,10021,4822,1313.1160464657862,483216.35598032636,367.9921186561456,673.4653686672998
10287,10024,4366,1313.1160464657862,764562.1309948119,582.2502383186991,931.5125256673512
10287,10246,4822,1313.1160464657862,46705.49142583815,35.568441609973945,178.1106557194985
10287,10251,4822,1313.1160464657862,56880.39099835246,43.31710906392804,186.41925426933338
10287,10031,4165,1313.1160464657862,2398595.9215495987,1826.6442847952014,2030.9453498350574
10287,11801,4822,1313.1160464657862,2663201.4639564455,2028.1539252561683,2495.791903111461
10276,10021,5114,2594.4477420993826,483216.35598032636,186.25017884897383,76.57821182928957
10276,10024,4658,2594.4477420993826,764562.1309948119,294.6916673589044,105.10555057632217
10276,10240,5114,2594.4477420993826,28959.540451432134,11.162121318349843,13.95646552476978
10276,10246,5114,2594.4477420993826,46705.49142583815,18.002093728064402,20.082611188077173
10276,10277,3972,2594.4477420993826,6861.547917479509,2.6447046152208338,2.236150809603933
10276,10251,5114,2594.4477420993826,56880.39099835246,21.923891576372945,20.979320582108866
10276,10031,4344,2594.4477420993826,2398595.9215495987,924.5111715407674,228.43201957471717
10276,11801,5114,2594.4477420993826,2663201.4639564455,1026.5003302018442,284.6239747961377
10264,10021,5479,3168.012208788098,483216.35598032636,152.52982758080265,51.56770196034579
10264,10024,5023,3168.012208788098,764562.1309948119,241.33812643584793,71.36460066697187
10264,10240,5479,3168.012208788098,28959.540451432134,9.141233853549577,9.371827508362408
10264,10246,5114,3168.012208788098,46705.49142583815,14.742838205066457,13.480637563024873
10264,10266,5434,3168.012208788098,8792.329532408778,2.775345848737188,2.3792411870694012
10264,10251,5479,3168.012208788098,56880.39099835246,17.954599682591397,14.232443576392479
10264,10031,4709,3168.012208788098,2398595.9215495987,757.1296331800329,155.6205412601402
10264,11801,5479,3168.012208788098,2663201.4639564455,840.6537880658091,192.51836619709923
10298,10021,5003,1382.408065950419,483216.35598032636,349.5468291036847,837.0623277703387
10298,10024,4547,1382.408065950419,764562.1309948119,553.0654441524601,1180.4875362084942
10298,10251,5003,1382.408065950419,56880.39099835246,41.1458760979137,214.95748646460214
10298,10031,4233,1382.408065950419,2398595.9215495987,1735.0853055827192,2699.8413085034563
10298,11801,5003,1382.408065950419,2663201.4639564455,1926.4944480235424,3275.0259524743765
10279,10021,5844,1042.5149631084835,483216.35598032636,463.51023542099813,172.9130972899534
10279,10024,5119,1042.5149631084835,764562.1309948119,733.3824050976734,240.80616406570698
10279,10240,5479,1042.5149631084835,28959.540451432134,27.778536976661716,31.58017702676583
10279,10246,5114,1042.5149631084835,46705.49142583815,44.80078759404626,45.34250480433539
10279,10277,4337,1042.5149631084835,6861.547917479509,6.581726076161365,5.140587846166069
10279,10251,5844,1042.5149631084835,56880.39099835246,54.560743021616965,47.4883245174186
10279,10031,5074,1042.5149631084835,2398595.9215495987,2300.778412232729,510.930614201787
10279,11801,5844,1042.5149631084835,2663201.4639564455,2554.5930353033355,637.822937227142
10240,10021,5479,28959.540451432134,483216.35598032636,16.68591242981654,5.502416888737264
10240,10024,5023,28959.540451432134,764562.1309948119,26.401045012335548,7.523227758057607
10240,10246,5114,28959.540451432134,46705.49142583815,1.6127842741209115,1.4389467843727897
10240,10251,5479,28959.540451432134,56880.39099835246,1.9641330667434522,1.5186412216499912
10240,10031,4709,28959.540451432134,2398595.9215495987,82.82575911631847,16.2526540935606
10240,11801,5479,28959.540451432134,2663201.4639564455,91.96283581995661,20.54224387135984
10292,10021,5114,1318.931067597122,483216.35598032636,366.3696821249863,69.62567943774073
10292,10024,4658,1318.931067597122,764562.1309948119,579.6831614465796,95.25444725599463
10292,10246,5114,1318.931067597122,46705.49142583815,35.41162428672483,18.25931182580891
10292,10251,5114,1318.931067597122,56880.39099835246,43.12612872329961,19.074609014477158
10292,10031,4344,1318.931067597122,2398595.9215495987,1818.590812270008,205.39213381061575
10292,11801,5114,1318.931067597122,2663201.4639564455,2019.2120190241374,258.78297698604445
10557,10021,5080,473.320993931422,483216.35598032636,1020.9062394775966,1638.7154460038967
10557,10024,4624,473.320993931422,764562.1309948119,1615.3142176186398,2263.9628148756715
10557,10251,5080,473.320993931422,56880.39099835246,120.17297294569968,436.64081415038885
10557,10031,4310,473.320993931422,2398595.9215495987,5067.5882800523395,5093.508294874175
10557,11801,5080,473.320993931422,2663201.4639564455,5626.628647581832,6123.8708574543225
10566,10021,5114,1234.6242736040733,483216.35598032636,391.3873769626589,139.7074454897556
10566,10024,4658,1234.6242736040733,764562.1309948119,619.2670493695447,195.62960717167377
10566,10240,5114,1234.6242736040733,28959.540451432134,23.456156719561672,25.46183960103468
10566,10246,5114,1234.6242736040733,46705.49142583815,37.82972068862461,36.63823221812461
10566,10264,5114,1234.6242736040733,3168.012208788098,2.565972722648765,2.717841203491527
10566,10266,5114,1234.6242736040733,8792.329532408778,7.12146174377611,6.490235946608621
10566,10251,5114,1234.6242736040733,56880.39099835246,46.071013031607706,38.274167241863545
10566,10031,4344,1234.6242736040733,2398595.9215495987,1942.77398624903,422.2655769018417
10566,11801,5114,1234.6242736040733,2663201.4639564455,2157.094689368222,519.2611252473781
10567,10021,5844,1212.0900012243378,483216.35598032636,398.6637588728785,148.0967029159343
10567,10024,5119,1212.0900012243378,764562.1309948119,630.7800000185829,204.89091569013726
10567,10240,5479,1212.0900012243378,28959.540451432134,23.89223607337736,26.919226980399163
10567,10246,5114,1212.0900012243378,46705.49142583815,38.533022612727365,38.64377685406258
10567,10277,4337,1212.0900012243378,6861.547917479509,5.660922794964588,4.374984707565985
10567,10251,5844,1212.0900012243378,56880.39099835246,46.92753091016122,40.67282581977232
10567,10031,5074,1212.0900012243378,2398595.9215495987,1978.892589763768,438.5847090974834
10567,11801,5844,1212.0900012243378,2663201.4639564455,2197.197783387647,546.2829336120216
10608,10021,2131,582.3757534139002,483216.35598032636,829.7329570259423,125.07432838132632
10608,10246,2131,582.3757534139002,46705.49142583815,80.19820734645883,32.088313417689434
10608,10251,2131,582.3757534139002,56880.39099835246,97.66957271987765,33.49355561880643
10608,11801,2131,582.3757534139002,2663201.4639564455,4572.995095253703,445.7859530090709
10653,10021,5844,1174.7300361410546,483216.35598032636,411.3424711329205,881.8919900172791
10653,10024,5119,1174.7300361410546,764562.1309948119,650.840710182546,1188.9294555329882
10653,10215,2505,1174.7300361410546,5482.571894834222,4.667090928264907,5.538125978788133
10653,10216,5114,1174.7300361410546,7881.375858489632,6.70909538022852,6.304043623465101
10653,10015,5844,1174.7300361410546,255208.0587573345,217.24826207362815,430.1326345816443
10653,10219,5844,1174.7300361410546,15512.61360799079,13.205258340843281,12.9206927081018
10653,10220,5844,1174.7300361410546,17245.810927824296,14.680658872464143,14.36465648147725
10653,10632,5844,1174.7300361410546,12656.877731780436,10.77428629760572,8.284252452991513
10653,10031,5074,1174.7300361410546,2398595.9215495987,2041.827354162918,2590.832091303366
10653,11801,5844,1174.7300361410546,2663201.4639564455,2267.075312643716,3253.026799043939
10277,10021,4337,6861.547917479509,483216.35598032636,70.42381133116518,35.04829918992577
10277,10024,4156,6861.547917479509,764562.1309948119,111.42706284206244,48.07087291692819
10277,10240,4337,6861.547917479509,28959.540451432134,4.22055501174289,6.228084378945384
10277,10246,3972,6861.547917479509,46705.49142583815,6.806844751001132,9.062498472677905
10277,10251,4337,6861.547917479509,56880.39099835246,8.289731658574011,9.477580540346336
10277,10031,3735,6861.547917479509,2398595.9215495987,349.5706727397873,107.84413547645444
10277,11801,4337,6861.547917479509,2663201.4639564455,388.13420761400647,134.1134715982842
10246,10021,5114,46705.49142583815,483216.35598032636,10.346028726570772,3.8131601071255723
10246,10024,4658,46705.49142583815,764562.1309948119,16.369855185205164,5.20659109293502
10246,10251,5114,46705.49142583815,56880.39099835246,1.217852318044242,1.0446510359451693
10246,10031,4344,46705.49142583815,2398595.9215495987,51.3557581415932,11.279249475417018
10246,11801,5114,46705.49142583815,2663201.4639564455,57.02116352175077,14.172657735121408
10266,10021,5639,8792.329532408778,483216.35598032636,54.9588541010863,21.587062850938263
10266,10024,4978,8792.329532408778,764562.1309948119,86.95785663817695,29.65468360151189
10266,10240,5434,8792.329532408778,28959.540451432134,3.2937278277260242,3.9448941496414927
10266,10246,5114,8792.329532408778,46705.49142583815,5.312072443790963,5.645131012112031
10266,10251,5639,8792.329532408778,56880.39099835246,6.469319739289765,5.956101679265146
10266,10031,4869,8792.329532408778,2398595.9215495987,272.8055076539506,64.01576752135982
10266,11801,5639,8792.329532408778,2663201.4639564455,302.9005514567907,79.84816105240405
10589,10021,4537,1773.7561397884315,483216.35598032636,272.42547334492275,44.724250790724795
10589,10024,4081,1773.7561397884315,764562.1309948119,431.04128794503094,62.40606016780262
10589,10246,4537,1773.7561397884315,46705.49142583815,26.331405077706478,11.609287304957846
10589,10251,4537,1773.7561397884315,56880.39099835246,32.06776271124676,12.029207260243663
10589,10031,3828,1773.7561397884315,2398595.9215495987,1352.2692706990128,130.7737512386389
10589,11801,4537,1773.7561397884315,2663201.4639564455,1501.4473546933596,165.47281242548138
10556,10021,4963,184.1310076820769,483216.35598032636,2624.307345423614,1865.323432085255
10556,10024,4507,184.1310076820769,764562.1309948119,4152.272561908287,2582.469483689409
10556,10246,4963,184.1310076820769,46705.49142583815,253.65359161277433,478.5750540660257
10556,10251,4963,184.1310076820769,56880.39099835246,308.91261452586474,500.44774486047055
10556,10031,4193,184.1310076820769,2398595.9215495987,13026.57250261209,5775.189659664223
10556,11801,4963,184.1310076820769,2663201.4639564455,14463.622925231395,7036.074519919748
10215,10021,2505,5482.571894834222,483216.35598032636,88.13680244405396,192.38449269654487
10215,10024,2233,5482.571894834222,764562.1309948119,139.45318833213955,265.90191229430394
10215,10216,2140,5482.571894834222,7881.375858489632,1.437532605074565,1.2370358706356916
10215,10015,2505,5482.571894834222,255208.0587573345,46.54896710023924,90.52468102914926
10215,10219,2505,5482.571894834222,15512.61360799079,2.8294409823621383,2.3836105447690668
10215,10220,2505,5482.571894834222,17245.810927824296,3.145569498883108,2.77612728661356
10215,10632,2505,5482.571894834222,12656.877731780436,2.3085657561017987,1.7137683130356829
10215,10031,2225,5482.571894834222,2398595.9215495987,437.4946589956438,604.9017665315183
10215,11801,2505,5482.571894834222,2663201.4639564455,485.7576909234445,755.9445316018861
10660,10021,4590,1735.1613804930898,483216.35598032636,278.48496480656354,490.69540406953917
10660,10024,4134,1735.1613804930898,764562.1309948119,440.6288311796925,659.333716371884
10660,10246,4590,1735.1613804930898,46705.49142583815,26.917087915226425,125.3500270133508
10660,10251,4590,1735.1613804930898,56880.39099835246,32.78103791255916,131.40557496514836
10660,10031,3973,1735.1613804930898,2398595.9215495987,1382.3474568503693,1498.3152796191337
10660,11801,4590,1735.1613804930898,2663201.4639564455,1534.8436715434675,1851.0083909667355
10216,10021,5114,7881.375858489632,483216.35598032636,61.31116757486158,139.8276119050854
10216,10024,4658,7881.375858489632,764562.1309948119,97.00871329099773,192.40839400742817
10216,10015,5114,7881.375858489632,255208.0587573345,32.381155694082324,68.45372601212456
10216,10219,5114,7881.375858489632,15512.61360799079,1.9682621266286862,2.1116097606316324
10216,10220,5114,7881.375858489632,17245.810927824296,2.188172628418364,2.3498262314307587
10216,10632,5114,7881.375858489632,12656.877731780436,1.6059223616580531,1.3546107060028345
10216,10031,4344,7881.375858489632,2398595.9215495987,304.33720769272634,424.6153702299683
10216,11801,5114,7881.375858489632,2663201.4639564455,337.91072926533604,519.7077567624154
10202,10021,5844,1064.9647736245108,483216.35598032636,453.7392859819611,1520.5062846624894
10202,10024,5119,1064.9647736245108,764562.1309948119,717.9224608459998,2064.366006145817
10202,10015,5844,1064.9647736245108,255208.0587573345,239.63990648137315,741.6093824675853
10202,10031,5074,1064.9647736245108,2398595.9215495987,2252.277240482045,4460.383274259655
10202,11801,5844,1064.9647736245108,2663201.4639564455,2500.741367146334,5608.677420944596
10204,10021,5844,2526.137034482705,483216.35598032636,191.28667581538306,157.72568810044427
10204,10024,5119,2526.137034482705,764562.1309948119,302.66059226330793,218.8914458358244
10204,10015,5844,2526.137034482705,255208.0587573345,101.02700497781795,76.92888305121984
10204,10205,5844,2526.137034482705,6232.179898629036,2.467079106777453,1.7853091660809448
10204,10031,5074,2526.137034482705,2398595.9215495987,949.5114036997506,474.1295462300692
10204,11801,5844,2526.137034482705,2663201.4639564455,1054.258509179336,581.8012818988615
10208,10021,5844,287.9070437185472,483216.35598032636,1678.3762902748224,2058.865388547363
10208,10024,5119,287.9070437185472,764562.1309948119,2655.586751612212,2785.428000931293
10208,10015,5844,287.9070437185472,255208.0587573345,886.4251998183878,1004.1878187457929
10208,10204,5844,287.9070437185472,2526.137034482705,8.774141131997492,13.05345637316997
10208,10205,5844,287.9070437185472,6232.179898629036,21.646500266667683,23.30445531205807
10208,10031,5074,287.9070437185472,2398595.9215495987,8331.147062502658,6184.553619679633
10208,11801,5844,287.9070437185472,2663201.4639564455,9250.212949148767,7594.517651121151
10198,10010,4634,701.7946131085013,212144.74978139703,302.28894012413616,903.971767947253
10198,10021,5844,701.7946131085013,483216.35598032636,688.5438374056292,1783.464066945421
10198,10024,5119,701.7946131085013,764562.1309948119,1089.4385860391415,2424.454578242343
10198,10015,5844,701.7946131085013,255208.0587573345,363.65063793654105,869.8640043004559
10198,10031,5074,701.7946131085013,2398595.9215495987,3417.803267148707,5298.1357135648395
10198,11801,5844,701.7946131085013,2663201.4639564455,3794.8445516846677,6578.647352031937
10209,10021,5844,462.08914681747086,483216.35598032636,1045.721067695193,1482.6525070373818
10209,10024,5119,462.08914681747086,764562.1309948119,1654.5771227490447,1998.19359914043
10209,10015,5844,462.08914681747086,255208.0587573345,552.2918261876941,723.1466395432095
10209,10205,5844,462.08914681747086,6232.179898629036,13.486964455996626,16.782257492774725
10209,10031,5074,462.08914681747086,2398595.9215495987,5190.764461942805,4486.827611110396
10209,11801,5844,462.08914681747086,2663201.4639564455,5763.393237643888,5469.0465427266045
10211,10021,5844,267.1067594866588,483216.35598032636,1809.075730277285,2015.5294928203787
10211,10024,5119,267.1067594866588,764562.1309948119,2862.384061205308,2717.846336618529
10211,10015,5844,267.1067594866588,255208.0587573345,955.4533896776259,983.0512360213734
10211,10031,5074,267.1067594866588,2398595.9215495987,8979.91472083806,6183.363845064435
10211,11801,5844,267.1067594866588,2663201.4639564455,9970.550610829692,7434.664934738398
10231,10021,5844,1004.0867089100929,483216.35598032636,481.2496288341908,1033.5810777752674
10231,10024,5119,1004.0867089100929,764562.1309948119,761.4503052477629,1382.6479503039411
10231,10031,5074,1004.0867089100929,2398595.9215495987,2388.8334545860143,3083.5664401297663
10231,11801,5844,1004.0867089100929,2663201.4639564455,2652.3620324058206,3812.560929283171
10306,10021,3273,1186.3959306198653,483216.35598032636,407.29771866956474,764.9965798165138
10306,10024,2786,1186.3959306198653,764562.1309948119,644.4409587576259,1016.5150227158169
10306,10308,3054,1186.3959306198653,9185.319856377455,7.742204452419464,6.618228347585417
10306,10031,2997,1186.3959306198653,2398595.9215495987,2021.7499568600053,2140.6490345733596
10306,11801,3273,1186.3959306198653,2663201.4639564455,2244.7830401483106,2696.5198678899083
10205,10021,5844,6232.179898629036,483216.35598032636,77.53568796796527,88.34642822491008
10205,10024,5119,6232.179898629036,764562.1309948119,122.67972738768363,119.5061704922669
10205,10015,5844,6232.179898629036,255208.0587573345,40.95004683890392,43.08995019618464
10205,10031,5074,6232.179898629036,2398595.9215495987,384.87270274037587,267.27248458160335
10205,11801,5844,6232.179898629036,2663201.4639564455,427.33064630279694,325.8826498807563
10310,10021,2789,1615.1673339332135,483216.35598032636,299.1741758444374,566.1222505399575
10310,10024,2384,1615.1673339332135,764562.1309948119,473.36403785047463,729.8861201233025
10310,10308,2558,1615.1673339332135,9185.319856377455,5.686915320414265,5.159344275545355
10310,10031,2619,1615.1673339332135,2398595.9215495987,1485.0448440587268,1542.7153941804277
10310,11801,2789,1615.1673339332135,2663201.4639564455,1648.8703108371355,1924.9499459567926
10219,10021,5844,15512.61360799079,483216.35598032636,31.14989957149542,68.25423450124288
10219,10024,5119,15512.61360799079,764562.1309948119,49.286480686979395,91.2208386848655
10219,10015,5844,15512.61360799079,255208.0587573345,16.45164800764926,33.29021471982951
10219,10220,5844,15512.61360799079,17245.810927824296,1.1117282595719853,1.1117559101510113
10219,10031,5074,15512.61360799079,2398595.9215495987,154.62229526003563,205.44216516000222
10219,11801,5844,15512.61360799079,2663201.4639564455,171.67973954979377,251.76876136092602
10220,10021,5844,17245.810927824296,483216.35598032636,28.01934672730917,61.393183411970185
10220,10024,5119,17245.810927824296,764562.1309948119,44.33320846404918,81.9126800585004
10220,10015,5844,17245.810927824296,255208.0587573345,14.79826375375502,29.943816278258108
10220,10031,5074,17245.810927824296,2398595.9215495987,139.08281446363983,185.43705409437231
10220,11801,5844,17245.810927824296,2663201.4639564455,154.42599220774542,226.46046588295442
10554,10021,5844,1141.208988966056,483216.35598032636,423.4249472729128,1951.1908228822
10554,10024,5119,1141.208988966056,764562.1309948119,669.958034318947,2608.9493122319573
10554,10015,5844,1141.208988966056,255208.0587573345,223.629555344245,951.6707927026339
10554,10031,5074,1141.208988966056,2398595.9215495987,2101.802513598096,5703.677776871045
10554,11801,5844,1141.208988966056,2663201.4639564455,2333.66674264398,7197.339480042255
10632,10021,5844,12656.877731780436,483216.35598032636,38.178164174487335,106.45402165391766
10632,10024,5119,12656.877731780436,764562.1309948119,60.40685129438012,141.8134877908781
10632,10015,5844,12656.877731780436,255208.0587573345,20.163587273702337,51.92171979576984
10632,10219,5844,12656.877731780436,15512.61360799079,1.225627199434804,1.5596691169685477
10632,10220,5844,12656.877731780436,17245.810927824296,1.362564393311741,1.7339713586697918
10632,10031,5074,12656.877731780436,2398595.9215495987,189.50929070973885,319.896177656555
10632,11801,5844,12656.877731780436,2663201.4639564455,210.4153583841103,392.6759617120605
10024,10031,4349,764562.1309948119,2398595.9215495987,3.1372151775666155,2.1971660047463577
10024,11801,5119,764562.1309948119,2663201.4639564455,3.483302868389799,2.6855795790946555
10251,10021,5844,56880.39099835246,483216.35598032636,8.495306510715139,3.6411707308504706
10251,10024,5119,56880.39099835246,764562.1309948119,13.441576571035833,4.987775793531923
10251,10031,5074,56880.39099835246,2398595.9215495987,42.16911802907744,10.752394855060322
10251,11801,5844,56880.39099835246,2663201.4639564455,46.82108222557024,13.431152682449138
10305,10021,5467,327.2359700351199,483216.35598032636,1476.6602703500662,5787.512108749854
10305,10024,5011,327.2359700351199,764562.1309948119,2336.424479597267,7926.047229705738
10305,10031,4697,327.2359700351199,2398595.9215495987,7329.866338630727,17488.468835806652
10305,11801,5467,327.2359700351199,2663201.4639564455,8138.474091557303,21657.62522696721
10015,10021,5844,255208.0587573345,483216.35598032636,1.8934212278923148,2.0502791909175295
10015,10024,5119,255208.0587573345,764562.1309948119,2.99583851198758,2.8139677726018095
10015,10031,5074,255208.0587573345,2398595.9215495987,9.398590049346021,6.16655984235459
10015,11801,5844,255208.0587573345,2663201.4639564455,10.435412882038964,7.562845823609497
10301,10021,5844,410.6077168084507,483216.35598032636,1176.8321349054133,1380.7568752353106
10301,10024,5119,410.6077168084507,764562.1309948119,1862.025723572754,1861.619275890184
10301,10251,5844,410.6077168084507,56880.39099835246,138.52733075858697,379.20684782413554
10301,10031,5074,410.6077168084507,2398595.9215495987,5841.575361011904,4098.5985117340215
10301,11801,5844,410.6077168084507,2663201.4639564455,6485.999543936566,5093.18507135622
10416,10021,5479,2014.6529966353078,483216.35598032636,239.85091069645785,293.46107378570036
10416,10024,5023,2014.6529966353078,764562.1309948119,379.5006545900037,395.8566029330513
10416,10331,5479,2014.6529966353078,130992.03770426493,65.01965247764059,66.40845201684303
10416,10031,4709,2014.6529966353078,2398595.9215495987,1190.5752134762254,865.2753596082671
10416,11801,5479,2014.6529966353078,2663201.4639564455,1321.9157186891664,1095.5820081165118
10328,10021,5479,58439.036082045735,483216.35598032636,8.268725639175717,10.990948878180301
10328,10024,5023,58439.036082045735,764562.1309948119,13.083072245089765,14.933883570789018
10328,10329,5479,58439.036082045735,94355.83844996276,1.614602922565175,1.9599557368771285
10328,10331,5479,58439.036082045735,130992.03770426493,2.241516056499599,2.4871847287290105
10328,10031,4709,58439.036082045735,2398595.9215495987,41.04441281649615,32.68827044741802
10328,11801,5479,58439.036082045735,2663201.4639564455,45.57230307867214,41.032651069272575
10308,10021,5479,9185.319856377455,483216.35598032636,52.607460985131034,134.5928370433294
10308,10024,5023,9185.319856377455,764562.1309948119,83.23739869156208,186.91208926935465
10308,10031,4709,9185.319856377455,2398595.9215495987,261.13363051633206,389.31516986179264
10308,11801,5479,9185.319856377455,2663201.4639564455,289.9410696196235,502.47717281137574
10329,10021,5844,94355.83844996276,483216.35598032636,5.121213100518181,5.668145686002199
10329,10024,5119,94355.83844996276,764562.1309948119,8.102965789448863,7.573046818759311
10329,10331,5844,94355.83844996276,130992.03770426493,1.3882769721105332,1.2721387374277204
10329,10031,5074,94355.83844996276,2398595.9215495987,25.420747257962027,16.920919422620134
10329,11801,5844,94355.83844996276,2663201.4639564455,28.225083976851636,20.90803638786783
10402,10021,5844,10850.374558523998,483216.35598032636,44.53453227572813,65.63150485584825
10402,10024,5119,10850.374558523998,764562.1309948119,70.46412332320601,88.37529359699056
10402,10329,5844,10850.374558523998,94355.83844996276,8.696090438263932,11.579008108053557
10402,10331,5844,10850.374558523998,130992.03770426493,12.072582102832412,14.73010475524459
10402,10031,5074,10850.374558523998,2398595.9215495987,221.0611171634876,197.13641474002912
10402,11801,5844,10850.374558523998,2663201.4639564455,245.447882890296,242.0943228586004
10423,10021,5844,2689.491059003108,483216.35598032636,179.66832585769453,265.8086696580002
10423,10024,5119,2689.491059003108,764562.1309948119,284.27762510510297,358.6494951024756
10423,10331,5844,2689.491059003108,130992.03770426493,48.705139682754215,59.65716552613309
10423,10031,5074,2689.491059003108,2398595.9215495987,891.8400801223213,789.6055156654833
10423,11801,5844,2689.491059003108,2663201.4639564455,990.225066947645,980.4859728896623
10426,10021,5844,1369.0859174663915,483216.35598032636,352.94816038613476,931.6858947596105
10426,10024,5119,1369.0859174663915,764562.1309948119,558.4471516657613,1282.6129268171176
10426,10031,5074,1369.0859174663915,2398595.9215495987,1751.968880074672,2740.0015884538084
10426,11801,5844,1369.0859174663915,2663201.4639564455,1945.2405652414595,3436.7011133470673
10331,10021,5844,130992.03770426493,483216.35598032636,3.688898687653543,4.455603401766742
10331,10024,5119,130992.03770426493,764562.1309948119,5.83670690520084,6.020013020530921
10331,10031,5074,130992.03770426493,2398595.9215495987,18.311005490003943,13.24386648709229
10331,11801,5844,130992.03770426493,2663201.4639564455,20.33101790483663,16.435342917191665
10586,10021,5844,309.38481157502895,483216.35598032636,1561.8619205007144,2551.659855277412
10586,10024,5119,309.38481157502895,764562.1309948119,2471.233565418249,3411.0631324971737
10586,10331,5844,309.38481157502895,130992.03770426493,423.39517908912615,572.685588278711
10586,10031,5074,309.38481157502895,2398595.9215495987,7752.791448742191,7444.110728887852
10586,11801,5844,309.38481157502895,2663201.4639564455,8608.054966882535,9412.284027094254
10430,10024,5119,2156.720851422412,764562.1309948119,354.50212784402015,786.4568673625901
10430,10428,5844,2156.720851422412,24402.64665193204,11.314698717656425,16.88087240690819
10430,10432,5844,2156.720851422412,6554.886170694692,3.0392835337830477,4.144019384867086
10430,10031,5074,2156.720851422412,2398595.9215495987,1112.1494559519206,1666.5775174555629
10430,11801,5844,2156.720851422412,2663201.4639564455,1234.8382787693624,2150.514770787965
10444,10024,4754,2688.4734476693925,764562.1309948119,284.3852267380964,546.5995971941221
10444,10428,5479,2688.4734476693925,24402.64665193204,9.076766844428544,11.434718948781759
10444,10641,5479,2688.4734476693925,6029.573391354083,2.2427498387908766,3.0301527154303423
10444,10031,4802,2688.4734476693925,2398595.9215495987,892.1776495984792,1176.2184181877246
10444,11801,5479,2688.4734476693925,2663201.4639564455,990.5998760244945,1505.2103616979064
10688,10021,5844,155.80060258759522,483216.35598032636,3101.505051680717,6478.404875380889
10688,10024,5119,155.80060258759522,764562.1309948119,4907.311770921777,8733.392847481286
10688,10331,5844,155.80060258759522,130992.03770426493,840.7672083977836,1453.990468005313
10688,10031,5074,155.80060258759522,2398595.9215495987,15395.292968787104,19032.50045036988
10688,11801,5844,155.80060258759522,2663201.4639564455,17093.65316773485,23896.83193999531
10059,10006,5548,477.35020345361795,172986.97069153376,362.39006381473587,89.70126108295331
10059,10010,4358,477.35020345361795,212144.74978139703,444.4216180207624,102.18589952708194
10059,10002,3407,477.35020345361795,97963.00278301195,205.22250137163834,65.05973978779795
10059,10042,5548,477.35020345361795,21470.47176996108,44.978448976501326,15.894809901440283
10059,10044,5548,477.35020345361795,25841.493538682626,54.13529386123648,22.611605172713535
10059,10048,5548,477.35020345361795,36836.53181662818,77.16877787024433,29.250117014590046
10059,10021,5548,477.35020345361795,483216.35598032636,1012.2889913616186,215.2781309761023
10059,10024,4854,477.35020345361795,764562.1309948119,1601.6797006960971,300.36874424959814
10059,10015,5548,477.35020345361795,255208.0587573345,534.6348590843996,104.84972652018669
10059,10594,5548,477.35020345361795,19954.921078442705,41.80352482112567,15.01433863353705
10059,10031,4839,477.35020345361795,2398595.9215495987,5024.81386662415,613.9029121945808
10059,11801,5548,477.35020345361795,2663201.4639564455,5579.13549567643,789.844064351338
10424,10021,5844,8206.306311234932,483216.35598032636,58.88353878757533,68.6319901054575
10424,10024,5119,8206.306311234932,764562.1309948119,93.16763254962588,92.95855011478874
10424,10331,5844,8206.306311234932,130992.03770426493,15.962362692327105,15.403523140826099
10424,10031,5074,8206.306311234932,2398595.9215495987,292.2869108926357,204.44225646314834
10424,11801,5844,8206.306311234932,2663201.4639564455,324.5310817011986,253.16218495237413
10058,10006,5844,16.328285171017825,172986.97069153376,10594.313418691389,3496.604385676855
10058,10010,4634,16.328285171017825,212144.74978139703,12992.469665947961,4088.3141162475035
10058,10002,3524,16.328285171017825,97963.00278301195,5999.5891642616025,2755.593351287922
10058,10042,5844,16.328285171017825,21470.47176996108,1314.9250852177956,619.2455873876323
10058,10044,5844,16.328285171017825,25841.493538682626,1582.621400105777,878.2284524332738
10058,10048,5844,16.328285171017825,36836.53181662818,2255.9951293606646,1132.4642733909875
10058,10021,5844,16.328285171017825,483216.35598032636,29593.821452727912,8423.634051646737
10058,10024,5119,16.328285171017825,764562.1309948119,46824.39845868719,11799.324136793188
10058,10015,5844,16.328285171017825,255208.0587573345,15629.813913975517,4108.530237717059
10058,10594,5844,16.328285171017825,19954.921078442705,1222.1075801555721,583.8304461572499
10058,10031,5074,16.328285171017825,2398595.9215495987,146898.21352502028,24855.16049123852
10058,11801,5844,16.328285171017825,2663201.4639564455,163103.56146177195,31072.180749491796
10060,10006,5844,34.91744500889898,172986.97069153376,4954.170348015059,2045.9691555354314
10060,10010,4634,34.91744500889898,212144.74978139703,6075.609189828474,2266.2483948293143
10060,10002,3524,34.91744500889898,97963.00278301195,2805.560451460447,1545.6393222099205
10060,10042,5844,34.91744500889898,21470.47176996108,614.8924059159874,362.33935319830726
10060,10044,5844,34.91744500889898,25841.493538682626,740.0740097706669,513.8780734110053
10060,10048,5844,34.91744500889898,36836.53181662818,1054.9606881958318,662.6391543163651
10060,10021,5844,34.91744500889898,483216.35598032636,13838.82342643269,4928.9234772411955
10060,10024,5119,34.91744500889898,764562.1309948119,21896.27937553728,6721.345632444508
10060,10015,5844,34.91744500889898,255208.0587573345,7308.898422902728,2404.025509830898
10060,10594,5844,34.91744500889898,19954.921078442705,571.4885803745675,341.61688116426626
10060,10031,5074,34.91744500889898,2398595.9215495987,68693.3399891744,14338.182431329098
10060,11801,5844,34.91744500889898,2663201.4639564455,76271.37275587341,18181.2742868753
10225,10021,3478,1737.015004369103,483216.35598032636,278.18778465637615,907.9805361499481
10225,10024,3022,1737.015004369103,764562.1309948119,440.15862216026545,1275.5133238949243
10225,10015,3478,1737.015004369103,255208.0587573345,146.9233473029371,436.9946442417151
10225,10219,3478,1737.015004369103,15512.61360799079,8.930615779928216,11.622450587590466
10225,10220,3478,1737.015004369103,17245.810927824296,9.928417937925703,13.671146095194409
10225,10632,3478,1737.015004369103,12656.877731780436,7.286567876468925,8.264258274872311
10225,10031,3077,1737.015004369103,2398595.9215495987,1380.872309977994,2728.715351344318
10225,11801,3478,1737.015004369103,2663201.4639564455,1533.2057911173545,3379.130707593419
10560,10006,2126,1452.1213426414733,172986.97069153376,119.12707678881901,283.5963453677797
10560,10021,2126,1452.1213426414733,483216.35598032636,332.7658245841455,669.0445994271695
10560,10024,2126,1452.1213426414733,764562.1309948119,526.5139410485073,955.8488098419085
10560,10015,2126,1452.1213426414733,255208.0587573345,175.7484386897721,312.14204783598586
10560,11801,2126,1452.1213426414733,2663201.4639564455,1834.0075211014828,2306.5567267836914
10594,10006,5844,19954.921078442705,172986.97069153376,8.668887740097931,5.989075096530807
10594,10010,4634,19954.921078442705,212144.74978139703,10.631199639800977,6.636848048129302
10594,10002,3524,19954.921078442705,97963.00278301195,4.9092152455988085,4.4656784969865635
10594,10042,5844,19954.921078442705,21470.47176996108,1.0759487188929866,1.0606599766481581
10594,10044,5844,19954.921078442705,25841.493538682626,1.2949935225050417,1.5042525757499299
10594,10048,5844,19954.921078442705,36836.53181662818,1.8459873467714525,1.9397143140526931
10594,10021,5844,19954.921078442705,483216.35598032636,24.21539800036317,14.428219883171186
10594,10024,5119,19954.921078442705,764562.1309948119,38.3144652885031,19.967597535983213
10594,10015,5844,19954.921078442705,255208.0587573345,12.789229170795153,7.037197639758686
10594,10031,5074,19954.921078442705,2398595.9215495987,120.20072202344119,42.07848224072542
10594,11801,5844,19954.921078442705,2663201.4639564455,133.46088684026424,53.22124077976359
10062,10006,5844,16811.373826097333,172986.97069153376,10.289877108258423,8.799828802059285
10062,10010,4634,16811.373826097333,212144.74978139703,12.619120363147932,9.584762620142476
10062,10002,3524,16811.373826097333,97963.00278301195,5.827186034667669,6.576140506411091
10062,10042,5844,16811.373826097333,21470.47176996108,1.2771396313031325,1.5584420066975826
10062,10044,5844,16811.373826097333,25841.493538682626,1.5371434723893462,2.2102185944076362
10062,10048,5844,16811.373826097333,36836.53181662818,2.191167253650892,2.850048398700982
10062,10021,5844,16811.373826097333,483216.35598032636,28.743418650901678,21.199578039006337
10062,10024,5119,16811.373826097333,764562.1309948119,45.47886085359276,29.19499219794327
10062,10015,5844,16811.373826097333,255208.0587573345,15.180678354862307,10.339849388765058
10062,10594,5844,16811.373826097333,19954.921078442705,1.1869893135958616,1.4693134850081635
10062,10031,5074,16811.373826097333,2398595.9215495987,142.6769725283314,61.42293744799659
10062,11801,5844,16811.373826097333,2663201.4639564455,158.41664646242018,78.19868676657303
10413,10021,3926,1247.206950862096,483216.35598032636,387.4387932542526,223.9567071696877
10413,10024,3926,1247.206950862096,764562.1309948119,613.0194595743154,315.4377471724226
10413,10583,3926,1247.206950862096,2879.240215056698,2.3085504880056242,1.6342318728365959
10413,10331,3926,1247.206950862096,130992.03770426493,105.02830954696047,51.76983621150112
10413,10031,3278,1247.206950862096,2398595.9215495987,1923.1739527202267,643.3820654009277
10413,11801,3926,1247.206950862096,2663201.4639564455,2135.3324419139776,813.7318764842856
11334,11312,5630,4921.115887968332,43125.76954913874,8.763412715920229,4.775992903510474
11334,11335,5630,4921.115887968332,5955.805083250382,1.210254994768924,1.1824856185365125
11334,11337,5630,4921.115887968332,15923.135724052618,3.2356758277087514,2.041567015352163
11334,11048,5630,4921.115887968332,359688.02651007776,73.09074500551417,62.143202267028
11334,11313,5630,4921.115887968332,56907.29041066979,11.56389967360915,4.9128382965120005
11334,11315,5630,4921.115887968332,62560.062391571955,12.712576540724323,4.883139833050347
11334,11586,5630,4921.115887968332,52081.66042899974,10.583302977345959,5.011405833157212
11334,11619,5516,4921.115887968332,412749.21912158973,83.87309474477587,64.31455344819045
11334,11056,5630,4921.115887968332,1042906.3032989879,211.9247599612105,141.96525680063414
11334,10031,4860,4921.115887968332,2398595.9215495987,487.4089487333435,689.8774509357188
11334,11061,5389,4921.115887968332,1195953.1948647194,243.02479805214773,189.7256735939109
11334,11801,5630,4921.115887968332,2663201.4639564455,541.1783677900625,867.2304465988612
10620,10021,5660,199.51828101176568,483216.35598032636,2421.9151925824326,3148.0915766103094
10620,10024,5119,199.51828101176568,764562.1309948119,3832.0404883085644,4271.868849445178
10620,10329,5660,199.51828101176568,94355.83844996276,472.9182607803169,561.9632320210285
10620,10331,5660,199.51828101176568,130992.03770426493,656.541531131878,714.0635508689543
10620,10031,4890,199.51828101176568,2398595.9215495987,12021.935580971412,9232.52415569578
10620,11801,5660,199.51828101176568,2663201.4639564455,13348.157624711068,11658.981092953698
10705,10021,5059,546.9874170918391,483216.35598032636,883.4140254074517,1555.4718666522047
10705,10024,4620,546.9874170918391,764562.1309948119,1397.7691389314757,2225.0028627123365
10705,10216,4513,546.9874170918391,7881.375858489632,14.408696822300668,10.387141856378026
10705,10015,5059,546.9874170918391,255208.0587573345,466.5702551517471,768.4828395138017
10705,10219,5059,546.9874170918391,15512.61360799079,28.360092249409504,20.158259964055418
10705,10220,5059,546.9874170918391,17245.810927824296,31.528715997736974,22.677030246356864
10705,10632,5059,546.9874170918391,12656.877731780436,23.139248429283974,13.450041154998367
10705,10031,4289,546.9874170918391,2398595.9215495987,4385.102557390044,4971.7917297634895
10705,11801,5059,546.9874170918391,2663201.4639564455,4868.853250986748,6277.340746024655
10466,10024,4018,6537.132785826314,764562.1309948119,116.95679987601305,80.1210876027807
10466,10031,3442,6537.132785826314,2398595.9215495987,366.9186476906494,171.44274878084323
10466,11801,4151,6537.132785826314,2663201.4639564455,407.395956485808,205.78088338298403
11345,11619,5730,205.80994576731953,412749.21912158973,2005.4872352389978,3675.4710592913007
11345,11056,5844,205.80994576731953,1042906.3032989879,5067.327040054984,7956.071778039872
11345,10031,5074,205.80994576731953,2398595.9215495987,11654.421814295383,39841.40731301162
11345,11061,5603,205.80994576731953,1195953.1948647194,5810.959185698519,10763.19968271738
11345,11801,5844,205.80994576731953,2663201.4639564455,12940.10089758905,49183.29277435477
11365,11619,5730,323.04135975493944,412749.21912158973,1277.6977518751874,732.0616940240552
11365,11056,5844,323.04135975493944,1042906.3032989879,3228.398692013125,1578.9077035815483
11365,10031,5074,323.04135975493944,2398595.9215495987,7425.042797520367,8048.350862065161
11365,11061,5603,323.04135975493944,1195953.1948647194,3702.1674121603955,2146.757242595245
11365,11801,5844,323.04135975493944,2663201.4639564455,8244.150117423855,9760.58059999899
11364,11353,5828,373.8820867466298,16774.546023756568,44.865872472580484,36.865990112377155
11364,11619,5714,373.8820867466298,412749.21912158973,1103.9555885470897,676.2141420023455
11364,11056,5828,373.8820867466298,1042906.3032989879,2789.39895830243,1474.3082474116225
11364,10031,5060,373.8820867466298,2398595.9215495987,6415.380695077443,7450.985988416873
11364,11061,5587,373.8820867466298,1195953.1948647194,3198.744302706286,2007.8531546060467
11364,11801,5828,373.8820867466298,2663201.4639564455,7123.105273993049,9113.181049080422
11313,11048,5844,56907.29041066979,359688.02651007776,6.320596603957062,12.866528213773234
11313,11315,5844,56907.29041066979,62560.062391571955,1.0993330018018623,0.9949456086701514
11313,11619,5730,56907.29041066979,412749.21912158973,7.253011277518173,13.348942975136074
11313,11056,5844,56907.29041066979,1042906.3032989879,18.32640942439686,29.201310556233885
11313,10031,5074,56907.29041066979,2398595.9215495987,42.14918517891471,145.78043048805128
11313,11061,5603,56907.29041066979,1195953.1948647194,21.01581688803242,39.20408592018581
11313,11801,5844,56907.29041066979,2663201.4639564455,46.79895044619995,180.51830684161408
11473,11415,5844,712.1642832930692,140040.0626766036,196.64010953912782,49.99308215477577
11473,11056,5844,712.1642832930692,1042906.3032989879,1464.4181514924585,1235.2121957546572
11473,11414,5844,712.1642832930692,132924.6887782515,186.6489121914451,45.29557580119484
11473,10031,5074,712.1642832930692,2398595.9215495987,3368.0373725826557,6080.62422657514
11473,11061,5603,712.1642832930692,1195953.1948647194,1679.322065036168,1663.4924218551039
11473,11801,5844,712.1642832930692,2663201.4639564455,3739.588640477337,7635.904345400749
11353,11619,5730,16774.546023756568,412749.21912158973,24.605686409458897,18.346087342070785
11353,11056,5844,16774.546023756568,1042906.3032989879,62.17195397252454,39.999161636841414
11353,10031,5074,16774.546023756568,2398595.9215495987,142.99021375318546,203.27483223627314
11353,11061,5603,16774.546023756568,1195953.1948647194,71.29571156029964,54.151765260115596
11353,11801,5844,16774.546023756568,2663201.4639564455,158.7644434719573,247.2690710186365
11315,11048,5844,62560.062391571955,359688.02651007776,5.74948318079898,12.93189105178392
11315,11619,5730,62560.062391571955,412749.21912158973,6.5976471784528625,13.41832073622073
11315,11056,5844,62560.062391571955,1042906.3032989879,16.67048054989612,29.349655199005788
11315,10031,5074,62560.062391571955,2398595.9215495987,38.34068940878703,146.39914773513203
11315,11061,5603,62560.062391571955,1195953.1948647194,19.116879829484272,39.48189122664044
11315,11801,5844,62560.062391571955,2663201.4639564455,42.57031342595384,181.4353521122583
11372,11374,5528,12785.37166984287,15246.005023164635,1.192456927875293,1.2080688047248296
11372,11620,5528,12785.37166984287,18449.70825094739,1.4430326100308146,2.4537470591088795
11372,11637,5528,12785.37166984287,16152.439413002743,1.2633531374846025,1.6092835140313857
11372,11056,5528,12785.37166984287,1042906.3032989879,81.57027658092359,467.9902010720609
11372,10031,4758,12785.37166984287,2398595.9215495987,187.60470821565698,2325.002343075796
11372,11061,5287,12785.37166984287,1195953.1948647194,93.54074529453374,636.3247608574492
11372,11801,5528,12785.37166984287,2663201.4639564455,208.30066835195692,2876.4877537655534
11551,11544,5373,397.95984756826664,68654.68040995329,172.51660143471173,215.37288137760245
11551,11545,4927,397.95984756826664,87447.15034450778,219.73862659475205,185.7738744196451
11551,11801,5483,397.95984756826664,2663201.4639564455,6692.136104257593,4342.064517200068
11374,11620,5844,15246.005023164635,18449.70825094739,1.2101339480680402,2.022901864635371
11374,11637,5844,15246.005023164635,16152.439413002743,1.0594538955261317,1.3256667672729905
11374,11056,5844,15246.005023164635,1042906.3032989879,68.4052183975019,393.13255588772336
11374,10031,5074,15246.005023164635,2398595.9215495987,157.32619252749785,1925.9657647494564
11374,11061,5603,15246.005023164635,1195953.1948647194,78.44370987990621,532.2851970099445
11374,11801,5844,15246.005023164635,2663201.4639564455,174.68192224192518,2430.288983657204
11586,11048,5844,52081.66042899974,359688.02651007776,6.9062319355279005,12.621286291444896
11586,11313,5844,52081.66042899974,56907.29041066979,1.0926550717070278,0.9809395418675712
11586,11315,5844,52081.66042899974,62560.062391571955,1.2011917799137162,0.97598148955205
11586,11619,5730,52081.66042899974,412749.21912158973,7.925039557528501,13.093212840634903
11586,11056,5844,52081.66042899974,1042906.3032989879,20.024444203746704,28.644720198964738
11586,10031,5074,52081.66042899974,2398595.9215495987,46.05452095405986,143.47124461604386
11586,11061,5603,52081.66042899974,1195953.1948647194,22.96303890877483,38.471028784574145
11586,11801,5844,52081.66042899974,2663201.4639564455,51.13511055560626,177.07754521192254
11542,11544,4785,64862.80659864726,68654.68040995329,1.0584599096176808,1.0856904948981076
11542,11545,4409,64862.80659864726,87447.15034450778,1.348186347926726,0.9667741247160645
11542,11801,4878,64862.80659864726,2663201.4639564455,41.058992103681,21.632558964995898
11544,11545,4939,68654.68040995329,87447.15034450778,1.2737245271894098,0.8659121186215081
11544,11801,5495,68654.68040995329,2663201.4639564455,38.79125863020323,19.9306428186671
11368,11369,5113,1454.9980339353513,4462.752202329229,3.067187788741382,2.9143486762885766
11368,11370,5844,1454.9980339353513,6667.0229042822375,4.582152517587847,4.121186054358138
11368,11056,5844,1454.9980339353513,1042906.3032989879,716.7750601547043,391.13009241225643
11368,10031,5074,1454.9980339353513,2398595.9215495987,1648.5217612714475,1948.735626288296
11368,11061,5603,1454.9980339353513,1195953.1948647194,821.9620693438395,526.1394767078589
11368,11801,5844,1454.9980339353513,2663201.4639564455,1830.381486326309,2417.9100421228045
11369,11370,5113,4462.752202329229,6667.0229042822375,1.4939263042215387,1.4383137621837743
11369,11056,5113,4462.752202329229,1042906.3032989879,233.6912864565206,134.72030653986755
11369,10031,4517,4462.752202329229,2398595.9215495987,537.4701109995998,677.9610853193872
11369,11061,5002,4462.752202329229,1195953.1948647194,267.9855704828334,182.55248298746233
11369,11801,5113,4462.752202329229,2663201.4639564455,596.7621196996889,824.4854397015625
11381,11056,5844,3858.0920256202285,1042906.3032989879,270.31659596852927,426.2368201303727
11381,10031,5074,3858.0920256202285,2398595.9215495987,621.7052122192445,2058.9026280506505
11381,11061,5603,3858.0920256202285,1195953.1948647194,309.9856579166116,569.6259756370157
11381,11801,5844,3858.0920256202285,2663201.4639564455,690.289771801985,2634.9347894956927
11384,11056,5750,939.2614647824787,1042906.3032989879,1110.3471635989156,1170.6767915392904
11384,10031,4980,939.2614647824787,2398595.9215495987,2553.7041723574634,5597.480203492781
11384,11061,5509,939.2614647824787,1195953.1948647194,1273.2910267341665,1559.6823781395744
11384,11801,5750,939.2614647824787,2663201.4639564455,2835.4207681385183,7236.456311678234
11385,11386,5536,2567.8766954287826,3825.2109068273994,1.4896396363722861,1.6646899177508827
11385,11056,5844,2567.8766954287826,1042906.3032989879,406.135662649037,218.905808113995
11385,10031,5074,2567.8766954287826,2398595.9215495987,934.0775302098696,1075.5292658753922
11385,11061,5603,2567.8766954287826,1195953.1948647194,465.73622362541823,293.0575557337012
11385,11801,5844,2567.8766954287826,2663201.4639564455,1037.1220194090145,1353.2442580765496
11379,11381,5844,3509.816525295486,3858.0920256202285,1.0992289761629126,0.9870670996389979
11379,11056,5844,3509.816525295486,1042906.3032989879,297.1398350263301,420.72434180543615
11379,10031,5074,3509.816525295486,2398595.9215495987,683.3963839029063,2022.2510811521609
11379,11061,5603,3509.816525295486,1195953.1948647194,340.7452173768639,561.3348706357854
11379,11801,5844,3509.816525295486,2663201.4639564455,758.7865191136265,2600.8574404054066
11386,11056,5536,3825.2109068273994,1042906.3032989879,272.6402095731674,148.45529102232115
11386,10031,4780,3825.2109068273994,2398595.9215495987,627.0493261609399,749.4235705847826
11386,11061,5295,3825.2109068273994,1195953.1948647194,312.65026269012543,201.27684025076428
11386,11801,5536,3825.2109068273994,2663201.4639564455,696.2234315506761,942.969225497912
11370,11056,5844,6667.0229042822375,1042906.3032989879,156.4275866862746,94.9071668333532
11370,10031,5074,6667.0229042822375,2398595.9215495987,359.7701636826502,475.5156372270135
11370,11061,5603,6667.0229042822375,1195953.1948647194,179.38339376283784,128.0397790022986
11370,11801,5844,6667.0229042822375,2663201.4639564455,399.4588742519345,586.7024711407713
11390,11056,5750,6542.318636384815,1042906.3032989879,159.4092799911809,61.43823538482523
11390,10031,4983,6542.318636384815,2398595.9215495987,366.6278050429879,304.72544352224827
11390,11061,5509,6542.318636384815,1195953.1948647194,182.8026516797086,82.79879635512731
11390,11801,5750,6542.318636384815,2663201.4639564455,407.07302899390567,381.9315014878194
11628,11385,5844,1240.2597488334834,2567.8766954287826,2.0704345987556065,2.0449193426341807
11628,11386,5536,1240.2597488334834,3825.2109068273994,3.084201442822902,3.3849677616511347
11628,11056,5844,1240.2597488334834,1042906.3032989879,840.8773277371013,447.6447212272748
11628,10031,5074,1240.2597488334834,2398595.9215495987,1933.9464364666992,2197.9519617314877
11628,11061,5603,1240.2597488334834,1195953.1948647194,964.2763912878441,599.413105907188
11628,11801,5844,1240.2597488334834,2663201.4639564455,2147.293312115707,2767.2753586493773
11675,11385,5844,225.89401985295677,2567.8766954287826,11.367616978529638,10.2280709414508
11675,11386,5536,225.89401985295677,3825.2109068273994,16.933652822316315,16.81815274771928
11675,11056,5844,225.89401985295677,1042906.3032989879,4616.794654315579,2238.984134885557
11675,10031,5074,225.89401985295677,2398595.9215495987,10618.235591676745,10885.749482957028
11675,11061,5603,225.89401985295677,1195953.1948647194,5294.311003200581,2992.4473047839606
11675,11801,5844,225.89401985295677,2663201.4639564455,11789.605876640857,13841.078272717903
11676,11056,5844,3036.7999044818957,1042906.3032989879,343.4227924466814,283.9502888702348
11676,10031,5074,3036.7999044818957,2398595.9215495987,789.8432550691284,1383.2626876238814
11676,11061,5603,3036.7999044818957,1195953.1948647194,393.8202161754741,379.8809344712233
11676,11801,5844,3036.7999044818957,2663201.4639564455,876.9762736181364,1755.3398939178574
11637,11620,5844,16152.439413002743,18449.70825094739,1.1422242658960444,1.5259504987038728
11637,11056,5844,16152.439413002743,1042906.3032989879,64.56648910005794,296.55458339385734
11637,10031,5074,16152.439413002743,2398595.9215495987,148.49744117403867,1466.455880961552
11637,11061,5603,16152.439413002743,1195953.1948647194,74.04164561682089,401.16215999364215
11637,11801,5844,16152.439413002743,2663201.4639564455,164.8792108647418,1833.2578319486092
11620,11056,5844,18449.70825094739,1042906.3032989879,56.52698075837783,194.34089352554219
11620,10031,5074,18449.70825094739,2398595.9215495987,130.0072547990796,956.8230910788401
11620,11061,5603,18449.70825094739,1195953.1948647194,64.8223364075856,261.83531910134974
11620,11801,5844,18449.70825094739,2663201.4639564455,144.34924540444646,1201.3874850499806
11575,11571,4749,6035.072486505422,79565.92848790111,13.183922590128384,11.048075068978898
11574,11571,5242,30640.821213010815,79565.92848790111,2.5967296351089812,2.2775115054147297
11571,11807,2341,79565.92848790111,94028.12446588639,1.1817636801685085,1.4720755608983231
11415,11056,5844,140040.0626766036,1042906.3032989879,7.447199632489351,24.707662390778584
11415,10031,5074,140040.0626766036,2398595.9215495987,17.127926649738146,120.15853815026975
11415,11061,5603,140040.0626766036,1195953.1948647194,8.540078974589939,33.190296325136394
11415,11801,5844,140040.0626766036,2663201.4639564455,19.017425535624135,152.7392194336092
11499,11056,5844,2236.5084866121656,1042906.3032989879,466.3100138192496,522.7859981512125
11499,10031,5074,2236.5084866121656,2398595.9215495987,1072.4734271779853,2543.5587480741747
11499,11061,5603,2236.5084866121656,1195953.1948647194,534.7411834221716,701.9111779515481
11499,11801,5844,2236.5084866121656,2663201.4639564455,1190.7853155480884,3231.7879379086116
11500,10031,5074,460.69923876998104,2398595.9215495987,5206.4247554513,4114.585547227777
11500,11061,5603,460.69923876998104,1195953.1948647194,2595.9521835933347,1094.4851026525164
11500,11801,5844,460.69923876998104,2663201.4639564455,5780.78112537567,4950.692341290706
11491,11056,5844,19643.851447949288,1042906.3032989879,53.09072439599729,121.76926297732317
11491,10031,5074,19643.851447949288,2398595.9215495987,122.10415701346587,594.5962785161063
11491,11061,5603,19643.851447949288,1195953.1948647194,60.88180813389171,163.75870069533366
11491,11801,5844,19643.851447949288,2663201.4639564455,135.57430277932943,752.7600905338476
11502,10031,5074,6773.48550599923,2398595.9215495987,354.1154579020179,676.5026664156183
11502,11061,5603,6773.48550599923,1195953.1948647194,176.56392618032058,183.59030211560994
11502,11801,5844,6773.48550599923,2663201.4639564455,393.18035915152785,841.509670797302
11634,11048,5844,281147.2777502853,359688.02651007776,1.2793580268258984,1.1167936669397518
11634,11623,5844,281147.2777502853,293165.9768378374,1.042748765642423,1.0053440113835086
11634,11619,5730,281147.2777502853,412749.21912158973,1.4680889760853142,1.1759881122951927
11634,11056,5844,281147.2777502853,1042906.3032989879,3.7094661262389894,2.5346261364143996
11634,10031,5074,281147.2777502853,2398595.9215495987,8.531457038257468,13.06619771725782
11634,11061,5603,281147.2777502853,1195953.1948647194,4.253831672974489,3.4630640256967884
11634,11801,5844,281147.2777502853,2663201.4639564455,9.472620490111586,15.668694654677152
11623,11048,5844,293165.9768378374,359688.02651007776,1.2269091740786704,1.110857233239865
11623,11619,5730,293165.9768378374,412749.21912158973,1.4079028664021913,1.168464330232299
11623,11056,5844,293165.9768378374,1042906.3032989879,3.557392008950151,2.521153065731563
11623,10031,5074,293165.9768378374,2398595.9215495987,8.181699484440394,12.923968016148228
11623,11061,5603,293165.9768378374,1195953.1948647194,4.07944062187766,3.4348767654285246
11623,11801,5844,293165.9768378374,2663201.4639564455,9.084278785288838,15.585406067237233
11592,10031,4295,10486.093602751422,2398595.9215495987,228.74065523506644,240.35727227291673
11592,11061,4768,10486.093602751422,1195953.1948647194,114.05135603127898,65.90292961650175
11592,11801,4980,10486.093602751422,2663201.4639564455,253.9746033983193,302.07870474320515
11493,11056,5844,7461.8241763594715,1042906.3032989879,139.7655960057489,853.8305982896073
11493,11491,5844,7461.8241763594715,19643.851447949288,2.6325803159748626,7.011872925999515
11493,10031,5074,7461.8241763594715,2398595.9215495987,321.4490002523542,4088.05077772935
11493,11061,5603,7461.8241763594715,1195953.1948647194,160.2762496942416,1140.3046865318668
11493,11801,5844,7461.8241763594715,2663201.4639564455,356.9102408488788,5278.258098587229
11496,11056,5787,2162.2773631644063,1042906.3032989879,482.31846712428063,667.2743460320154
11496,11491,5787,2162.2773631644063,19643.851447949288,9.084797252467785,5.489874066263797
11496,10031,5017,2162.2773631644063,2398595.9215495987,1109.29151015083,3191.613552766329
11496,11061,5546,2162.2773631644063,1195953.1948647194,553.0988832600503,890.4803590431685
11496,11801,5787,2162.2773631644063,2663201.4639564455,1231.6650533948878,4123.205357247574
11411,11415,5722,117901.31508653807,140040.0626766036,1.187773542422457,1.483641982596841
11411,11056,5722,117901.31508653807,1042906.3032989879,8.845586688609096,36.47362965323651
11411,11412,5722,117901.31508653807,122112.057639652,1.0357141271072616,1.3532662020642894
11411,11414,5722,117901.31508653807,132924.6887782515,1.1274232919343306,1.344161794080903
11411,10031,4952,117901.31508653807,2398595.9215495987,20.34409811111148,175.6933852815382
11411,11061,5481,117901.31508653807,1195953.1948647194,10.143679856216234,48.86507700842377
11411,11801,5722,117901.31508653807,2663201.4639564455,22.588394896203567,225.6924383332103
11412,11415,5844,122112.057639652,140040.0626766036,1.1468160096839612,1.0955107299483215
11412,11056,5844,122112.057639652,1042906.3032989879,8.5405677658513,27.067509261038534
11412,11414,5844,122112.057639652,132924.6887782515,1.0885467933928945,0.9925731155316694
11412,10031,5074,122112.057639652,2398595.9215495987,19.64258049461228,130.83366874743496
11412,11061,5603,122112.057639652,1195953.1948647194,9.793899292025127,36.311875030059696
11412,11801,5844,122112.057639652,2663201.4639564455,21.80948806722634,167.32745377345006
12098,11056,5722,4816.612867714187,1042906.3032989879,216.52275819997934,788.8037581061637
12098,12018,5531,4816.612867714187,210408.28521122423,43.68386893237641,36.18487212357309
12098,12022,5329,4816.612867714187,301269.5205030908,62.54800391422445,146.32400171345776
12098,10031,4952,4816.612867714187,2398595.9215495987,497.9839541656784,3869.933009221302
12098,11061,5481,4816.612867714187,1195953.1948647194,248.297554258763,1062.2976262460086
12098,11801,5722,4816.612867714187,2663201.4639564455,552.9199744924315,4876.894372763917
12222,11056,5478,827.181612583272,1042906.3032989879,1260.7948332434662,2163.379927144713
12222,12018,5287,827.181612583272,210408.28521122423,254.36770113170584,97.33506425660369
12222,12022,4996,827.181612583272,301269.5205030908,364.21206168042346,386.6796065428955
12222,12129,5422,827.181612583272,55432.77140226339,67.01402758355317,48.508596877765044
12222,10031,4793,827.181612583272,2398595.9215495987,2899.721034730004,10624.726619564568
12222,11061,5311,827.181612583272,1195953.1948647194,1445.8169483842623,2929.6205797716098
12222,11801,5478,827.181612583272,2663201.4639564455,3219.6091202261127,13282.344123288223
11048,11619,5730,359688.02651007776,412749.21912158973,1.1475200415380669,1.0504058751139742
11048,11056,5844,359688.02651007776,1042906.3032989879,2.899474618095934,2.2695563302752295
11048,10031,5074,359688.02651007776,2398595.9215495987,6.668545363665017,11.592768594958558
11048,11061,5603,359688.02651007776,1195953.1948647194,3.3249736069021223,3.087515423742688
11048,11801,5844,359688.02651007776,2663201.4639564455,7.404198270919723,14.03007119266055
11414,11415,5844,132924.6887782515,140040.0626766036,1.0535293628576565,1.103707840567003
11414,11056,5844,132924.6887782515,1042906.3032989879,7.84584348389028,27.27004070278479
11414,10031,5074,132924.6887782515,2398595.9215495987,18.044773650371305,132.19818352067009
11414,11061,5603,132924.6887782515,1195953.1948647194,8.997223960853805,36.63446415321894
11414,11801,5844,132924.6887782515,2663201.4639564455,20.035416207739022,168.57947405095848
12129,11056,5788,55432.77140226339,1042906.3032989879,18.813894324908404,44.47182310561256
12129,12018,5597,55432.77140226339,210408.28521122423,3.7957381507112053,1.982345147105094
12129,12022,5348,55432.77140226339,301269.5205030908,5.434863040075056,7.672317994083735
12129,10031,5018,55432.77140226339,2398595.9215495987,43.27035904706112,226.95626185137888
12129,11061,5547,55432.77140226339,1195953.1948647194,21.574840380719035,60.83790297432288
12129,11801,5788,55432.77140226339,2663201.4639564455,48.04380868187484,275.8455237049572
12244,11056,5844,58053.20261800481,1042906.3032989879,17.964664415870445,11.54159978958578
12244,12022,5362,58053.20261800481,301269.5205030908,5.189541780932756,1.9344076715429586
12244,10031,5074,58053.20261800481,2398595.9215495987,41.31720238300325,56.60902104153341
12244,11061,5603,58053.20261800481,1195953.1948647194,20.600985663688476,15.550560342127255
12244,11801,5844,58053.20261800481,2663201.4639564455,45.875185930405,71.34851185008803
12407,11056,5844,1029.9551175597674,1042906.3032989879,1012.5745146739066,905.6431983413767
12407,12022,5362,1029.9551175597674,301269.5205030908,292.50742616520705,153.9115512236811
12407,10031,5074,1029.9551175597674,2398595.9215495987,2328.8353838490543,4327.819926510094
12407,11061,5603,1029.9551175597674,1195953.1948647194,1161.1702048709121,1212.4510907905644
12407,11801,5844,1029.9551175597674,2663201.4639564455,2585.7451636011724,5598.556148785885
12606,11056,5844,472.0760151938616,1042906.3032989879,2209.1914643676832,2122.76248159585
12606,12022,5362,472.0760151938616,301269.5205030908,638.180104065173,380.74834807058477
12606,10031,5074,472.0760151938616,2398595.9215495987,5080.9527371658505,10736.633179247003
12606,11061,5603,472.0760151938616,1195953.1948647194,2533.3911411991394,2879.0105923600627
12606,11801,5844,472.0760151938616,2663201.4639564455,5641.467429483325,13122.612708311512
12383,11056,5844,18271.51998190487,1042906.3032989879,57.07824550622095,73.43823153313686
12383,12022,5362,18271.51998190487,301269.5205030908,16.48847609840079,12.494407199782207
12383,10031,5074,18271.51998190487,2398595.9215495987,131.27511689914354,364.8059283991853
12383,11061,5603,18271.51998190487,1195953.1948647194,65.45449946414568,99.85545054790539
12383,11801,5844,18271.51998190487,2663201.4639564455,145.7569740554665,453.984597310281
12018,11056,5653,210408.28521122423,1042906.3032989879,4.956583825831941,22.333964365128683
12018,12022,5338,210408.28521122423,301269.5205030908,1.4318329727398946,3.8615163041032816
12018,10031,4883,210408.28521122423,2398595.9215495987,11.399721827216553,112.80729601549248
12018,11061,5412,210408.28521122423,1195953.1948647194,5.683964363209977,30.249382994602087
12018,11801,5653,210408.28521122423,2663201.4639564455,12.65730321067403,138.24299416232645
12415,11056,3704,85092.45470459873,1042906.3032989879,12.256154872009176,4.530445516120345
12415,10031,3481,85092.45470459873,2398595.9215495987,28.18811526681659,22.443113538897784
12415,11061,3624,85092.45470459873,1195953.1948647194,14.054750201019708,6.203308239009251
12415,11801,3704,85092.45470459873,2663201.4639564455,31.29773930252497,28.07660907867609
12554,11056,5844,142029.53495873365,1042906.3032989879,7.342883320726227,57.95861473550173
12554,12018,5653,142029.53495873365,210408.28521122423,1.481440358671581,2.5929791305132266
12554,12022,5362,142029.53495873365,301269.5205030908,2.121175152693586,10.008940454643781
12554,10031,5074,142029.53495873365,2398595.9215495987,16.88800799246794,291.5924641036088
12554,11061,5603,142029.53495873365,1195953.1948647194,8.420454204910273,78.27379368611444
12554,11801,5844,142029.53495873365,2663201.4639564455,18.751039808235888,358.2918300461226
12022,11056,5362,301269.5205030908,1042906.3032989879,3.4617053247120246,5.863500516553582
12022,10031,4664,301269.5205030908,2398595.9215495987,7.961628237546821,28.77442664393024
12022,11061,5121,301269.5205030908,1195953.1948647194,3.9697118808022593,7.910892609619163
12022,11801,5362,301269.5205030908,2663201.4639564455,8.83992997203686,36.3230377252843
10505,10031,2037,22097.645469710424,2398595.9215495987,108.54531650611331,93.81234190801777
10505,11801,2191,22097.645469710424,2663201.4639564455,120.51969372062449,112.03368632611233
10509,10031,2330,12553.95766618644,2398595.9215495987,191.0629289447197,127.79588376497385
10509,11801,2556,12553.95766618644,2663201.4639564455,212.1403890925702,154.0482139241609
10511,10031,4989,10904.995324907579,2398595.9215495987,219.95386977113876,121.79447221493571
10511,11801,5759,10904.995324907579,2663201.4639564455,244.21848745533657,150.4507931614371
10693,10031,4822,1695.694468997126,2398595.9215495987,1414.5212863542483,1006.0197195406537
10693,10509,2556,1695.694468997126,12553.95766618644,7.403431393870824,8.520407689159939
10693,11801,5460,1695.694468997126,2663201.4639564455,1570.5668165159057,1209.2294145382857
10694,10031,4791,55004.29094925647,2398595.9215495987,43.60743280487687,18.15804852358068
10694,11801,5478,55004.29094925647,2663201.4639564455,48.41806735429694,22.053541347382904
11527,10031,4800,1737.9148062132817,2398595.9215495987,1380.1573661575885,994.0343963476895
11527,11061,5329,1737.9148062132817,1195953.1948647194,688.1540974212453,267.53533411226033
11527,11524,5570,1737.9148062132817,65390.71706765378,37.62596235090067,29.37148981688931
11527,11526,5003,1737.9148062132817,68466.84662698681,39.395974061679276,31.350715631430973
11527,11801,5570,1737.9148062132817,2663201.4639564455,1532.4119769479712,1227.3496959385475
11524,10031,5074,65390.71706765378,2398595.9215495987,36.68098514760117,34.75225261737117
11524,11061,5603,65390.71706765378,1195953.1948647194,18.28934210382456,9.203051410175425
11524,11526,5277,65390.71706765378,68466.84662698681,1.0470422973975104,1.0772991471400324
11524,11801,5844,65390.71706765378,2663201.4639564455,40.72751582156646,41.854268777391745
11526,10031,4594,68466.84662698681,2398595.9215495987,35.032954484049085,31.94718749249129
11526,11061,5036,68466.84662698681,1195953.1948647194,17.467624898520214,8.515405784229499
11526,11801,5277,68466.84662698681,2663201.4639564455,38.89767960931213,38.53415530239185
11534,11801,2191,7337.97142312105,2663201.4639564455,362.9342921076285,165.08590496513852
11536,11801,5478,7010.645973451882,2663201.4639564455,379.87961081497116,220.04866641694295
11538,11542,4878,9772.136457096776,64862.80659864726,6.637525671424924,6.058565690389471
11538,11544,5495,9772.136457096776,68654.68040995329,7.025554822261461,6.45497392868779
11538,11545,5288,9772.136457096776,87447.15034450778,8.948621494228258,5.605789695770785
11538,11801,5844,9772.136457096776,2663201.4639564455,272.53011413101586,128.86208836425115
11619,11056,5730,412749.21912158973,1042906.3032989879,2.526731135963127,2.1757688829285997
11619,10031,4960,412749.21912158973,2398595.9215495987,5.811267012580363,11.1707213131789
11619,11061,5489,412749.21912158973,1195953.1948647194,2.8975298788207025,2.9712016356887068
11619,11801,5730,412749.21912158973,2663201.4639564455,6.452347674028927,13.468452082187929
11545,11801,5288,87447.15034450778,2663201.4639564455,30.454982849234845,23.14648890614348
11622,10031,5074,3926.429486766923,2398595.9215495987,610.8847566557565,664.0365116070628
11622,11061,5603,3926.429486766923,1195953.1948647194,304.59051891684015,174.91432521176176
11622,11524,5844,3926.429486766923,65390.71706765378,16.653989913237282,19.07074300024776
11622,11526,5277,3926.429486766923,68466.84662698681,17.43743185959093,20.76497550705778
11622,11801,5844,3926.429486766923,2663201.4639564455,678.2756376835797,798.1920033169318
11555,11801,5771,9713.05351087191,2663201.4639564455,274.18787109280305,128.95008238588767
11556,11801,5844,1248.7003878279365,2663201.4639564455,2132.7785991874125,319.4097652789429
11558,11801,5844,15778.019998761767,2663201.4639564455,168.7918676846302,96.52390907634907
11626,11805,4088,2178.803001691273,47886.0784623379,21.978158844634798,14.671753741019266
11639,11571,4749,280.0366956958077,79565.92848790111,284.12679377680666,65.72599098563425
11639,11575,4749,280.0366956958077,6035.072486505422,21.551005919099516,5.949089825627776
11487,11056,5660,468.29568600037885,1042906.3032989879,2227.025220339408,1138.6497027471962
11487,10031,4890,468.29568600037885,2398595.9215495987,5121.968861245624,5570.971700405376
11487,11061,5419,468.29568600037885,1195953.1948647194,2553.8420075553545,1540.2913152127746
11487,11801,5660,468.29568600037885,2663201.4639564455,5687.008323100997,6987.931194401175
10322,10021,5807,25362.473793590398,483216.35598032636,19.052414205054585,22.076837645169956
10322,10024,5082,25362.473793590398,764562.1309948119,30.14540841785047,29.81280647219908
10322,10328,5442,25362.473793590398,58439.036082045735,2.304153630976425,1.9884184811477026
10322,10329,5807,25362.473793590398,94355.83844996276,3.7202931866136955,3.8964710855702935
10322,10331,5807,25362.473793590398,130992.03770426493,5.164797360475508,4.958875034510661
10322,10031,5037,25362.473793590398,2398595.9215495987,94.57263282242491,64.79215550090909
10322,11801,5807,25362.473793590398,2663201.4639564455,105.00558761068054,81.4060392622905
10322,10323,5807,25362.473793590398,33856.09114423112,1.3348891523660136,1.1607111284522504
10322,10591,5664,25362.473793590398,25392.340794922315,1.0011776060006996,0.8796944645411267
10323,10021,5844,33856.09114423112,483216.35598032636,14.27265640093433,19.03566131547396
10323,10024,5119,33856.09114423112,764562.1309948119,22.582705361279984,25.62292873966352
10323,10328,5479,33856.09114423112,58439.036082045735,1.7261010975274211,1.7119296809738338
10323,10329,5844,33856.09114423112,94355.83844996276,2.78696787671073,3.3583578069426805
10323,10331,5844,33856.09114423112,130992.03770426493,3.8690833252492944,4.27229706035459
10323,10031,5074,33856.09114423112,2398595.9215495987,70.84680600992255,55.77188354439558
10323,11801,5844,33856.09114423112,2663201.4639564455,78.66240236094826,70.21666723103756
10341,10021,5524,78.20636612765078,483216.35598032636,6178.734288607734,4636.127801258948
10341,10024,4890,78.20636612765078,764562.1309948119,9776.213483015828,6275.921032562319
10341,10328,5159,78.20636612765078,58439.036082045735,747.2414200483345,412.5997173866474
10341,10329,5524,78.20636612765078,94355.83844996276,1206.4981806717924,823.4160722693045
10341,10331,5524,78.20636612765078,130992.03770426493,1674.953641119903,1037.383012402502
10341,10031,4754,78.20636612765078,2398595.9215495987,30670.08531804864,13408.229296911635
10341,11801,5524,78.20636612765078,2663201.4639564455,34053.51246738006,16978.142198724792
10341,10322,5487,78.20636612765078,25362.473793590398,324.3019085197362,210.01019280940415
10341,10323,5524,78.20636612765078,33856.09114423112,432.90709977459113,244.84319360533812
10341,10573,3947,78.20636612765078,24313.211106662806,310.8853193227013,141.69540568147173
10341,10571,5524,78.20636612765078,17158.24980166056,219.39709835966997,160.24079486386793
10341,10591,5381,78.20636612765078,25392.340794922315,324.6838083932473,185.04732331862115
10343,10021,5844,4591.139660011212,483216.35598032636,105.24976188137703,366.7937551480741
10343,10024,5119,4591.139660011212,764562.1309948119,166.52992233151642,489.1898437169863
10343,10328,5479,4591.139660011212,58439.036082045735,12.728655717239283,32.99165804574095
10343,10329,5844,4591.139660011212,94355.83844996276,20.55172472138047,64.71141983063204
10343,10331,5844,4591.139660011212,130992.03770426493,28.531486167847273,82.32190392049539
10343,10031,5074,4591.139660011212,2398595.9215495987,522.440199857423,1095.109141297823
10343,11801,5844,4591.139660011212,2663201.4639564455,580.0741561301016,1352.9887205294465
10343,10322,5807,4591.139660011212,25362.473793590398,5.524221799327372,16.632802631619104
10343,10323,5844,4591.139660011212,33856.09114423112,7.37422375518597,19.268768710961986
10343,10573,3947,4591.139660011212,24313.211106662806,5.295681008885587,11.360954584415744
10343,10591,5701,4591.139660011212,25392.340794922315,5.530727156067456,14.455000985745551
10378,10021,5808,1101.1931627889433,483216.35598032636,438.8116202578898,603.1550411969864
10378,10024,5083,1101.1931627889433,764562.1309948119,694.3033764016834,817.4423972029608
10378,10328,5443,1101.1931627889433,58439.036082045735,53.068833022936474,55.11558563058027
10378,10329,5808,1101.1931627889433,94355.83844996276,85.6850928959565,106.45304928783575
10378,10331,5808,1101.1931627889433,130992.03770426493,118.95464132060826,135.4748001665924
10378,10031,5038,1101.1931627889433,2398595.9215495987,2178.179090283108,1762.8414168753936
10378,11801,5808,1101.1931627889433,2663201.4639564455,2418.468942552706,2224.038917732703
10378,10379,5808,1101.1931627889433,2126.2014340433248,1.9308160510717196,1.8651633708166218
10379,10021,5844,2126.2014340433248,483216.35598032636,227.26743959597954,323.65883091143473
10379,10024,5119,2126.2014340433248,764562.1309948119,359.5906383812705,431.7267372975943
10379,10328,5479,2126.2014340433248,58439.036082045735,27.48518326926072,29.357868682987167
10379,10329,5844,2126.2014340433248,94355.83844996276,44.37765723378781,57.10136062852587
10379,10331,5844,2126.2014340433248,130992.03770426493,61.60847961388204,72.64085281537784
10379,10031,5074,2126.2014340433248,2398595.9215495987,1128.1132084405901,943.9150113357248
10379,11801,5844,2126.2014340433248,2663201.4639564455,1252.5631021195984,1193.8773258179824
10380,10021,5844,1493.7902826329212,483216.35598032636,323.4833976350549,278.42227825382724
10380,10024,5119,1493.7902826329212,764562.1309948119,511.82695448199854,375.8849712874389
10380,10328,5479,1493.7902826329212,58439.036082045735,39.12131224942929,25.246949318820008
10380,10329,5844,1493.7902826329212,94355.83844996276,63.165385092513304,49.12052259725902
10380,10331,5844,1493.7902826329212,130992.03770426493,87.6910495584302,62.4881195986669
10380,10031,5074,1493.7902826329212,2398595.9215495987,1605.711289888623,802.1579431406079
10380,11801,5844,1493.7902826329212,2663201.4639564455,1782.8482986663605,1027.0136738545755
10404,10021,5844,785.4466131253832,483216.35598032636,615.2122218180461,1012.8789531416801
10404,10024,5119,785.4466131253832,764562.1309948119,973.4106917242032,1358.888023049576
10404,10329,5844,785.4466131253832,94355.83844996276,120.13017418779097,178.69670422251866
10404,10331,5844,785.4466131253832,130992.03770426493,166.7739544805374,227.32699969212968
10404,10402,5844,785.4466131253832,10850.374558523998,13.814273786666542,15.43281622699872
10404,10031,5074,785.4466131253832,2398595.9215495987,3053.798796082788,2977.317388197717
10404,11801,5844,785.4466131253832,2663201.4639564455,3390.6842546042153,3736.1971942764753
10317,10021,5326,14353.496568501218,483216.35598032636,33.665410631772176,34.589252440336026
10317,10024,4601,14353.496568501218,764562.1309948119,53.26661189111546,47.60912691230486
10317,10328,4961,14353.496568501218,58439.036082045735,4.071414641244304,3.1270856763064168
10317,10329,5326,14353.496568501218,94355.83844996276,6.5737179787276965,6.117908348894558
10317,10331,5326,14353.496568501218,130992.03770426493,9.126141291016662,7.8246282831290515
10317,10031,4601,14353.496568501218,2398595.9215495987,167.10882328235778,101.07975580663607
10317,11801,5326,14353.496568501218,2663201.4639564455,185.54374198972866,128.33804965838746
10317,10322,5289,14353.496568501218,25362.473793590398,1.7669892261129185,1.5480731916852446
10317,10323,5326,14353.496568501218,33856.09114423112,2.3587347502857523,1.793309329991648
10317,10573,3429,14353.496568501218,24313.211106662806,1.6938876872704456,1.1592316843392492
10317,10571,5326,14353.496568501218,17158.24980166056,1.195405573810801,1.1978910396055138
10317,10591,5183,14353.496568501218,25392.340794922315,1.7690700432287605,1.3773441059953275
10573,10021,3947,24313.211106662806,483216.35598032636,19.874641562582635,30.744113469162762
10573,10024,3947,24313.211106662806,764562.1309948119,31.446365831343883,43.16108720079717
10573,10328,3947,24313.211106662806,58439.036082045735,2.4035918507708374,2.7986134373608667
10573,10329,3947,24313.211106662806,94355.83844996276,3.880846426908432,5.723094536434371
10573,10331,3947,24313.211106662806,130992.03770426493,5.38768972677442,7.103930714270571
10573,10031,3241,24313.211106662806,2398595.9215495987,98.65401616540426,85.27328926617156
10573,11801,3947,24313.211106662806,2663201.4639564455,109.53721630075512,111.59963533826615
10573,10322,3910,24313.211106662806,25362.473793590398,1.043156071911869,1.4114450833617238
10573,10323,3947,24313.211106662806,33856.09114423112,1.392497724619895,1.678431689528696
10573,10591,3947,24313.211106662806,25392.340794922315,1.0443844987618185,1.2629387336485254
10342,10021,5595,1618.252564598827,483216.35598032636,298.6037943342411,1026.0461971200493
10342,10024,4870,1618.252564598827,764562.1309948119,472.4615599075851,1360.7036244197684
10342,10328,5230,1618.252564598827,58439.036082045735,36.11243223738259,92.02529825726134
10342,10329,5595,1618.252564598827,94355.83844996276,58.307238631414776,180.26794033859557
10342,10331,5595,1618.252564598827,130992.03770426493,80.94659669934683,227.08096656511265
10342,10031,4891,1618.252564598827,2398595.9215495987,1482.2135765588748,3177.2343667919667
10342,11801,5595,1618.252564598827,2663201.4639564455,1645.72670683001,3730.4925908865175
10342,10322,5558,1618.252564598827,25362.473793590398,15.67275365318385,46.83854297734575
10342,10323,5595,1618.252564598827,33856.09114423112,20.921388839339933,54.12140478286458
10342,10343,5595,1618.252564598827,4591.139660011212,2.8370971011866613,2.8256741484900294
10342,10573,3698,1618.252564598827,24313.211106662806,15.024361239118551,31.91405958110586
10342,10591,5452,1618.252564598827,25392.340794922315,15.691209981933325,40.19529912670388
10369,10021,5844,164.20553137438208,483216.35598032636,2942.7532187001198,2113.728757586132
10369,10024,5119,164.20553137438208,764562.1309948119,4656.128965909441,2858.037672175697
10369,10328,5479,164.20553137438208,58439.036082045735,355.8895707892267,189.86369228355517
10369,10329,5844,164.20553137438208,94355.83844996276,574.6203411067512,372.91362549239034
10369,10331,5844,164.20553137438208,130992.03770426493,797.7321872648023,474.3978687034832
10369,10031,5074,164.20553137438208,2398595.9215495987,14607.27846055865,6252.038413132845
10369,11801,5844,164.20553137438208,2663201.4639564455,16218.707382545184,7796.891651326613
10369,10323,5844,164.20553137438208,33856.09114423112,206.18118562060238,111.04046886292814
10571,10021,5844,17158.24980166056,483216.35598032636,28.162333662583762,28.902099780211582
10571,10024,5119,17158.24980166056,764562.1309948119,44.5594474863525,39.08825192966166
10571,10328,5479,17158.24980166056,58439.036082045735,3.405885609404641,2.596921228260154
10571,10329,5844,17158.24980166056,94355.83844996276,5.499152858867405,5.099039682693218
10571,10331,5844,17158.24980166056,130992.03770426493,7.634347280081424,6.486685904035194
10571,10031,5074,17158.24980166056,2398595.9215495987,139.79257495816762,84.03741748092266
10571,11801,5844,17158.24980166056,2663201.4639564455,155.21405124307626,106.61090722893184
10571,10322,5807,17158.24980166056,25362.473793590398,1.4781503991820797,1.3075191422018433
10571,10323,5844,17158.24980166056,33856.09114423112,1.973166933433651,1.5183134066751474
10571,10573,3947,17158.24980166056,24313.211106662806,1.4169983178767915,0.9266511858892322
10571,10591,5701,17158.24980166056,25392.340794922315,1.479891077962093,1.1527071000016726
10713,10021,5844,772.0596986902771,483216.35598032636,625.8795230473177,2436.448024616566
10713,10024,5119,772.0596986902771,764562.1309948119,990.2888757071713,3330.573920404814
10713,10328,5479,772.0596986902771,58439.036082045735,75.69237998199075,220.6273737560961
10713,10329,5844,772.0596986902771,94355.83844996276,122.21313793483601,429.84922399463187
10713,10331,5844,772.0596986902771,130992.03770426493,169.6656850843011,546.8278490968164
10713,10031,5074,772.0596986902771,2398595.9215495987,3106.7492910439173,7433.4221287664
10713,11801,5844,772.0596986902771,2663201.4639564455,3449.4760812852987,8987.303216576513
10713,10322,5807,772.0596986902771,25362.473793590398,32.85040500963245,111.73758692006936
10713,10323,5844,772.0596986902771,33856.09114423112,43.851649298188505,127.9938734062259
10713,10343,5844,772.0596986902771,4591.139660011212,5.946612247472089,6.642555906201225
10713,10573,3947,772.0596986902771,24313.211106662806,31.49136154614438,80.6203252187226
10713,10342,5595,772.0596986902771,1618.252564598827,2.096019993459097,2.340117026779042
10713,10591,5701,772.0596986902771,25392.340794922315,32.88908984369721,94.91281798307716
10591,10021,5701,25392.340794922315,483216.35598032636,19.030004357729585,25.28554836753977
10591,10024,5046,25392.340794922315,764562.1309948119,30.10995075915572,34.006853507782075
10591,10328,5406,25392.340794922315,58439.036082045735,2.3014434373743025,2.2704192525374234
10591,10329,5701,25392.340794922315,94355.83844996276,3.7159173001029906,4.457572825202213
10591,10331,5701,25392.340794922315,130992.03770426493,5.158722418000128,5.647628227202177
10591,10031,4931,25392.340794922315,2398595.9215495987,94.46139451740676,74.68271742907287
10591,11801,5701,25392.340794922315,2663201.4639564455,104.88207784644273,94.52031030605406
10591,10323,5701,25392.340794922315,33856.09114423112,1.3333190278779377,1.3220911079738233
9427,9425,3387,1485.3846006280944,10144.40142740572,6.829477983760007,8.181659420162081
9427,9803,3601,1485.3846006280944,2447793.9869787986,1647.9193240213679,1247.7301204565595
10232,10021,5844,2466.4472667809873,483216.35598032636,195.91594861502242,74.48939272899023
10232,10024,5119,2466.4472667809873,764562.1309948119,309.9851925853895,101.81594811753975
10232,10233,2132,2466.4472667809873,4345.069510952863,1.7616713600464307,2.1509867521393966
10232,10240,5479,2466.4472667809873,28959.540451432134,11.741398586326902,13.396973620535482
10232,10246,5114,2466.4472667809873,46705.49142583815,18.936342996213526,19.292310889686746
10232,10251,5844,2466.4472667809873,56880.39099835246,23.061669213219492,20.45753913648309
10232,10031,5074,2466.4472667809873,2398595.9215495987,972.4902509997942,221.35255360826227
10232,11801,5844,2466.4472667809873,2663201.4639564455,1079.7723104910515,274.768331649283
10338,10021,5478,3069.6334868195745,483216.35598032636,157.41825793052035,76.42144595716914
10338,10024,4753,3069.6334868195745,764562.1309948119,249.07277506506787,102.931725352234
10338,10328,5113,3069.6334868195745,58439.036082045735,19.037789473229264,6.897405826771024
10338,10329,5478,3069.6334868195745,94355.83844996276,30.738470522656492,13.269011782801625
10338,10331,5478,3069.6334868195745,130992.03770426493,42.67351078450244,16.5861311045773
10338,10031,4793,3069.6334868195745,2398595.9215495987,781.3948902527666,222.88382468173447
10338,11801,5478,3069.6334868195745,2663201.4639564455,867.5959118219581,279.9671304652307
10338,10322,5441,3069.6334868195745,25362.473793590398,8.262378522547419,3.4569182197978754
10338,10323,5478,3069.6334868195745,33856.09114423112,11.02935946249048,3.987411553397632
10338,10573,3581,3069.6334868195745,24313.211106662806,7.920558337358234,2.5115465450106234
10338,10317,4960,3069.6334868195745,14353.496568501218,4.675964290242603,2.215684066712327
10338,10571,5478,3069.6334868195745,17158.24980166056,5.589673775496273,2.643950518182851
10338,10591,5335,3069.6334868195745,25392.340794922315,8.272108349075621,3.1036473769249087
10338,10315,5478,3069.6334868195745,10079.6998226274,3.283681868179939,1.9940304486984104
10582,10021,2023,1295.418312721032,483216.35598032636,373.0195499284924,183.12896101869788
10582,10024,2023,1295.418312721032,764562.1309948119,590.2048191590296,261.4678934161198
10582,10328,2023,1295.418312721032,58439.036082045735,45.11209661633876,17.098846494536097
10582,10329,2023,1295.418312721032,94355.83844996276,72.83812303978311,37.34957158536132
10582,10331,2023,1295.418312721032,130992.03770426493,101.11948890788457,46.71898709092677
10582,11801,2023,1295.418312721032,2663201.4639564455,2055.8621395141304,626.6316789401227
10582,10322,2023,1295.418312721032,25362.473793590398,19.578597542222795,8.912644362916053
10582,10323,2023,1295.418312721032,33856.09114423112,26.135257477653106,10.971835291268713
10582,10573,2023,1295.418312721032,24313.211106662806,18.7686177259551,6.191759465341491
10582,10571,2023,1295.418312721032,17158.24980166056,13.24533521964776,6.581656358443708
10582,10591,2023,1295.418312721032,25392.340794922315,19.6016534161738,8.306541820919987
10582,10315,2023,1295.418312721032,10079.6998226274,7.781038544572484,5.044496699909118
10315,10021,5844,10079.6998226274,483216.35598032636,47.939558169736245,38.34513328254846
10315,10024,5119,10079.6998226274,764562.1309948119,75.85167658251942,52.14270641552555
10315,10328,5479,10079.6998226274,58439.036082045735,5.797696073335333,3.4454965525736467
10315,10329,5844,10079.6998226274,94355.83844996276,9.360977024151868,6.765022532367842
10315,10331,5844,10079.6998226274,130992.03770426493,12.995628839085827,8.606047222996507
10315,10031,5074,10079.6998226274,2398595.9215495987,237.96303101855412,111.89828065255334
10315,11801,5844,10079.6998226274,2663201.4639564455,264.2143626120652,141.44333727149262
10315,10322,5807,10079.6998226274,25362.473793590398,2.5161933628872046,1.734758227852643
10315,10323,5844,10079.6998226274,33856.09114423112,3.3588392253734893,2.0143840892660747
10315,10573,3947,10079.6998226274,24313.211106662806,2.412096742413234,1.2250511559404158
10315,10317,5326,10079.6998226274,14353.496568501218,1.4240003989285266,1.10698444520594
10315,10571,5844,10079.6998226274,17158.24980166056,1.7022580139879648,1.3267248253292048
10315,10591,5701,10079.6998226274,25392.340794922315,2.5191564472902606,1.5380143406104048
10332,10021,2967,3615.2615871329654,483216.35598032636,133.66013615726618,82.05697083071922
10332,10024,2602,3615.2615871329654,764562.1309948119,211.4818285116507,113.97406631985385
10332,10328,2967,3615.2615871329654,58439.036082045735,16.16453876810337,7.400756161067239
10332,10329,2967,3615.2615871329654,94355.83844996276,26.099311536897773,14.32277197997222
10332,10331,2967,3615.2615871329654,130992.03770426493,36.23307319461395,17.951152372330064
10332,10031,2416,3615.2615871329654,2398595.9215495987,663.4640021862907,232.59181245855495
10332,11801,2967,3615.2615871329654,2663201.4639564455,736.6552598669524,302.65577285031543
10332,10322,2930,3615.2615871329654,25362.473793590398,7.01539105326643,3.689510907279473
10332,10323,2967,3615.2615871329654,33856.09114423112,9.36476941661094,4.2399374452910505
10332,10573,2531,3615.2615871329654,24313.211106662806,6.725159582696773,2.7595804368745616
10332,10317,2801,3615.2615871329654,14353.496568501218,3.970251176176733,2.3649033723345907
10332,10571,2967,3615.2615871329654,17158.24980166056,4.746060385430555,2.8656383988276333
10332,10591,2967,3615.2615871329654,25392.340794922315,7.02365241986801,3.1570600695888182
10332,10315,2967,3615.2615871329654,10079.6998226274,2.7880969550037378,2.1862357140251616
9425,9803,3439,10144.40142740572,2447793.9869787986,241.29506353779865,159.12375953441955
12115,11056,5844,3447.312530040723,1042906.3032989879,302.52734389784735,166.69325095757605
12115,12018,5653,3447.312530040723,210408.28521122423,61.0354539594757,7.56922465227691
12115,12022,5362,3447.312530040723,301269.5205030908,87.39257548532507,29.319859570221915
12115,12129,5788,3447.312530040723,55432.77140226339,16.079995915429393,3.766049773079585
12115,10031,5074,3447.312530040723,2398595.9215495987,695.7871967359062,859.7519496179792
12115,11061,5603,3447.312530040723,1195953.1948647194,346.9233451980032,228.6940251513562
12115,11801,5844,3447.312530040723,2663201.4639564455,772.5442473662188,1030.4737305141957
12115,12123,5817,3447.312530040723,12139.713130458651,3.521500596383481,2.1112960869576245
12115,12125,5844,3447.312530040723,23580.95655454665,6.840388374728557,2.421844315714776
12115,12127,5844,3447.312530040723,51655.833443617266,14.984377828663844,3.963498611277814
12136,11056,5773,30.7066827278175,1042906.3032989879,33963.49623771663,15570.40545604594
12136,12018,5582,30.7066827278175,210408.28521122423,6852.198496212461,699.8306232151328
12136,12022,5291,30.7066827278175,301269.5205030908,9811.203742635724,2699.231221983434
12136,12129,5717,30.7066827278175,55432.77140226339,1805.2347723007626,354.63651942644657
12136,10031,5003,30.7066827278175,2398595.9215495987,78113.15676169364,78357.59015547605
12136,11061,5563,30.7066827278175,1195953.1948647194,38947.652062112626,21201.31171158892
12136,11801,5773,30.7066827278175,2663201.4639564455,86730.35402628574,96354.69021828027
12136,12115,5773,30.7066827278175,3447.312530040723,112.26587256583619,93.02851353841339
12136,12123,5746,30.7066827278175,12139.713130458651,395.344337194104,196.60756620401418
12136,12125,5773,30.7066827278175,23580.95655454665,767.9421695781035,225.69326824336994
12136,12127,5773,30.7066827278175,51655.833443617266,1682.2342517911163,369.6918664228713
12239,11056,5844,29025.01344019413,1042906.3032989879,35.93129441431234,18.466184462433848
12239,12022,5362,29025.01344019413,301269.5205030908,10.37965136945948,3.1059097808852196
12239,12244,5844,29025.01344019413,58053.20261800481,2.0001094138207067,1.5999674914301103
12239,10031,5074,29025.01344019413,2398595.9215495987,82.63892543898012,91.33903609348108
12239,11061,5603,29025.01344019413,1195953.1948647194,41.20422535992874,24.972797514373447
12239,11801,5844,29025.01344019413,2663201.4639564455,91.75539124017828,114.15529952205684
12305,11056,5844,1405.8045096235105,1042906.3032989879,741.8572754317664,504.82901847158445
12305,12022,5362,1405.8045096235105,301269.5205030908,214.30399350744295,84.74191556419775
12305,12244,5844,1405.8045096235105,58053.20261800481,41.29535950453885,43.73995179828553
12305,10031,5074,1405.8045096235105,2398595.9215495987,1706.2087261279082,2416.624488208907
12305,11061,5603,1405.8045096235105,1195953.1948647194,850.7251091298665,675.7684039766109
12305,11801,5844,1405.8045096235105,2663201.4639564455,1894.4322953336373,3120.7804692022546
12305,12239,5844,1405.8045096235105,29025.01344019413,20.646550243296158,27.338025323995268
12305,12279,5844,1405.8045096235105,7882.476780720712,5.60709311057177,8.491505073583582
12279,11056,5844,7882.476780720712,1042906.3032989879,132.30692995503284,59.45106481088595
12279,12022,5362,7882.476780720712,301269.5205030908,38.22015958739622,10.26587338767115
12279,12244,5844,7882.476780720712,58053.20261800481,7.364842832140495,5.151024632177062
12279,10031,5074,7882.476780720712,2398595.9215495987,304.2947018145596,294.45789127818
12279,11061,5603,7882.476780720712,1195953.1948647194,151.72302160024515,80.44318200492215
12279,11801,5844,7882.476780720712,2663201.4639564455,337.8635342726558,367.5179420089805
12279,12239,5844,7882.476780720712,29025.01344019413,3.6822199731922725,3.2194558075507436
12320,11056,5844,1848.7737329353613,1042906.3032989879,564.1070536214996,251.19971872479263
12320,12022,5362,1848.7737329353613,301269.5205030908,162.95640463517128,44.51622636871337
12320,12244,5844,1848.7737329353613,58053.20261800481,31.40092353315284,21.764722681811865
12320,10031,5074,1848.7737329353613,2398595.9215495987,1297.3983126324852,1316.6448714394376
12320,11061,5603,1848.7737329353613,1195953.1948647194,646.8899755330598,344.2480131247308
12320,11801,5844,1848.7737329353613,2663201.4639564455,1440.5232054698167,1552.8805741771337
12320,12315,5844,1848.7737329353613,17046.165996499632,9.220255401094892,5.32382442892946
12320,12652,5478,1848.7737329353613,5208.1304963729735,2.8170729622514954,2.2293101974652307
12315,11056,5844,17046.165996499632,1042906.3032989879,61.18128284760015,47.18407266772039
12315,12022,5362,17046.165996499632,301269.5205030908,17.673740861432147,8.059530148959505
12315,12244,5844,17046.165996499632,58053.20261800481,3.405645740509967,4.0881743889868325
12315,10031,5074,17046.165996499632,2398595.9215495987,140.71175430546327,235.8410887458235
12315,11061,5603,17046.165996499632,1195953.1948647194,70.15965907584756,64.02150954680796
12315,11801,5844,17046.165996499632,2663201.4639564455,156.2346315589866,291.6851588378534
12346,11056,5589,4278.689738399323,1042906.3032989879,243.74431591507354,137.13275708131886
12346,12022,5108,4278.689738399323,301269.5205030908,70.41163041090171,23.81961275939612
12346,12244,5589,4278.689738399323,58053.20261800481,13.567986034837567,11.739721047174836
12346,10031,4894,4278.689738399323,2398595.9215495987,560.5912249311455,688.0056134848274
12346,11061,5348,4278.689738399323,1195953.1948647194,279.51388578881415,184.94695025286254
12346,11801,5589,4278.689738399323,2663201.4639564455,622.4338820493119,844.6743218937995
12346,12315,5589,4278.689738399323,17046.165996499632,3.9839687003986133,2.9074681094743493
12354,11056,5844,107.24718148625803,1042906.3032989879,9724.323649779266,6315.370231297293
12354,12022,5362,107.24718148625803,301269.5205030908,2809.1136412912965,1110.8345947744829
12354,12244,5844,107.24718148625803,58053.20261800481,541.3028278551393,547.1832628433175
12354,10031,5074,107.24718148625803,2398595.9215495987,22365.118488982756,31806.19752775699
12354,11061,5603,107.24718148625803,1195953.1948647194,11151.371796357755,8634.991328747457
12354,11801,5844,107.24718148625803,2663201.4639564455,24832.36787250853,39040.71151314627
12354,12315,5844,107.24718148625803,17046.165996499632,158.94278768233943,133.8453820163296
12354,12346,5589,107.24718148625803,4278.689738399323,39.89559146547424,46.69051830040179
12401,11056,5677,911.3909589982214,1042906.3032989879,1144.301787287121,1638.4438683642315
12401,12022,5195,911.3909589982214,301269.5205030908,330.5601372590297,297.3210359686477
12401,12383,5677,911.3909589982214,18271.51998190487,20.04794956709739,22.527955742371734
12401,10031,4923,911.3909589982214,2398595.9215495987,2631.796923008844,7946.099540355679
12401,11061,5436,911.3909589982214,1195953.1948647194,1312.228504196796,2205.312517202516
12401,11801,5677,911.3909589982214,2663201.4639564455,2922.128464916715,10096.965844460987
12401,12651,5677,911.3909589982214,11008.513325725307,12.078804619507741,12.683891423894519
12402,11056,5785,1483.5898064471066,1042906.3032989879,702.961356816366,860.3311334564283
12402,12022,5362,1483.5898064471066,301269.5205030908,203.06793642952397,149.8084533435743
12402,12383,5785,1483.5898064471066,18271.51998190487,12.31574920675777,11.723776125156304
12402,10031,5015,1483.5898064471066,2398595.9215495987,1616.7514168176608,4253.938195723329
12402,11061,5544,1483.5898064471066,1195953.1948647194,806.1211998542792,1170.477236847383
12402,11801,5785,1483.5898064471066,2663201.4639564455,1795.1063376030245,5316.098441664156
12528,11056,4006,428.295784818555,1042906.3032989879,2435.0141660647187,1769.3168775220477
12528,12415,3128,428.295784818555,85092.45470459873,198.6768437159559,384.5641483913135
12528,10031,3618,428.295784818555,2398595.9215495987,5600.325771512671,8561.004933952165
12528,11061,3911,428.295784818555,1195953.1948647194,2792.3534091547926,2395.9336289291637
12528,11801,4006,428.295784818555,2663201.4639564455,6218.136060070485,10921.423889630309
12614,11056,5844,376.1266854532808,1042906.3032989879,2772.7527549451916,2752.613097162965
12614,12022,5362,376.1266854532808,301269.5205030908,800.9788514208251,486.8857115151074
12614,12383,5844,376.1266854532808,18271.51998190487,48.57810064682156,37.48201774059508
12614,10031,5074,376.1266854532808,2398595.9215495987,6377.0958411498605,13807.415629718915
12614,11061,5603,376.1266854532808,1195953.1948647194,3179.655262756597,3757.3385438107844
12614,11801,5844,376.1266854532808,2663201.4639564455,7080.59695564261,17016.25873034087
12614,12651,5844,376.1266854532808,11008.513325725307,29.268099689493287,21.307476989731875
12412,11056,5844,73909.13189769963,1042906.3032989879,14.110655564761784,5.234732765468683
12412,12415,3704,73909.13189769963,85092.45470459873,1.151311786781346,1.1408882214680678
12412,10031,5074,73909.13189769963,2398595.9215495987,32.45330935383715,26.24132950957877
12412,11061,5603,73909.13189769963,1195953.1948647194,16.181399566701483,7.10244901282154
12412,11801,5844,73909.13189769963,2663201.4639564455,36.03345615860678,32.36036594217159
12651,11056,5844,11008.513325725307,1042906.3032989879,94.73634381328007,129.1853136103095
12651,12022,5362,11008.513325725307,301269.5205030908,27.36695787968639,22.525992596792634
12651,12383,5844,11008.513325725307,18271.51998190487,1.6597627164793418,1.7591016411120737
12651,10031,5074,11008.513325725307,2398595.9215495987,217.88554463066563,649.5226465916929
12651,11061,5603,11008.513325725307,1195953.1948647194,108.63893783640606,175.56848111017212
12651,11801,5844,11008.513325725307,2663201.4639564455,241.92199120411,798.6050501681192
12652,11056,5478,5208.1304963729735,1042906.3032989879,200.24580874563046,115.0615760500735
12652,12022,4996,5208.1304963729735,301269.5205030908,57.846000731529244,19.92597828134174
12652,12244,5478,5208.1304963729735,58053.20261800481,11.1466490055182,9.984180063754737
12652,10031,4793,5208.1304963729735,2398595.9215495987,460.54835285329733,566.3244299145756
12652,11061,5311,5208.1304963729735,1195953.1948647194,229.63195636084782,156.16419477880729
12652,11801,5478,5208.1304963729735,2663201.4639564455,511.3545956291115,706.4350691660754
12652,12315,5478,5208.1304963729735,17046.165996499632,3.2729913369818324,2.4248977567709415
12417,11056,5844,6479.483344830354,1042906.3032989879,160.95516382970087,27.825344201095213
12417,12415,3704,6479.483344830354,85092.45470459873,13.132598723706822,5.851026111500205
12417,10031,5074,6479.483344830354,2398595.9215495987,370.18320657669636,136.888116575788
12417,11061,5603,6479.483344830354,1195953.1948647194,184.57539455192963,37.43750361048893
12417,11801,5844,6479.483344830354,2663201.4639564455,411.0206512192483,172.0122805034354
12417,12412,5844,6479.483344830354,73909.13189769963,11.406639690904973,5.315523341448723
12430,11056,5844,4362.090769155699,1042906.3032989879,239.0840444388201,45.14319623727074
12430,12415,3704,4362.090769155699,85092.45470459873,19.507263651248767,9.76574986480308
12430,10031,5074,4362.090769155699,2398595.9215495987,549.8729963415817,222.6868141932492
12430,11061,5603,4362.090769155699,1195953.1948647194,274.169717723733,60.81875296447621
12430,11801,5844,4362.090769155699,2663201.4639564455,610.5332522624052,279.0687539340989
12430,12412,5844,4362.090769155699,73909.13189769963,16.943510763304236,8.623782389630527
12430,12611,5844,4362.090769155699,11473.076877988378,2.6301783903981075,1.6581374015712558
12498,11056,5844,482.87917009546567,1042906.3032989879,2159.766599774441,680.3576061612137
12498,12415,3704,482.87917009546567,85092.45470459873,176.2189383480258,160.12753716236233
12498,10031,5074,482.87917009546567,2398595.9215495987,4967.2797463501975,3429.1090983231343
12498,11061,5603,482.87917009546567,1195953.1948647194,2476.713159170395,919.6197298320445
12498,11801,5844,482.87917009546567,2663201.4639564455,5515.254392584232,4205.872982122614
12498,12412,5844,482.87917009546567,73909.13189769963,153.05926715183784,129.96988320955845
12498,12611,5844,482.87917009546567,11473.076877988378,23.759726218300408,24.98995390778291
12476,11056,5844,1394.9632880067736,1042906.3032989879,747.6227598714582,157.54909231092103
12476,12415,3704,1394.9632880067736,85092.45470459873,60.99978073701502,34.51093815558665
12476,10031,5074,1394.9632880067736,2398595.9215495987,1719.4688506655177,785.0670066627304
12476,11061,5603,1394.9632880067736,1195953.1948647194,857.33668057572,213.20237178467164
12476,11801,5844,1394.9632880067736,2663201.4639564455,1909.1552350182808,973.9458553968619
12476,12412,5844,1394.9632880067736,73909.13189769963,52.98285089875479,30.09687397037834
12476,12430,5844,1394.9632880067736,4362.090769155699,3.127029081452441,3.4899853232112683
12476,12611,5844,1394.9632880067736,11473.076877988378,8.224644316182655,5.786875195351352
12511,11056,5844,453.2568416359656,1042906.3032989879,2300.9168477959806,1038.8992740302167
12511,12415,3704,453.2568416359656,85092.45470459873,187.7356211490812,239.7703362694783
12511,10031,5074,453.2568416359656,2398595.9215495987,5291.913328637711,5156.918936931998
12511,11061,5603,453.2568416359656,1195953.1948647194,2638.5772590836086,1407.5952189572597
12511,11801,5844,453.2568416359656,2663201.4639564455,5875.700528521536,6422.3260653238285
12511,12412,5844,453.2568416359656,73909.13189769963,163.0623635617616,198.462714445214
12611,11056,5844,11473.076877988378,1042906.3032989879,90.90031509331654,27.225244539139467
12611,12415,3704,11473.076877988378,85092.45470459873,7.416707445572206,5.93678716308929
12611,10031,5074,11473.076877988378,2398595.9215495987,209.0630043760462,134.73594527236514
12611,11061,5603,11473.076877988378,1195953.1948647194,104.23997046156033,36.66745478613956
12611,11801,5844,11473.076877988378,2663201.4639564455,232.12617611461482,168.3025506026536
12611,12412,5844,11473.076877988378,73909.13189769963,6.44196257758001,5.2008852713041795
12092,11056,5489,2173.5625157630607,1042906.3032989879,479.81426608880423,4352.038633264754
12092,12018,5298,2173.5625157630607,210408.28521122423,96.80342004672332,204.71784029191784
12092,12022,5048,2173.5625157630607,301269.5205030908,138.60632869688857,883.1016362021973
12092,12554,5489,2173.5625157630607,142029.53495873365,65.34412234693518,75.70318440303656
12092,10031,4769,2173.5625157630607,2398595.9215495987,1103.5320604558442,20685.966533484683
12092,11061,5248,2173.5625157630607,1195953.1948647194,550.2271897824216,5786.418386266248
12092,11801,5489,2173.5625157630607,2663201.4639564455,1225.2702393616178,26612.00004599872
12092,12014,5489,2173.5625157630607,129089.5170469435,59.3907541700611,68.44737719712451
12123,11056,5817,12139.713130458651,1042906.3032989879,85.90864480004281,79.02775210363349
12123,12018,5626,12139.713130458651,210408.28521122423,17.3322287726312,3.5898458803004867
12123,12022,5335,12139.713130458651,301269.5205030908,24.81685664772447,14.008918572459631
12123,12129,5761,12139.713130458651,55432.77140226339,4.566234045776754,1.7983162818605392
12123,10031,5047,12139.713130458651,2398595.9215495987,197.58258665367467,404.3211345757925
12123,11061,5576,12139.713130458651,1195953.1948647194,98.51577067863836,108.09438625001535
12123,11801,5817,12139.713130458651,2663201.4639564455,219.3792748919617,488.24095713921866
12123,12125,5817,12139.713130458651,23580.95655454665,1.942464068230889,1.146911947741147
12123,12127,5817,12139.713130458651,51655.833443617266,4.255111540816587,1.878121410848069
12125,11056,5844,23580.95655454665,1042906.3032989879,44.22663265956041,68.82905307989573
12125,12018,5653,23580.95655454665,210408.28521122423,8.922805346106935,3.108299980204222
12125,12022,5362,23580.95655454665,301269.5205030908,12.775966903895718,12.078197675145669
12125,12129,5788,23580.95655454665,55432.77140226339,2.3507431207906357,1.566239994880045
12125,10031,5074,23580.95655454665,2398595.9215495987,101.71749886401977,350.5245177023826
12125,11061,5603,23580.95655454665,1195953.1948647194,50.71690760713129,94.2100519959221
12125,11801,5844,23580.95655454665,2663201.4639564455,112.93865275549871,425.49131826009415
12125,12127,5844,23580.95655454665,51655.833443617266,2.1905741323143015,1.6365620967291774
12155,11056,5844,5967.147029312465,1042906.3032989879,174.77469520625365,454.12257366314657
12155,12018,5653,5967.147029312465,210408.28521122423,35.26111962343711,20.545862670448447
12155,12022,5362,5967.147029312465,301269.5205030908,50.488033732563,81.05569075224349
12155,12129,5788,5967.147029312465,55432.77140226339,9.289660725629943,10.39979435019237
12155,10031,5074,5967.147029312465,2398595.9215495987,401.96695502338997,2281.1103973008426
12155,11061,5603,5967.147029312465,1195953.1948647194,200.42294734650056,617.4314133257654
12155,11801,5844,5967.147029312465,2663201.4639564455,446.3106826216916,2807.3205118092505
12155,12123,5817,5967.147029312465,12139.713130458651,2.0344250059240436,5.750215936801596
12155,12125,5844,5967.147029312465,23580.95655454665,3.951797473517868,6.597832649767939
12155,12127,5844,5967.147029312465,51655.833443617266,8.656705321633252,10.797762835172444
12127,11056,5844,51655.833443617266,1042906.3032989879,20.18951653228726,42.05709836336613
12127,12018,5653,51655.833443617266,210408.28521122423,4.073272488012152,1.8949094829072424
12127,12022,5362,51655.833443617266,301269.5205030908,5.832245855290067,7.353498402431584
12127,12129,5788,51655.833443617266,55432.77140226339,1.07311735590848,0.9570470867405
12127,10031,5074,51655.833443617266,2398595.9215495987,46.4341732897928,213.22507553739592
12127,11061,5603,51655.833443617266,1195953.1948647194,23.15233566350471,57.341591537926426
12127,11801,5844,51655.833443617266,2663201.4639564455,51.556644940466406,259.99094022187023
12010,11056,5844,110927.86018092965,1042906.3032989879,9.401662500276743,60.647652038916114
12010,12018,5653,110927.86018092965,210408.28521122423,1.8968028849383405,2.7139750113171974
12010,12022,5362,110927.86018092965,301269.5205030908,2.7159049134428725,10.622466367318449
12010,12554,5844,110927.86018092965,142029.53495873365,1.2803774879194045,1.0463958173549524
12010,10031,5074,110927.86018092965,2398595.9215495987,21.62302524935893,300.09996074093505
12010,11061,5603,110927.86018092965,1195953.1948647194,10.781360002023403,81.59239571022174
12010,11801,5844,110927.86018092965,2663201.4639564455,24.00840924554582,374.9150723527141
12010,12014,5844,110927.86018092965,129089.5170469435,1.1637249365163191,0.9414500023098504
12014,11056,5844,129089.5170469435,1042906.3032989879,8.07893876401857,64.41940824272868
12014,12018,5653,129089.5170469435,210408.28521122423,1.6299409125119673,2.8862469272145916
12014,12022,5362,129089.5170469435,301269.5205030908,2.333803142152387,11.218836547936135
12014,12554,5844,129089.5170469435,142029.53495873365,1.1002406563120422,1.1114725315073737
12014,10031,5074,129089.5170469435,2398595.9215495987,18.58087299743594,322.5745722259299
12014,11061,5603,129089.5170469435,1195953.1948647194,9.264526060855973,86.90841522553296
12014,11801,5844,129089.5170469435,2663201.4639564455,20.63065634514668,398.23152735977357
12617,11056,5258,545.5677963440627,1042906.3032989879,1911.5979907312535,4153.418528466831
12617,12018,5071,545.5677963440627,210408.28521122423,385.6684478468192,196.46960858362857
12617,12022,4811,545.5677963440627,301269.5205030908,552.2128001724922,867.1827739453754
12617,12554,5258,545.5677963440627,142029.53495873365,260.3334286050173,72.67986313352878
12617,10031,4488,545.5677963440627,2398595.9215495987,4396.513022988114,19273.568064797735
12617,11061,5017,545.5677963440627,1195953.1948647194,2192.125713575826,5539.066531019533
12617,11801,5258,545.5677963440627,2663201.4639564455,4881.522483187215,25342.163099558526
12617,12014,5258,545.5677963440627,129089.5170469435,236.61498701351704,65.71794694741342
12202,11056,5844,21247.025517187514,1042906.3032989879,49.08481436403142,148.18185371346937
12202,12018,5653,21247.025517187514,210408.28521122423,9.902952535215675,6.77128310834896
12202,12022,5362,21247.025517187514,301269.5205030908,14.179373967399936,26.84039866830607
12202,12129,5788,21247.025517187514,55432.77140226339,2.6089661989355517,3.391537845025149
12202,10031,5074,21247.025517187514,2398595.9215495987,112.89090416958763,763.8641093779739
12202,11061,5603,21247.025517187514,1195953.1948647194,56.288029300725796,203.4118665262222
12202,11801,5844,21247.025517187514,2663201.4639564455,125.34467291913789,916.0389320710385
12202,12127,5844,21247.025517187514,51655.833443617266,2.431203059545014,3.5233494339814775
12620,11056,5479,6886.562817439305,1042906.3032989879,151.44075948279544,1521.315605875176
12620,12018,5288,6886.562817439305,210408.28521122423,30.553454718861087,72.25572617247958
12620,12022,4997,6886.562817439305,301269.5205030908,43.74744389758063,307.2282806056054
12620,12554,5479,6886.562817439305,142029.53495873365,20.62415441837875,26.43472804399364
12620,10031,4709,6886.562817439305,2398595.9215495987,348.3008846554733,7373.186890386965
12620,11061,5238,6886.562817439305,1195953.1948647194,173.66474779495613,2056.9720004686537
12620,11801,5479,6886.562817439305,2663201.4639564455,386.724340510224,9317.846719560814
12040,11056,4628,3541.8368703931314,1042906.3032989879,294.45351140162165,581.8763394001538
12040,12018,4517,3541.8368703931314,210408.28521122423,59.40654324598231,26.400790197525957
12040,12022,4383,3541.8368703931314,301269.5205030908,85.06024741609598,110.61671805948791
12040,12554,4628,3541.8368703931314,142029.53495873365,40.10052979740111,10.253108177390413
12040,10031,4014,3541.8368703931314,2398595.9215495987,677.2180677207087,2818.5464878603952
12040,11061,4474,3541.8368703931314,1195953.1948647194,337.66467475165587,783.7706360326036
12040,11801,4628,3541.8368703931314,2663201.4639564455,751.9266305624176,3601.6959753909255
12040,12010,4628,3541.8368703931314,110927.86018092965,31.319302452407147,9.924601063829787
12040,12014,4628,3541.8368703931314,129089.5170469435,36.44705325816291,9.233842284029736
12040,12631,4628,3541.8368703931314,28954.65119327668,8.17503805308312,4.518302999230967
12040,12043,4628,3541.8368703931314,7669.748327977785,2.165471931271208,2.0657587798000514
12631,11056,5844,28954.65119327668,1042906.3032989879,36.01861049326516,133.72016681126166
12631,12018,5653,28954.65119327668,210408.28521122423,7.266821617249576,5.987953434749571
12631,12022,5362,28954.65119327668,301269.5205030908,10.40487479859699,24.459451960896317
12631,12554,5844,28954.65119327668,142029.53495873365,4.90524075080943,2.307166370719921
12631,10031,5074,28954.65119327668,2398595.9215495987,82.83974500464909,664.9165113566992
12631,11061,5603,28954.65119327668,1195953.1948647194,41.30435510625048,179.76362399751585
12631,11801,5844,28954.65119327668,2663201.4639564455,91.9783645874085,826.6388611861113
12631,12010,5844,28954.65119327668,110927.86018092965,3.831089500628738,2.2048696415395717
12631,12014,5844,28954.65119327668,129089.5170469435,4.4583343859075155,2.075774529120349
12059,11056,5844,3621.8677189329005,1042906.3032989879,287.94709918512876,497.5317331375774
12059,12018,5653,3621.8677189329005,210408.28521122423,58.093862487395356,22.633199345331278
12059,12022,5362,3621.8677189329005,301269.5205030908,83.18070782326996,93.30978748299246
12059,12554,5844,3621.8677189329005,142029.53495873365,39.21444568952379,8.584258533577778
12059,10031,5074,3621.8677189329005,2398595.9215495987,662.2538722248778,2451.4078954127604
12059,11061,5603,3621.8677189329005,1195953.1948647194,330.20344409957613,671.724295554354
12059,11801,5844,3621.8677189329005,2663201.4639564455,735.3116321821649,3075.6696995846264
12059,12010,5844,3621.8677189329005,110927.86018092965,30.62725333701916,8.203643775332365
12059,12014,5844,3621.8677189329005,129089.5170469435,35.64169844529185,7.723320451235845
12059,12631,5844,3621.8677189329005,28954.65119327668,7.994397763871812,3.720693332964615
12059,12061,5844,3621.8677189329005,5300.367737300864,1.4634349315392707,1.247498738291883
12043,11056,5844,7669.748327977785,1042906.3032989879,135.9766003657074,296.3293996935903
12043,12018,5653,7669.748327977785,210408.28521122423,27.43353187270758,13.375783527735145
12043,12022,5362,7669.748327977785,301269.5205030908,39.28023549405354,58.52052160618188
12043,12554,5844,7669.748327977785,142029.53495873365,18.518148038917637,5.112775746037248
12043,10031,5074,7669.748327977785,2398595.9215495987,312.73463208694557,1431.0249910810294
12043,11061,5603,7669.748327977785,1195953.1948647194,155.93121752145495,396.3166931608784
12043,11801,5844,7669.748327977785,2663201.4639564455,347.23453105255,1831.8657786631152
12043,12010,5844,7669.748327977785,110927.86018092965,14.463037825672309,4.8860819789600916
12043,12014,5844,7669.748327977785,129089.5170469435,16.83099777551363,4.600001890378097
12043,12631,5844,7669.748327977785,28954.65119327668,3.7751761798565946,2.21604120575053
12189,11056,5844,1832.5530631496867,1042906.3032989879,569.1001937518255,328.8453741263462
12189,12018,5653,1832.5530631496867,210408.28521122423,114.81702191454504,14.73262814521883
12189,12022,5362,1832.5530631496867,301269.5205030908,164.39879780904465,56.64616394868459
12189,12129,5788,1832.5530631496867,55432.77140226339,30.24893113162504,7.53920048880873
12189,10031,5074,1832.5530631496867,2398595.9215495987,1308.8821108552404,1645.6797807761043
12189,11061,5603,1832.5530631496867,1195953.1948647194,652.615860852173,443.209661087504
12189,11801,5844,1832.5530631496867,2663201.4639564455,1453.2738601190015,2032.8748614096853
12189,12127,5844,1832.5530631496867,51655.833443617266,28.18790597792251,7.819021923128849
12189,12202,5844,1832.5530631496867,21247.025517187514,11.594221168509767,2.2192013791527763
12613,11056,4379,696.7732801841482,1042906.3032989879,1496.7656380614383,3126.5706577298
12613,12018,4298,696.7732801841482,210408.28521122423,301.9752496186651,143.71909341365634
12613,12022,4185,696.7732801841482,301269.5205030908,432.37811935536496,598.7478907179767
12613,12554,4379,696.7732801841482,142029.53495873365,203.8389516331583,55.49599711636573
12613,10031,3802,696.7732801841482,2398595.9215495987,3442.433844357063,14737.178766747413
12613,11061,4254,696.7732801841482,1195953.1948647194,1716.4165574039296,4201.959385185775
12613,11801,4379,696.7732801841482,2663201.4639564455,3822.1922965424214,19339.107194240205
12613,12010,4379,696.7732801841482,110927.86018092965,159.2022302457018,53.8531906180764
12613,12014,4379,696.7732801841482,129089.5170469435,185.26760528593576,50.05639120755345
12061,11056,5844,5300.367737300864,1042906.3032989879,196.76112205566946,398.823435940957
12061,12018,5653,5300.367737300864,210408.28521122423,39.69692210796899,17.84251940869562
12061,12022,5362,5300.367737300864,301269.5205030908,56.83936199047728,74.70033934257702
12061,12554,5844,5300.367737300864,142029.53495873365,26.796166228092723,6.881176124740319
12061,10031,5074,5300.367737300864,2398595.9215495987,452.5338694275294,1967.3269808915575
12061,11061,5603,5300.367737300864,1195953.1948647194,225.635890590818,538.4406586293379
12061,11801,5844,5300.367737300864,2663201.4639564455,502.45597965107277,2465.4691866028948
12061,12010,5844,5300.367737300864,110927.86018092965,20.928332840056502,6.576073805545542
12061,12014,5844,5300.367737300864,129089.5170469435,24.354822805687153,6.191044699420598
12061,12631,5844,5300.367737300864,28954.65119327668,5.462762704087664,2.982522722274744
10579,10021,5739,180.97019836869865,483216.35598032636,2670.1432630131076,5698.528492916869
10579,10024,5014,180.97019836869865,764562.1309948119,4224.795783431344,7514.344509844393
10579,10328,5374,180.97019836869865,58439.036082045735,322.9207715349092,518.061850523837
10579,10329,5739,180.97019836869865,94355.83844996276,521.3888214772655,1005.7546689410241
10579,10331,5739,180.97019836869865,130992.03770426493,723.8320943727376,1275.785066686709
10579,10031,4971,180.97019836869865,2398595.9215495987,13254.093453900252,16613.958105536974
10579,11801,5739,180.97019836869865,2663201.4639564455,14716.243270787527,20933.784536221156
10579,10322,5702,180.97019836869865,25362.473793590398,140.14723983403223,259.2261674755639
10579,10323,5739,180.97019836869865,33856.09114423112,187.0810301884877,300.18328837447166
10579,10573,3842,180.97019836869865,24313.211106662806,134.3492537767374,178.3576408156306
10579,10591,5596,180.97019836869865,25392.340794922315,140.31227806464227,232.14588765046202
7093,7053,3427,3214.92555064672,447455.9633126318,139.18081655813796,152.05872716435806
7093,7096,3281,3214.92555064672,15415.808227475538,4.795074717787623,9.016390297760351
7093,7098,3382,3214.92555064672,25522.32678069419,7.9386991638298054,12.055961967140124
7093,7099,3427,3214.92555064672,29537.741673732362,9.187690728262899,14.14671369336392
7093,7102,3427,3214.92555064672,38158.18052702494,11.869071282023615,15.67518557160974
7093,7051,3427,3214.92555064672,442221.9426670407,137.55277865706176,156.57405826579685
7093,8059,3427,3214.92555064672,739141.29869649,229.90930491308052,369.78234929735135
7093,8376,3427,3214.92555064672,787494.750891494,244.94960722592168,391.345307810577
7093,8013,3427,3214.92555064672,573870.5213189186,178.50196288479458,242.80502070884316
7093,8084,3427,3214.92555064672,867922.1567511178,269.9664869615799,441.9108108709424
7093,9092,3427,3214.92555064672,1769149.9785675206,550.2926741838969,1657.81016249738
7093,8091,3427,3214.92555064672,1037725.8636930209,322.7837930754789,636.5908454852146
7093,9079,3427,3214.92555064672,1405601.4142037432,437.21118640554215,1086.626970326107
7020,8059,5844,85.1697198670566,739141.29869649,8678.451682713445,2842.0871070220473
7020,8376,5844,85.1697198670566,787494.750891494,9246.182236136421,3012.3846637611946
7020,8013,5844,85.1697198670566,573870.5213189186,6737.964175703365,1786.7910734699371
7020,8084,5844,85.1697198670566,867922.1567511178,10190.501484634184,3216.155902754232
7020,9092,5844,85.1697198670566,1769149.9785675206,20772.0535106729,11129.118667113238
7020,8091,5844,85.1697198670566,1037725.8636930209,12184.21130553008,4447.457978109479
7020,9079,5844,85.1697198670566,1405601.4142037432,16503.53454722851,7822.228341743276
7020,9803,3653,85.1697198670566,2447793.9869787986,28740.190654608436,21310.188919797783
7022,7024,5844,9466.966628675107,19460.673124224308,2.0556397722242536,2.382208208554384
7022,8059,5844,9466.966628675107,739141.29869649,78.0758322795453,55.14814131642175
7022,8376,5844,9466.966628675107,787494.750891494,83.18342947425211,58.452612070216624
7022,8013,5844,9466.966628675107,573870.5213189186,60.61820473526177,34.67107196650627
7022,8084,5844,9466.966628675107,867922.1567511178,91.679013013758,62.406609488679
7022,9092,5844,9466.966628675107,1769149.9785675206,186.87611860897744,215.95052715477064
7022,8091,5844,9466.966628675107,1037725.8636930209,109.61545597401664,86.29891760517607
7022,9079,5844,9466.966628675107,1405601.4142037432,148.47431805096113,151.7832978918725
7022,9803,3653,9466.966628675107,2447793.9869787986,258.5615945412248,437.22441966376323
7024,8059,5844,19460.673124224308,739141.29869649,37.98128122178979,23.15000893640937
7024,8376,5844,19460.673124224308,787494.750891494,40.465956437613364,24.53715500614782
7024,8013,5844,19460.673124224308,573870.5213189186,29.48872927753843,14.554173662068782
7024,8084,5844,19460.673124224308,867922.1567511178,44.59877370175564,26.19695846256434
7024,9092,5844,19460.673124224308,1769149.9785675206,90.90898178466979,90.65140753830993
7024,8091,5844,19460.673124224308,1037725.8636930209,53.324253332289814,36.22643784673448
7024,9079,5844,19460.673124224308,1405601.4142037432,72.22779012993517,63.71537859152139
7024,9803,3653,19460.673124224308,2447793.9869787986,125.78156836372875,165.50860830986676
7029,7024,5844,1040.3041932109961,19460.673124224308,18.70671410460927,10.817072551568584
7029,8059,5844,1040.3041932109961,739141.29869649,710.5049691427863,250.41532623460125
7029,8376,5844,1040.3041932109961,787494.750891494,756.9850780480061,265.42018591058525
7029,8013,5844,1040.3041932109961,573870.5213189186,551.6372279031324,157.43355243072665
7029,8084,5844,1040.3041932109961,867922.1567511178,834.2965090549092,283.37440031998705
7029,9092,5844,1040.3041932109961,1769149.9785675206,1700.6083317869495,980.5828522437097
7029,8091,5844,1040.3041932109961,1037725.8636930209,997.5215619289037,391.86400647301684
7029,9079,5844,1040.3041932109961,1405601.4142037432,1351.1446203684166,689.2138728751466
7029,9803,3653,1040.3041932109961,2447793.9869787986,2352.95983900964,1979.3088230349017
7031,7024,5844,3253.0889391463584,19460.673124224308,5.982213670841404,3.516718936927184
7031,8059,5844,3253.0889391463584,739141.29869649,227.21213976106284,81.41207481670438
7031,8376,5844,3253.0889391463584,787494.750891494,242.0759978047634,86.29027766843768
7031,8013,5844,3253.0889391463584,573870.5213189186,176.40787941983157,51.182938128724146
7031,8084,5844,3253.0889391463584,867922.1567511178,266.7993937414047,92.12733991519487
7031,9092,5844,3253.0889391463584,1769149.9785675206,543.8369536345239,318.79552154907816
7031,8091,5844,3253.0889391463584,1037725.8636930209,318.9970772718345,127.39819999302678
7031,9079,5844,3253.0889391463584,1405601.4142037432,432.0820735299621,224.06907846628818
7031,9803,3653,3253.0889391463584,2447793.9869787986,752.4522178053709,579.2630406139702
7033,7024,2010,176.0613735546467,19460.673124224308,110.53346189068563,19.046279296322975
7033,8059,2010,176.0613735546467,739141.29869649,4198.202500488115,433.42735966237836
7033,8376,2010,176.0613735546467,787494.750891494,4472.842253767081,453.03544733154433
7033,8013,2010,176.0613735546467,573870.5213189186,3259.4913338035394,289.5327172150262
7033,8084,2010,176.0613735546467,867922.1567511178,4929.656853334319,499.6045692030877
7033,9092,2010,176.0613735546467,1769149.9785675206,10048.484473616832,1522.1269343300162
7033,8091,2010,176.0613735546467,1037725.8636930209,5894.114323553922,627.6501408937902
7033,9079,2010,176.0613735546467,1405601.4142037432,7983.587687775629,1101.1198030954138
7034,8059,5844,438.5357559511997,739141.29869649,1685.475559668484,1396.3867013486042
7034,8376,5844,438.5357559511997,787494.750891494,1795.7366992422085,1480.0580437628323
7034,8013,5844,438.5357559511997,573870.5213189186,1308.6059996959038,877.8940261602834
7034,8084,5844,438.5357559511997,867922.1567511178,1979.1365811632934,1580.175822540328
7034,9092,5844,438.5357559511997,1769149.9785675206,4034.220595604961,5468.007390094
7034,8091,5844,438.5357559511997,1037725.8636930209,2366.342651905673,2185.144558058984
7034,9079,5844,438.5357559511997,1405601.4142037432,3205.2150711290205,3843.2515331197847
7034,9803,3653,438.5357559511997,2447793.9869787986,5581.7432301944145,10347.881893046677
7039,8059,5844,371.722335889044,739141.29869649,1988.4231517288147,861.8605311460843
7039,8376,5844,371.722335889044,787494.750891494,2118.5026425922238,913.5031223747084
7039,8013,5844,371.722335889044,573870.5213189186,1543.8150089808273,541.8428941966754
7039,8084,5844,371.722335889044,867922.1567511178,2334.8668426806216,975.2965796677372
7039,9092,5844,371.722335889044,1769149.9785675206,4759.331919983407,3374.8959002443453
7039,8091,5844,371.722335889044,1037725.8636930209,2791.6693819624907,1348.6879011529154
7039,9079,5844,371.722335889044,1405601.4142037432,3781.320836806813,2372.0841830301147
7039,9803,3653,371.722335889044,2447793.9869787986,6585.006470284972,6357.26174928097
7148,7053,5844,2006.1159461774223,447455.9633126318,223.04591325603195,133.4699007909522
7148,8059,5844,2006.1159461774223,739141.29869649,368.4439576410804,441.0664879150907
7148,8376,5844,2006.1159461774223,787494.750891494,392.5469773529468,467.4951448925188
7148,8013,5844,2006.1159461774223,573870.5213189186,286.0604953628962,277.2939863335816
7148,8084,5844,2006.1159461774223,867922.1567511178,432.6380827613232,499.1186178320723
7148,9092,5844,2006.1159461774223,1769149.9785675206,881.8782293907631,1727.13963339331
7148,8091,5844,2006.1159461774223,1037725.8636930209,517.2811001629134,690.2056821932168
7148,9079,5844,2006.1159461774223,1405601.4142037432,700.6581134465649,1213.9398450660601
7148,9803,3653,2006.1159461774223,2447793.9869787986,1220.1657594332855,3496.0681101359014
7152,7053,5844,282.7703858546877,447455.9633126318,1582.4003703930089,335.1761407327155
7152,8059,5844,282.7703858546877,739141.29869649,2613.927538636687,1107.627729921371
7152,8376,5844,282.7703858546877,787494.750891494,2784.9265350445085,1173.9966655236935
7152,8013,5844,282.7703858546877,573870.5213189186,2029.45764488161,696.35421647051
7152,8084,5844,282.7703858546877,867922.1567511178,3069.353087056056,1253.411076965015
7152,9092,5844,282.7703858546877,1769149.9785675206,6256.489600989072,4337.2774940020745
7152,8091,5844,282.7703858546877,1037725.8636930209,3669.8534061706723,1733.2782559841078
7152,9079,5844,282.7703858546877,1405601.4142037432,4970.822563173447,3048.5050932059644
7152,9803,3653,282.7703858546877,2447793.9869787986,8656.47221005912,8261.374489924166
7156,8059,5844,559.5622514402108,739141.29869649,1320.927737341244,265.1557317894993
7156,8376,5844,559.5622514402108,787494.750891494,1407.340736199818,281.0438349963171
7156,8013,5844,559.5622514402108,573870.5213189186,1025.5704702057383,166.70069452490955
7156,8084,5844,559.5622514402108,867922.1567511178,1551.073458792556,300.0549032564542
7156,9092,5844,559.5622514402108,1769149.9785675206,3161.667846631992,1038.3037159767448
7156,8091,5844,559.5622514402108,1037725.8636930209,1854.5315753914858,414.9306232996883
7156,9079,5844,559.5622514402108,1405601.4142037432,2511.966113843424,729.7836421181198
7156,9803,3653,559.5622514402108,2447793.9869787986,4374.480195328803,1842.036732762626
7161,8059,5844,152.69785135034343,739141.29869649,4840.5481292636905,842.3221223366172
7161,8376,5844,152.69785135034343,787494.750891494,5157.209115436076,892.7939741904338
7161,8013,5844,152.69785135034343,573870.5213189186,3758.2095376198486,529.5592965672057
7161,8084,5844,152.69785135034343,867922.1567511178,5683.918595290475,953.1865716149455
7161,9092,5844,152.69785135034343,1769149.9785675206,11585.952015188861,3298.3868904853266
7161,8091,5844,152.69785135034343,1037725.8636930209,6795.942801527095,1318.1130985986474
7161,9079,5844,152.69785135034343,1405601.4142037432,9205.115866226508,2318.308950467971
7161,9803,3653,152.69785135034343,2447793.9869787986,16030.310612312971,6105.24782593843
7080,7053,5844,2030.7980399837702,447455.9633126318,220.33503800122233,49.58156231713152
7080,7072,5844,2030.7980399837702,15565.532228346345,7.664736680793104,6.303652400425088
7080,7047,5844,2030.7980399837702,362794.78453603084,178.64641258907767,40.77041197181869
7080,7076,5844,2030.7980399837702,44511.89248946961,21.918423995438435,15.433302756692173
7080,7051,5844,2030.7980399837702,442221.9426670407,217.757715912792,51.056841118628796
7080,8059,5844,2030.7980399837702,739141.29869649,363.96593070495436,163.8479194707161
7080,8376,5844,2030.7980399837702,787494.750891494,387.7760049924942,173.66566935379143
7080,8013,5844,2030.7980399837702,573870.5213189186,282.58374787652684,103.00950987517554
7080,8084,5844,2030.7980399837702,867922.1567511178,427.379847558871,185.41319583687758
7080,9092,5844,2030.7980399837702,1769149.9785675206,871.1599793456859,641.5999476736192
7080,8091,5844,2030.7980399837702,1037725.8636930209,510.99412312871556,256.3984526886012
7080,9079,5844,2030.7980399837702,1405601.4142037432,692.1423925615845,450.95586136430245
7080,9803,3653,2030.7980399837702,2447793.9869787986,1205.3360003234793,1385.5642310168002
7072,7053,5844,15565.532228346345,447455.9633126318,28.74658937121155,7.865529246788414
7072,7047,5844,15565.532228346345,362794.78453603084,23.30757337518767,6.467744314243807
7072,7076,5844,15565.532228346345,44511.89248946961,2.8596447481833698,2.448311197433955
7072,7051,5844,15565.532228346345,442221.9426670407,28.41033227644549,8.09956480391999
7072,8059,5844,15565.532228346345,739141.29869649,47.48577098767249,25.992537193146468
7072,8376,5844,15565.532228346345,787494.750891494,50.5922148590197,27.550007253268
7072,8013,5844,15565.532228346345,573870.5213189186,36.86803078110266,16.3412420818491
7072,8084,5844,15565.532228346345,867922.1567511178,55.759234186065754,29.413613578117698
7072,9092,5844,15565.532228346345,1769149.9785675206,113.65817452394765,101.78225367095952
7072,8091,5844,15565.532228346345,1037725.8636930209,66.66819023401085,40.674586160764655
7072,9079,5844,15565.532228346345,1405601.4142037432,90.30217493263781,71.53882110217437
7072,9803,3653,15565.532228346345,2447793.9869787986,157.25732670554805,219.30624946465218
7087,7053,5844,2105.7311237964673,447455.9633126318,212.49434852152632,36.38100512310586
7087,7047,5844,2105.7311237964673,362794.78453603084,172.28922555028794,29.915728700331215
7087,7076,5844,2105.7311237964673,44511.89248946961,21.138450197391858,11.324352045753475
7087,7051,5844,2105.7311237964673,442221.9426670407,210.00874122511394,37.46350682589583
7087,8059,5844,2105.7311237964673,739141.29869649,351.0140921334137,120.2251748250119
7087,8376,5844,2105.7311237964673,787494.750891494,373.97687767073654,127.4290544952199
7087,8013,5844,2105.7311237964673,573870.5213189186,272.52791908412087,75.58433682519339
7087,8084,5844,2105.7311237964673,867922.1567511178,412.1714054291616,136.0489285207971
7087,9092,5844,2105.7311237964673,1769149.9785675206,840.1594859736331,470.7808687834187
7087,8091,5844,2105.7311237964673,1037725.8636930209,492.81024151938396,188.13512493125646
7087,9079,5844,2105.7311237964673,1405601.4142037432,667.5122945751757,330.8937180650435
7087,9803,3653,2105.7311237964673,2447793.9869787986,1162.4437513967212,1023.6164963363976
7104,7053,4494,1299.2538164660366,447455.9633126318,344.394572978596,121.99093321322616
7104,7096,4429,1299.2538164660366,15415.808227475538,11.865124452284816,6.865400471509384
7104,7098,4488,1299.2538164660366,25522.32678069419,19.64383437419086,9.357258218008168
7104,7099,4494,1299.2538164660366,29537.741673732362,22.734389000353186,10.995017836569373
7104,7102,4494,1299.2538164660366,38158.18052702494,29.369304167845346,12.086975714197125
7104,7051,4494,1299.2538164660366,442221.9426670407,340.3660909535613,126.76639479361474
7104,8059,4494,1299.2538164660366,739141.29869649,568.8967693063626,327.79730607422493
7104,8376,4494,1299.2538164660366,787494.750891494,606.1130942324075,344.00159272568237
7104,8013,4494,1299.2538164660366,573870.5213189186,441.6923883893936,208.58466087671715
7104,8084,4494,1299.2538164660366,867922.1567511178,668.0158609130442,381.4439624926157
7104,9092,4494,1299.2538164660366,1769149.9785675206,1361.6661780371744,1397.4094708430023
7104,8091,4494,1299.2538164660366,1037725.8636930209,798.7091132936824,545.30018636196
7104,9079,4494,1299.2538164660366,1405601.4142037432,1081.852826899498,948.3076179938837
7104,9803,2797,1299.2538164660366,2447793.9869787986,1883.9998435692767,3101.8036061527346
7096,7053,4912,15415.808227475538,447455.9633126318,29.025786822849334,18.01238934838457
7096,7098,4903,15415.808227475538,25522.32678069419,1.6555944653752142,1.365118726461711
7096,7099,4912,15415.808227475538,29537.741673732362,1.9160683136345296,1.6040802725689884
7096,7102,4912,15415.808227475538,38158.18052702494,2.4752630523137773,1.7640266343805546
7096,7051,4912,15415.808227475538,442221.9426670407,28.68626387547233,18.62303467215521
7096,8059,4912,15415.808227475538,739141.29869649,47.946970265180205,52.41366505976069
7096,8376,4912,15415.808227475538,787494.750891494,51.08358506224442,54.94434669947194
7096,8013,4912,15415.808227475538,573870.5213189186,37.22610665953351,32.740150019308274
7096,8084,4912,15415.808227475538,867922.1567511178,56.30078838190419,59.82576373341925
7096,9092,4912,15415.808227475538,1769149.9785675206,114.76206452895354,214.15871818215166
7096,8091,4912,15415.808227475538,1037725.8636930209,67.31569622431381,84.55053740873086
7096,9079,4912,15415.808227475538,1405601.4142037432,91.17922287710773,147.02230488699405
7096,9803,2960,15415.808227475538,2447793.9869787986,158.78466771635783,454.52326592318326
7098,7053,5502,25522.32678069419,447455.9633126318,17.53194241095213,13.431060268195418
7098,7099,5502,25522.32678069419,29537.741673732362,1.1573294992867007,1.1807590354663977
7098,7102,5468,25522.32678069419,38158.18052702494,1.4950901951419595,1.2999158680336198
7098,7051,5502,25522.32678069419,442221.9426670407,17.32686625584427,13.827344501647536
7098,8059,5502,25522.32678069419,739141.29869649,28.960576559014886,42.26026819541808
7098,8376,5502,25522.32678069419,787494.750891494,30.855131573943222,44.696248121895984
7098,8013,5502,25522.32678069419,573870.5213189186,22.48503932458895,26.509657892799773
7098,8084,5502,25522.32678069419,867922.1567511178,34.006388375515925,48.028224168763074
7098,9092,5502,25522.32678069419,1769149.9785675206,69.3177386908844,167.8526703932869
7098,8091,5502,25522.32678069419,1037725.8636930209,40.65953204854293,66.73182796350741
7098,9079,5502,25522.32678069419,1405601.4142037432,55.073404015302394,117.08878298859932
7098,9803,3311,25522.32678069419,2447793.9869787986,95.9079478925244,373.5010114748439
7108,7053,3845,905.7164815416882,447455.9633126318,494.0353548065984,746.6160586809823
7108,7098,3845,905.7164815416882,25522.32678069419,28.17915683421231,58.00699137572505
7108,7099,3845,905.7164815416882,29537.741673732362,32.61256946926035,67.8956364896894
7108,7102,3845,905.7164815416882,38158.18052702494,42.13038109019837,74.56596002178917
7108,7051,3845,905.7164815416882,442221.9426670407,488.25648166885674,776.3647110499504
7108,8059,3845,905.7164815416882,739141.29869649,816.0846288656932,1781.7974259633313
7108,8376,3845,905.7164815416882,787494.750891494,869.4715917624022,1874.683736190028
7108,8013,3845,905.7164815416882,573870.5213189186,633.6094495510233,1131.3623826044175
7108,8084,3845,905.7164815416882,867922.1567511178,958.2713513987977,2130.540781213325
7108,9092,3845,905.7164815416882,1769149.9785675206,1953.3154299633782,8131.054469617759
7108,8091,3845,905.7164815416882,1037725.8636930209,1145.751330401573,3093.0732332636685
7108,9079,3845,905.7164815416882,1405601.4142037432,1551.9220891411442,5345.273543835803
7108,9803,2410,905.7164815416882,2447793.9869787986,2702.605105310907,16785.322086796088
7190,7053,4126,1340.8957021238712,447455.9633126318,333.69930457969065,61.89366780318906
7190,7072,4126,1340.8957021238712,15565.532228346345,11.608309433531476,8.000847344306033
7190,7047,4126,1340.8957021238712,362794.78453603084,270.5615238839181,51.455732232434066
7190,7076,4126,1340.8957021238712,44511.89248946961,33.19564110688575,19.67852120659884
7190,7051,4126,1340.8957021238712,442221.9426670407,329.79592817442597,64.36864382099851
7190,8059,4126,1340.8957021238712,739141.29869649,551.2295233147138,157.71523163757004
7190,8376,4126,1340.8957021238712,787494.750891494,587.2900850112097,165.61065395932093
7190,8013,4126,1340.8957021238712,573870.5213189186,427.9755095120029,99.75309257944778
7190,8084,4126,1340.8957021238712,867922.1567511178,647.2704442085978,185.35225411449824
7190,9092,4126,1340.8957021238712,1769149.9785675206,1319.3792595243083,691.4570379206662
7190,8091,4126,1340.8957021238712,1037725.8636930209,773.9049816099391,267.49276253165255
7190,9079,4126,1340.8957021238712,1405601.4142037432,1048.255589138949,462.0084043109276
7190,9803,2593,1340.8957021238712,2447793.9869787986,1825.4917090879549,1462.5430564682456
7041,7053,5844,284607.566311293,447455.9633126318,1.572185761299197,2.9423114723456596
7041,7047,5844,284607.566311293,362794.78453603084,1.2747193942806834,2.4194326534057677
7041,7051,5844,284607.566311293,442221.9426670407,1.5537954538543612,3.0298587286178558
7041,8059,5844,284607.566311293,739141.29869649,2.5970542817124027,9.723203357230284
7041,8376,5844,284607.566311293,787494.750891494,2.7669494563969605,10.305816666767159
7041,8013,5844,284607.566311293,573870.5213189186,2.0163572204234397,6.112878427021845
7041,8084,5844,284607.566311293,867922.1567511178,3.049539996423768,11.002948429614534
7041,9092,5844,284607.566311293,1769149.9785675206,6.216103111722937,38.074372780387215
7041,8091,5844,284607.566311293,1037725.8636930209,3.6461640045015375,15.215416247113373
7041,9079,5844,284607.566311293,1405601.4142037432,4.938735229078026,26.76100837498719
7041,9803,3653,284607.566311293,2447793.9869787986,8.600593507417488,72.4745004461173
7008,8059,5764,562.6788792027451,739141.29869649,1313.6112372722662,184.5902551236217
7008,8376,5764,562.6788792027451,787494.750891494,1399.545602293245,195.6941297810329
7008,8013,5764,562.6788792027451,573870.5213189186,1019.8899275054199,115.8491856092431
7008,8084,5764,562.6788792027451,867922.1567511178,1542.4822022480555,209.4888836096255
7008,9092,5764,562.6788792027451,1769149.9785675206,3144.1556524641805,726.1120736109582
7008,8091,5764,562.6788792027451,1037725.8636930209,1844.2594916009036,289.4950255818939
7008,9079,5764,562.6788792027451,1405601.4142037432,2498.052559206288,509.4161070325583
7008,9803,3573,562.6788792027451,2447793.9869787986,4350.250342516956,1394.7321278024162
7091,7053,4331,1167.496753578221,447455.9633126318,383.2609914684896,830.9977057757468
7091,7047,4331,1167.496753578221,362794.78453603084,310.7458615401829,690.2783807016906
7091,7076,4331,1167.496753578221,44511.89248946961,38.12592399340438,263.09605802790554
7091,7051,4331,1167.496753578221,442221.9426670407,378.77787780710287,863.4194014086626
7091,8059,4331,1167.496753578221,739141.29869649,633.0992325512864,2158.1010970886714
7091,8376,4331,1167.496753578221,787494.750891494,674.5155808595855,2281.429885927162
7091,8013,4331,1167.496753578221,573870.5213189186,491.5392865633951,1385.5025224955111
7091,8084,4331,1167.496753578221,867922.1567511178,743.4043427453248,2550.250603032925
7091,9092,4331,1167.496753578221,1769149.9785675206,1515.3361010600786,9416.428347984991
7091,8091,4331,1167.496753578221,1037725.8636930209,888.8468944453424,3646.5535365649566
7091,9079,4331,1167.496753578221,1405601.4142037432,1203.9446018978326,6327.079248193518
7091,9803,2678,1167.496753578221,2447793.9869787986,2096.6173819983983,18750.437176863357
7011,7009,5844,299.6642614687525,2386.083890596985,7.962524055761631,5.332006417246483
7011,8059,5844,299.6642614687525,739141.29869649,2466.564731722485,344.37507257441297
7011,8376,5844,299.6642614687525,787494.750891494,2627.9234868773633,365.00999024332947
7011,8013,5844,299.6642614687525,573870.5213189186,1915.044918957608,216.5050832119867
7011,8084,5844,299.6642614687525,867922.1567511178,2896.3152045464067,389.7009066629651
7011,9092,5844,299.6642614687525,1769149.9785675206,5903.773676234658,1348.5128725319694
7011,8091,5844,299.6642614687525,1037725.8636930209,3462.961711239062,538.8975095798226
7011,9079,5844,299.6642614687525,1405601.4142037432,4690.587417112843,947.8176957440362
7011,9803,3653,299.6642614687525,2447793.9869787986,8168.454840031174,2303.8611566043855
7009,8059,5844,2386.083890596985,739141.29869649,309.7717149046092,64.58639499392288
7009,8376,5844,2386.083890596985,787494.750891494,330.0364894942848,68.45640490279555
7009,8013,5844,2386.083890596985,573870.5213189186,240.5072694972763,40.60480544653821
7009,8084,5844,2386.083890596985,867922.1567511178,363.74335377368834,73.08710383439704
7009,9092,5844,2386.083890596985,1769149.9785675206,741.445003480112,252.909086562645
7009,8091,5844,2386.083890596985,1037725.8636930209,434.90753522223713,101.06842854441201
7009,9079,5844,2386.083890596985,1405601.4142037432,589.0829822634902,177.7600440761475
7009,9803,3653,2386.083890596985,2447793.9869787986,1025.8625007381338,479.7028298507038
7012,8059,5844,1039.5323201660638,739141.29869649,711.0325329552171,160.03515586537128
7012,8376,5844,1039.5323201660638,787494.750891494,757.5471542488384,169.62444535931567
7012,8013,5844,1039.5323201660638,573870.5213189186,552.046829315748,100.61246442275115
7012,8084,5844,1039.5323201660638,867922.1567511178,834.915990502795,181.09860528656014
7012,9092,5844,1039.5323201660638,1769149.9785675206,1701.871066678236,626.6698287097447
7012,8091,5844,1039.5323201660638,1037725.8636930209,998.2622411655711,250.43202545512906
7012,9079,5844,1039.5323201660638,1405601.4142037432,1352.1478716305814,440.4620564909726
7012,9803,3653,1039.5323201660638,2447793.9869787986,2354.706957632416,1058.882292847481
7053,8059,5844,447455.9633126318,739141.29869649,1.6518749537372046,3.304613888983951
7053,8376,5844,447455.9633126318,787494.750891494,1.7599379949290817,3.5026260012340535
7053,8013,5844,447455.9633126318,573870.5213189186,1.2825184339267872,2.0775769270098916
7053,8084,5844,447455.9633126318,867922.1567511178,1.9396817294056523,3.739559367874401
7053,9092,5844,447455.9633126318,1769149.9785675206,3.953796850689054,12.94029307850052
7053,8091,5844,447455.9633126318,1037725.8636930209,2.319168697653438,5.1712459371214665
7053,9079,5844,447455.9633126318,1405601.4142037432,3.1413178713670806,9.095232991649544
7053,9803,3653,447455.9633126318,2447793.9869787986,5.4704690241630685,28.39360280798056
7016,7015,5844,613.1185120486363,19742.441519105592,32.200041478342285,16.51511098198002
7016,8059,5844,613.1185120486363,739141.29869649,1205.5439269428825,155.93424407015564
7016,8376,5844,613.1185120486363,787494.750891494,1284.4086998127127,165.27780736612306
7016,8013,5844,613.1185120486363,573870.5213189186,935.9862898306937,98.03426315274974
7016,8084,5844,613.1185120486363,867922.1567511178,1415.586285025217,176.45794116185047
7016,9092,5844,613.1185120486363,1769149.9785675206,2885.4943111343878,610.6113715640943
7016,8091,5844,613.1185120486363,1037725.8636930209,1692.5371576624361,244.01468770496226
7016,9079,5844,613.1185120486363,1405601.4142037432,2292.5444046814923,429.1751862214908
7016,9803,3653,613.1185120486363,2447793.9869787986,3992.3667918619703,1098.7888090669987
7124,7053,3964,3907.965794415299,447455.9633126318,114.49843393001835,151.72059541258704
7124,7130,3964,3907.965794415299,34782.577785488,8.900430458013282,9.451166135746252
7124,7202,3964,3907.965794415299,20798.203845914824,5.322002530225985,4.820240379917529
7124,7051,3964,3907.965794415299,442221.9426670407,113.15911293261586,157.4131087181692
7124,8059,3964,3907.965794415299,739141.29869649,189.13709525113146,372.04759652654275
7124,8376,3964,3907.965794415299,787494.750891494,201.51014423331645,391.0220849863524
7124,8013,3964,3907.965794415299,573870.5213189186,146.84635217099688,236.69164272639034
7124,8084,3964,3907.965794415299,867922.1567511178,222.09052033961683,441.06938706378213
7124,9092,3964,3907.965794415299,1769149.9785675206,452.7035474813353,1666.3008931188806
7124,8091,3964,3907.965794415299,1037725.8636930209,265.5411839008389,638.7757587601868
7124,9079,3964,3907.965794415299,1405601.4142037432,359.6759767479096,1105.234851830861
7124,9803,2475,3907.965794415299,2447793.9869787986,626.3601361293471,4273.325548539122
7015,8059,5844,19742.441519105592,739141.29869649,37.43920416232166,9.441913181225289
7015,8376,5844,19742.441519105592,787494.750891494,39.88841755612659,10.007671613376449
7015,8013,5844,19742.441519105592,573870.5213189186,29.067859756026625,5.936034172565778
7015,8084,5844,19742.441519105592,867922.1567511178,43.96225035850773,10.684635504683403
7015,9092,5844,19742.441519105592,1769149.9785675206,89.61150913656954,36.972889387806426
7015,8091,5844,19742.441519105592,1037725.8636930209,52.56319805677377,14.775237536775366
7015,9079,5844,19742.441519105592,1405601.4142037432,71.19693948914492,25.986818174565872
7015,9803,3653,19742.441519105592,2447793.9869787986,123.98638661839091,68.44520473747221
7133,7053,3732,2544.441882889259,447455.9633126318,175.85623248920018,117.11018403410694
7133,7130,3732,2544.441882889259,34782.577785488,13.670022498604592,7.259296455328701
7133,7202,3732,2544.441882889259,20798.203845914824,8.173974805939798,3.717710035057747
7133,7051,3732,2544.441882889259,442221.9426670407,173.799191736653,121.14077940567076
7133,8059,3732,2544.441882889259,739141.29869649,290.49250590749665,275.6150105122397
7133,8376,3732,2544.441882889259,787494.750891494,309.49606520282543,289.30978795020224
7133,8013,3732,2544.441882889259,573870.5213189186,225.53885988831405,175.13023838759784
7133,8084,3732,2544.441882889259,867922.1567511178,341.1051211614143,330.2295934165669
7133,9092,3732,2544.441882889259,1769149.9785675206,695.2998181898419,1261.5208495211655
7133,8091,3732,2544.441882889259,1037725.8636930209,407.8402696762186,478.89860404575046
7133,9079,3732,2544.441882889259,1405601.4142037432,552.4203259096089,826.8955350310537
7133,9803,2291,2544.441882889259,2447793.9869787986,962.0160725381886,3211.8477069124347
7135,7053,3954,2578.475092738521,447455.9633126318,173.53511173047718,108.22688935384268
7135,7130,3954,2578.475092738521,34782.577785488,13.489592311146378,6.734539842570728
7135,7202,3954,2578.475092738521,20798.203845914824,8.066086775275256,3.428906860108588
7135,7051,3954,2578.475092738521,442221.9426670407,171.50522179268756,112.24906192537702
7135,8059,3954,2578.475092738521,739141.29869649,286.6583046615626,264.97348487242
7135,8376,3954,2578.475092738521,787494.750891494,305.4110365887302,278.1952540765127
7135,8013,3954,2578.475092738521,573870.5213189186,222.56197972788166,168.63798069471233
7135,8084,3954,2578.475092738521,867922.1567511178,336.6028856339751,313.8516870103566
7135,9092,3954,2578.475092738521,1769149.9785675206,686.1225782439338,1185.5813431035579
7135,8091,3954,2578.475092738521,1037725.8636930209,402.45719906911467,453.5999354731037
7135,9079,3954,2578.475092738521,1405601.4142037432,545.1289477886312,785.8574290120508
7135,9803,2448,2578.475092738521,2447793.9869787986,949.3184533262526,2448.4121125875763
7056,7053,5844,8873.991520042948,447455.9633126318,50.423303008798264,20.118527930275658
7056,7047,5844,8873.991520042948,362794.78453603084,40.882931172135606,16.543259906525133
7056,7060,5844,8873.991520042948,23658.98236877229,2.6661037837748336,2.1940655125435056
7056,7051,5844,8873.991520042948,442221.9426670407,49.83348718197789,20.717146376040347
7056,8059,5844,8873.991520042948,739141.29869649,83.29299132493567,66.48396682430048
7056,8376,5844,8873.991520042948,787494.750891494,88.74188679500594,70.46767903513704
7056,8013,5844,8873.991520042948,573870.5213189186,64.6688156082598,41.797789433344775
7056,8084,5844,8873.991520042948,867922.1567511178,97.80515958245104,75.23442958950513
7056,9092,5844,8873.991520042948,1769149.9785675206,199.36349663752648,260.3396477257655
7056,8091,5844,8873.991520042948,1037725.8636930209,116.94014597029934,104.03785582030274
7056,9079,5844,8873.991520042948,1405601.4142037432,158.39562287489548,182.98269897486597
7056,9803,3653,8873.991520042948,2447793.9869787986,275.83911720561935,525.8506946877337
7060,7053,5844,23658.98236877229,447455.9633126318,18.912730748015314,9.169520151179501
7060,7047,5844,23658.98236877229,362794.78453603084,15.334335977818178,7.540002708190373
7060,7051,5844,23658.98236877229,442221.9426670407,18.691503115989196,9.442355416280922
7060,8059,5844,23658.98236877229,739141.29869649,31.241466229422002,30.301723646905998
7060,8376,5844,23658.98236877229,787494.750891494,33.28523343129566,32.117399700360934
7060,8013,5844,23658.98236877229,573870.5213189186,24.255925820223595,19.050383497842784
7060,8084,5844,23658.98236877229,867922.1567511178,36.684678285093796,34.2899649802564
7060,9092,5844,23658.98236877229,1769149.9785675206,74.77709526943298,118.65627814547915
7060,8091,5844,23658.98236877229,1037725.8636930209,43.86181313794481,47.417843827140416
7060,9079,5844,23658.98236877229,1405601.4142037432,59.4108990950942,83.39892219660311
7060,9803,3653,23658.98236877229,2447793.9869787986,103.46150771935417,227.53243592938344
7062,7053,4567,1011.4925964276927,447455.9633126318,442.37196089513697,142.72804456001555
7062,7047,4567,1011.4925964276927,362794.78453603084,358.6727039004734,118.53657812279893
7062,7056,4567,1011.4925964276927,8873.991520042948,8.77316507444878,7.315413257594505
7062,7060,4567,1011.4925964276927,23658.98236877229,23.39016860066911,15.917331348488714
7062,7051,4567,1011.4925964276927,442221.9426670407,437.1974092829193,148.47582969424002
7062,8059,4567,1011.4925964276927,739141.29869649,730.7431624382908,388.2484000045687
7062,8376,4567,1011.4925964276927,787494.750891494,778.5472218706335,408.7734193263458
7062,8013,4567,1011.4925964276927,573870.5213189186,567.350194500353,246.24053423285883
7062,8084,4567,1011.4925964276927,867922.1567511178,858.0608101496489,451.441690112961
7062,9092,4567,1011.4925964276927,1769149.9785675206,1749.048865820334,1646.4021137833752
7062,8091,4567,1011.4925964276927,1037725.8636930209,1025.9352044275724,639.5537906851902
7062,9079,4567,1011.4925964276927,1405601.4142037432,1389.6309465515933,1116.8421172860421
7062,9803,2764,1011.4925964276927,2447793.9869787986,2419.982109235123,3255.310481794248
7063,7053,5545,170.85915745738185,447455.9633126318,2618.858538057831,907.7388601278727
7063,7047,5545,170.85915745738185,362794.78453603084,2123.3558091641903,746.9435094321551
7063,7056,5545,170.85915745738185,8873.991520042948,51.93746505660035,45.29613870409819
7063,7060,5545,170.85915745738185,23658.98236877229,138.4706721070754,99.2412175725686
7063,7051,5545,170.85915745738185,442221.9426670407,2588.224999162518,934.9843623017961
7063,8059,5545,170.85915745738185,739141.29869649,4326.026826398563,2888.953500742311
7063,8376,5545,170.85915745738185,787494.750891494,4609.028644472405,3056.018442796002
7063,8013,5545,170.85915745738185,573870.5213189186,3358.7343509057255,1818.805729521013
7063,8084,5545,170.85915745738185,867922.1567511178,5079.752058168772,3272.4831714239026
7063,9092,5545,170.85915745738185,1769149.9785675206,10354.434640173193,11438.070607451917
7063,8091,5545,170.85915745738185,1037725.8636930209,6073.574745046167,4555.14061864233
7063,9079,5545,170.85915745738185,1405601.4142037432,8226.667128183331,7970.9767596934535
7063,9803,3515,170.85915745738185,2447793.9869787986,14326.384511110344,22741.63645509107
7064,7053,4428,3606.7330772498776,447455.9633126318,124.06129140385835,46.925301662414846
7064,7047,4428,3606.7330772498776,362794.78453603084,100.588199006027,39.01402860914603
7064,7056,4428,3606.7330772498776,8873.991520042948,2.4603959677574303,2.4153017088283817
7064,7060,4428,3606.7330772498776,23658.98236877229,6.559670999222429,5.249106873773827
7064,7051,4428,3606.7330772498776,442221.9426670407,122.61011092182999,48.8143973843534
7064,8059,4428,3606.7330772498776,739141.29869649,204.93373999832636,124.24785803499722
7064,8376,4428,3606.7330772498776,787494.750891494,218.340180441619,131.09906229711285
7064,8013,4428,3606.7330772498776,573870.5213189186,159.11089316221123,79.5132400117088
7064,8084,4428,3606.7330772498776,867922.1567511178,240.63942026253454,145.44883108297174
7064,9092,4428,3606.7330772498776,1769149.9785675206,490.5131432449922,536.0345159371101
7064,8091,4428,3606.7330772498776,1037725.8636930209,287.71906361428984,208.30510590585493
7064,9079,4428,3606.7330772498776,1405601.4142037432,389.71595183181944,361.75921271315514
7064,9803,2789,3606.7330772498776,2447793.9869787986,678.6734517224751,1080.367658368479
7066,7053,5844,4232.807466972363,447455.9633126318,105.71139056147233,27.55082058610773
7066,7047,5844,4232.807466972363,362794.78453603084,85.71020235785264,22.65475819968595
7066,7051,5844,4232.807466972363,442221.9426670407,104.47485412875456,28.370583814111047
7066,8059,5844,4232.807466972363,739141.29869649,174.62199839322767,91.04482436175655
7066,8376,5844,4232.807466972363,787494.750891494,186.04549274592264,96.50022054023536
7066,8013,5844,4232.807466972363,573870.5213189186,135.57680707112246,57.23894916988655
7066,8084,5844,4232.807466972363,867922.1567511178,205.046452862153,103.02792921540606
7066,9092,5844,4232.807466972363,1769149.9785675206,417.9613630839099,356.5156929374195
7066,8091,5844,4232.807466972363,1037725.8636930209,245.16254797558372,142.47206902027204
7066,9079,5844,4232.807466972363,1405601.4142037432,332.07308037781837,250.58113234178444
7066,9803,3653,4232.807466972363,2447793.9869787986,578.2908875677385,704.5465348042535
7099,7053,5844,29537.741673732362,447455.9633126318,15.14861793616911,11.422114863591732
7099,7102,5792,29537.741673732362,38158.18052702494,1.2918448860617755,1.102151704926183
7099,7051,5844,29537.741673732362,442221.9426670407,14.971420210513402,11.761975149129798
7099,8059,5844,29537.741673732362,739141.29869649,25.023622552491936,37.74567941979526
7099,8376,5844,29537.741673732362,787494.750891494,26.660628276528186,40.007396510298356
7099,8013,5844,29537.741673732362,573870.5213189186,19.428381751650846,23.730322298254915
7099,8084,5844,29537.741673732362,867922.1567511178,29.38349743653398,42.713676639081896
7099,9092,5844,29537.741673732362,1769149.9785675206,59.894557888317145,147.805513911174
7099,8091,5844,29537.741673732362,1037725.8636930209,35.13220053027482,59.06656508168346
7099,9079,5844,29537.741673732362,1405601.4142037432,47.586624249399925,103.88679594175014
7099,9803,3653,29537.741673732362,2447793.9869787986,82.87004517869418,335.80627165922675
7076,7053,5844,44511.89248946961,447455.9633126318,10.052503685806856,3.212634592788768
7076,7047,5844,44511.89248946961,362794.78453603084,8.150513587393727,2.6417165926547943
7076,7051,5844,44511.89248946961,442221.9426670407,9.934916669104986,3.3082252012771267
7076,8059,5844,44511.89248946961,739141.29869649,16.60547906093528,10.61651689556006
7076,8376,5844,44511.89248946961,787494.750891494,17.691783180816124,11.252657457165913
7076,8013,5844,44511.89248946961,573870.5213189186,12.892521284164268,6.6744955048917625
7076,8084,5844,44511.89248946961,867922.1567511178,19.49865773414254,12.013837787020599
7076,9092,5844,44511.89248946961,1769149.9785675206,39.74555741448326,41.57243318481583
7076,8091,5844,44511.89248946961,1037725.8636930209,23.313451881169076,16.613323585414793
7076,9079,5844,44511.89248946961,1405601.4142037432,31.578109480208532,29.219660138446997
7076,9803,3653,44511.89248946961,2447793.9869787986,54.99191002849148,90.96386269957534
7119,7053,4018,1042.4217952595607,447455.9633126318,429.24655388773436,2116.645012667496
7119,7051,4018,1042.4217952595607,442221.9426670407,424.22553392307805,2197.8715097965774
7119,8059,4018,1042.4217952595607,739141.29869649,709.0616313451558,5181.914689512666
7119,8376,4018,1042.4217952595607,787494.750891494,755.4473193793973,5494.629571991386
7119,8013,4018,1042.4217952595607,573870.5213189186,550.5166180605675,3314.757378650886
7119,8084,4018,1042.4217952595607,867922.1567511178,832.6016979863771,6234.778728375405
7119,9092,4018,1042.4217952595607,1769149.9785675206,1697.1536729304535,23468.01712093244
7119,8091,4018,1042.4217952595607,1037725.8636930209,995.4951713520433,8957.652027754642
7119,9079,4018,1042.4217952595607,1405601.4142037432,1348.3998709502728,15523.502223100551
7119,9803,2499,1042.4217952595607,2447793.9869787986,2348.1799767715943,45572.401003728446
7102,7053,5792,38158.18052702494,447455.9633126318,11.726344315492927,10.36018941612629
7102,7051,5792,38158.18052702494,442221.9426670407,11.589177905215996,10.666969072416837
7102,8059,5792,38158.18052702494,739141.29869649,19.37045447366141,34.04750222455459
7102,8376,5792,38158.18052702494,787494.750891494,20.637638902456658,36.067685949326766
7102,8013,5792,38158.18052702494,573870.5213189186,15.039252747192274,21.400702535653625
7102,8084,5792,38158.18052702494,867922.1567511178,22.745375821481463,38.581166398277134
7102,9092,5792,38158.18052702494,1769149.9785675206,46.36358322469143,133.64746350316258
7102,8091,5792,38158.18052702494,1037725.8636930209,27.19537067439753,53.437560626665096
7102,9079,5792,38158.18052702494,1405601.4142037432,36.83617496406171,93.8700876051576
7102,9803,3601,38158.18052702494,2447793.9869787986,64.14860334457474,300.69787674211676
7130,7053,5844,34782.577785488,447455.9633126318,12.864370377382425,15.801359913122283
7130,7051,5844,34782.577785488,442221.9426670407,12.713892150096612,16.271522816936297
7130,8059,5844,34782.577785488,739141.29869649,21.25033122199686,52.21739343373813
7130,8376,5844,34782.577785488,787494.750891494,22.6404942079955,55.346254086559576
7130,8013,5844,34782.577785488,573870.5213189186,16.498792149854662,32.82854077088188
7130,8084,5844,34782.577785488,867922.1567511178,24.952784181315987,59.090123488271466
7130,9092,5844,34782.577785488,1769149.9785675206,50.863107084192194,204.47422831467188
7130,8091,5844,34782.577785488,1037725.8636930209,29.834645094245467,81.71271825172762
7130,9079,5844,34782.577785488,1405601.4142037432,40.41107657035669,143.71704999475836
7130,9803,3653,34782.577785488,2447793.9869787986,70.37413966483152,420.49381399321567
7142,7053,5844,5477.572638120686,447455.9633126318,81.68873201216928,44.54034433239062
7142,7130,5844,5477.572638120686,34782.577785488,6.349998454319292,2.8187665224562077
7142,7051,5844,5477.572638120686,442221.9426670407,80.73319550149566,45.86562378576236
7142,8059,5844,5477.572638120686,739141.29869649,134.93957041345303,147.18864050094564
7142,8376,5844,5477.572638120686,787494.750891494,143.7671032257963,156.0081681625492
7142,8013,5844,5477.572638120686,573870.5213189186,104.76730464971236,92.53599170605054
7142,8084,5844,5477.572638120686,867922.1567511178,158.45014098231937,166.56126189654285
7142,9092,5844,5477.572638120686,1769149.9785675206,322.980651366497,576.3651094784642
7142,8091,5844,5477.572638120686,1037725.8636930209,189.44995023362335,230.32907466686615
7142,9079,5844,5477.572638120686,1405601.4142037432,256.6102737591435,405.10480923138994
7142,9803,3653,5477.572638120686,2447793.9869787986,446.87567809573005,1112.2993698407797
7197,7053,5173,4201.627359489065,447455.9633126318,106.49587053504055,298.4304949298275
7197,7130,5173,4201.627359489065,34782.577785488,8.2783585524152,18.836512458543947
7197,7051,5173,4201.627359489065,442221.9426670407,105.25015781523678,308.82687786910253
7197,8059,5173,4201.627359489065,739141.29869649,175.91786121327345,889.7624167633421
7197,8376,5173,4201.627359489065,787494.750891494,187.42612885766636,943.130187149078
7197,8013,5173,4201.627359489065,573870.5213189186,136.58291709827012,566.845246707926
7197,8084,5173,4201.627359489065,867922.1567511178,206.5680943339679,1023.7226416265022
7197,9092,5173,4201.627359489065,1769149.9785675206,421.0630375328326,3651.1401364796557
7197,8091,5173,4201.627359489065,1037725.8636930209,246.98188937421915,1425.522804896943
7197,9079,5173,4201.627359489065,1405601.4142037432,334.53738133851783,2514.545743333357
7197,9803,3126,4201.627359489065,2447793.9869787986,582.5823609632198,6438.01494802828
7185,7053,5844,5012.590175814664,447455.9633126318,89.2664166864409,43.572462467984465
7185,7047,5844,5012.590175814664,362794.78453603084,72.37670980693493,35.82919057862212
7185,7060,5844,5012.590175814664,23658.98236877229,4.719911570454121,4.751880332841584
7185,7051,5844,5012.590175814664,442221.9426670407,88.22224182633667,44.86894299832552
7185,8059,5844,5012.590175814664,739141.29869649,147.45695793420057,143.9901646489334
7185,8376,5844,5012.590175814664,787494.750891494,157.10335839763871,152.6180399781573
7185,8013,5844,5012.590175814664,573870.5213189186,114.48582493095022,90.525142676489
7185,8084,5844,5012.590175814664,867922.1567511178,173.14843749620127,162.94181020350706
7185,9092,5844,5012.590175814664,1769149.9785675206,352.94127716714684,563.8404344876831
7185,8091,5844,5012.590175814664,1037725.8636930209,207.02387933088227,225.32391950794226
7185,9079,5844,5012.590175814664,1405601.4142037432,280.4141900500174,396.3016981662238
7185,9803,3653,5012.590175814664,2447793.9869787986,488.32916738120815,1073.1613855315154
7202,7053,5844,20798.203845914824,447455.9633126318,21.514163753160876,32.38848100168377
7202,7130,5844,20798.203845914824,34782.577785488,1.6723837329020113,2.0497274399013383
7202,7051,5844,20798.203845914824,442221.9426670407,21.26250641369215,33.35218680685505
7202,8059,5844,20798.203845914824,739141.29869649,35.538708254447265,107.03142416125702
7202,8376,5844,20798.203845914824,787494.750891494,37.86359421831388,113.44473569697274
7202,8013,5844,20798.203845914824,573870.5213189186,27.59231160394834,67.28956082999642
7202,8084,5844,20798.203845914824,867922.1567511178,41.73063035544749,121.11864754106861
7202,9092,5844,20798.203845914824,1769149.9785675206,85.06263289245607,419.1164365292341
7202,8091,5844,20798.203845914824,1037725.8636930209,49.89497513252091,167.488800789493
7202,9079,5844,20798.203845914824,1405601.4142037432,67.58282708532212,294.5807809559287
7202,9803,3653,20798.203845914824,2447793.9869787986,117.69256639243842,1002.519398123723
7036,8059,5844,5004.400609540282,739141.29869649,147.69826725850183,57.18236174221311
7036,8376,5844,5004.400609540282,787494.750891494,157.36045379545172,60.608722767254505
7036,8013,5844,5004.400609540282,573870.5213189186,114.67317788765834,35.949965526557186
7036,8084,5844,5004.400609540282,867922.1567511178,173.43179023208685,64.70856920474388
7036,9092,5844,5004.400609540282,1769149.9785675206,353.5188560234069,223.91618044448248
7036,8091,5844,5004.400609540282,1037725.8636930209,207.36266831131036,89.48218029954108
7036,9079,5844,5004.400609540282,1405601.4142037432,280.87308028940265,157.38204841175053
7036,9803,3653,5004.400609540282,2447793.9869787986,489.128304858803,492.44937164421003
7203,8059,5844,448.94510382208006,739141.29869649,1646.3957227817693,459.1754456486896
7203,8376,5844,448.94510382208006,787494.750891494,1754.1003213693214,486.68918944471125
7203,8013,5844,448.94510382208006,573870.5213189186,1278.2643499913238,288.678902703067
7203,8084,5844,448.94510382208006,867922.1567511178,1933.2478500424434,519.6110338328846
7203,9092,5844,448.94510382208006,1769149.9785675206,3940.6821981260464,1798.0511614238958
7203,8091,5844,448.94510382208006,1037725.8636930209,2311.4760688074653,718.5435991939138
7203,9079,5844,448.94510382208006,1405601.4142037432,3130.898192757198,1263.7808235755515
7203,9803,3653,448.94510382208006,2447793.9869787986,5452.323605134751,3739.4390424660464
7112,7053,5425,2294.337562382746,447455.9633126318,195.0262117697859,84.94089254681961
7112,7098,5176,2294.337562382746,25522.32678069419,11.124050444516284,6.255834314831538
7112,7099,5425,2294.337562382746,29537.741673732362,12.874191730992031,7.36762844572171
7112,7102,5373,2294.337562382746,38158.18052702494,16.63145874986085,8.081366478974374
7112,7051,5425,2294.337562382746,442221.9426670407,192.74493427539863,87.89931579964677
7112,8059,5425,2294.337562382746,739141.29869649,322.15891454475735,282.968825375337
7112,8376,5425,2294.337562382746,787494.750891494,343.2340401007315,299.8916778400067
7112,8013,5425,2294.337562382746,573870.5213189186,250.1247116936598,176.68266775397163
7112,8084,5425,2294.337562382746,867922.1567511178,378.2887797250513,320.9125254520415
7112,9092,5425,2294.337562382746,1769149.9785675206,771.0940218971961,1135.064729368217
7112,8091,5425,2294.337562382746,1037725.8636930209,452.298685558418,446.31178737823143
7112,9079,5425,2294.337562382746,1405601.4142037432,612.6393244174494,788.3865100864076
7112,9803,3435,2294.337562382746,2447793.9869787986,1066.8848503864806,2256.0642285549584
7028,7022,3834,190.91458273601592,9466.966628675107,49.587446349058645,25.777716584523223
7028,7024,3834,190.91458273601592,19460.673124224308,101.93392691816132,66.5943863069894
7028,8059,3834,190.91458273601592,739141.29869649,3871.581144320053,1558.8285107717513
7028,8376,3834,190.91458273601592,787494.750891494,4124.8538461851795,1666.809509648098
7028,8013,3834,190.91458273601592,573870.5213189186,3005.9019750860457,940.9806667175066
7028,8084,3834,190.91458273601592,867922.1567511178,4546.1281391543735,1743.0813755161926
7028,9092,3834,190.91458273601592,1769149.9785675206,9266.709505442988,6505.22349978594
7028,8091,3834,190.91458273601592,1037725.8636930209,5435.55054213915,2555.261787756296
7028,9079,3834,190.91458273601592,1405601.4142037432,7362.462280565105,4500.623981126517
7028,9803,3653,190.91458273601592,2447793.9869787986,12821.409197240038,10896.121195598866
7118,7053,2667,1834.889539196051,447455.9633126318,243.8598911565449,99.31889885658357
7118,7051,2667,1834.889539196051,442221.9426670407,241.0073921184369,103.89453335460138
7118,8059,2667,1834.889539196051,739141.29869649,402.82604642257735,413.0626630881525
7118,8376,2667,1834.889539196051,787494.750891494,429.17828788567374,443.80616221029015
7118,8013,2667,1834.889539196051,573870.5213189186,312.7548057036488,252.1668088549885
7118,8084,2667,1834.889539196051,867922.1567511178,473.01057541120116,451.5451077861584
7118,9092,2667,1834.889539196051,1769149.9785675206,964.1724696641228,1651.4937176845776
7118,8091,2667,1834.889539196051,1037725.8636930209,565.5522261834334,670.6959061434803
7118,9079,2667,1834.889539196051,1405601.4142037432,766.0414341996857,1127.5833791392781
7118,9803,2667,1834.889539196051,2447793.9869787986,1334.0279808076561,2797.2917905557683
7017,7015,2738,1202.2855362165378,19742.441519105592,16.420759398996776,15.026496701451014
7017,8059,2738,1202.2855362165378,739141.29869649,614.7801636394025,140.6669215388736
7017,8376,2738,1202.2855362165378,787494.750891494,654.9981074958737,151.24692631754215
7017,8013,2738,1202.2855362165378,573870.5213189186,477.3163312974943,85.84838454537373
7017,8084,2738,1202.2855362165378,867922.1567511178,721.8935357755153,155.07598164534613
7017,9092,2738,1202.2855362165378,1769149.9785675206,1471.4890309126097,581.2064173530165
7017,8091,2738,1202.2855362165378,1037725.8636930209,863.127628532097,232.22700558591214
7017,9079,2738,1202.2855362165378,1405601.4142037432,1169.1078132961811,390.4744455769627
7017,9803,2738,1202.2855362165378,2447793.9869787986,2035.9506234115906,999.6400267386002
7047,7053,5844,362794.78453603084,447455.9633126318,1.2333583127025158,1.2161162941253396
7047,7051,5844,362794.78453603084,442221.9426670407,1.2189313670332589,1.2523013295504664
7047,8059,5844,362794.78453603084,739141.29869649,2.0373537057368654,4.018794796186289
7047,8376,5844,362794.78453603084,787494.750891494,2.1706341558867814,4.259600552327814
7047,8013,5844,362794.78453603084,573870.5213189186,1.5818047716778156,2.5265751532355805
7047,8084,5844,362794.78453603084,867922.1567511178,2.392322584959653,4.547739080121114
7047,9092,5844,362794.78453603084,1769149.9785675206,4.876448212534373,15.736901263521835
7047,8091,5844,362794.78453603084,1037725.8636930209,2.8603659918103355,6.288836445062877
7047,9079,5844,362794.78453603084,1405601.4142037432,3.8743705094915617,11.06086104001137
7047,9803,3653,362794.78453603084,2447793.9869787986,6.7470484453331405,34.05252907568904
8139,8145,5280,312.6668774747018,7693.868546120837,24.607238887155088,16.07301415213937
8139,8059,5814,312.6668774747018,739141.29869649,2363.989766572875,4675.707137015318
8139,8376,5814,312.6668774747018,787494.750891494,2518.6382300927,4957.125711346062
8139,8084,5814,312.6668774747018,867922.1567511178,2775.868565807206,5293.109231044745
8139,9092,5814,312.6668774747018,1769149.9785675206,5658.258376634936,18347.46200393985
8139,8091,5814,312.6668774747018,1037725.8636930209,3318.9504180115287,7324.781796841047
8139,9079,5814,312.6668774747018,1405601.4142037432,4495.523880099746,12887.32318523343
8139,9803,3653,312.6668774747018,2447793.9869787986,7828.760138421929,30922.942127440503
8145,8059,5310,7693.868546120837,739141.29869649,96.06887539937979,273.610428865305
8145,8376,5310,7693.868546120837,787494.750891494,102.35354895536136,289.8163780004294
8145,8084,5310,7693.868546120837,867922.1567511178,112.80699059885998,314.06761410375435
8145,9092,5310,7693.868546120837,1769149.9785675206,229.9428392833026,1103.8297694126315
8145,8091,5310,7693.868546120837,1037725.8636930209,134.87699425489023,437.6095961860799
8145,9079,5310,7693.868546120837,1405601.4142037432,182.69111381067614,766.4778820848833
8145,9803,3176,7693.868546120837,2447793.9869787986,318.1486624453636,1856.050106435463
11056,10031,5074,1042906.3032989879,2398595.9215495987,2.2999150680767837,5.083927672056076
11056,11061,5603,1042906.3032989879,1195953.1948647194,1.146750375447539,1.36098174658007
11056,11801,5844,1042906.3032989879,2663201.4639564455,2.5536344497411094,6.181856341481122
8147,8145,4131,1016.5298244713572,7693.868546120837,7.568758299956429,16.515799923625465
8147,8059,4140,1016.5298244713572,739141.29869649,727.1220980465358,3705.744703721205
8147,8376,4140,1016.5298244713572,787494.750891494,774.6892731858879,3897.522128977166
8147,8084,4140,1016.5298244713572,867922.1567511178,853.8088463882284,4360.977332445915
8147,9092,4140,1016.5298244713572,1769149.9785675206,1740.3817733410438,16296.48134509498
8147,8091,4140,1016.5298244713572,1037725.8636930209,1020.8513697398762,6276.153277302238
8147,9079,4140,1016.5298244713572,1405601.4142037432,1382.7448839828396,10897.640446998217
8147,9803,2542,1016.5298244713572,2447793.9869787986,2407.9903295033823,26085.52375177344
8150,8145,5310,278.9403735889475,7693.868546120837,27.58248455441838,6.20759165612295
8150,8059,5844,278.9403735889475,739141.29869649,2649.8182718637368,1793.6066352255225
8150,8376,5844,278.9403735889475,787494.750891494,2823.16518315116,1901.079353769353
8150,8084,5844,278.9403735889475,867922.1567511178,3111.4970758234745,2029.67690639996
8150,9092,5844,278.9403735889475,1769149.9785675206,6342.394812930801,7023.451545952804
8150,8091,5844,278.9403735889475,1037725.8636930209,3720.2426107818865,2806.7366829520497
8150,9079,5844,278.9403735889475,1405601.4142037432,5039.0748249124645,4936.513248075841
8150,9803,3653,278.9403735889475,2447793.9869787986,8775.330567908108,11067.553958780507
8155,8161,4875,3941.3817188920975,8416.597040336352,2.135443263460971,1.3784819738822602
8155,8059,4875,3941.3817188920975,739141.29869649,187.53354823603811,31.17950437509842
8155,8376,4875,3941.3817188920975,787494.750891494,199.8016957141758,32.992523646224825
8155,8084,4875,3941.3817188920975,867922.1567511178,220.20758674323133,36.1090484112391
8155,9092,4875,3941.3817188920975,1769149.9785675206,448.8654245508653,131.06668719392758
8155,8091,4875,3941.3817188920975,1037725.8636930209,263.28986576431384,50.334750920960545
8155,9079,4875,3941.3817188920975,1405601.4142037432,356.62656257482485,89.79124552379798
8155,9803,3016,3941.3817188920975,2447793.9869787986,621.0497134154418,232.6861846986267
8162,8161,5844,1079.5380986496614,8416.597040336352,7.796479856398065,8.875847784682845
8162,8059,5844,1079.5380986496614,739141.29869649,684.6829209835612,231.77237274611835
8162,8376,5844,1079.5380986496614,787494.750891494,729.4737924270859,245.66014863475255
8162,8084,5844,1079.5380986496614,867922.1567511178,803.9754760269757,262.27770530363273
8162,9092,5844,1079.5380986496614,1769149.9785675206,1638.8027257032052,907.5802897373841
8162,8091,5844,1079.5380986496614,1037725.8636930209,961.2684026539301,362.69046283917845
8162,9079,5844,1079.5380986496614,1405601.4142037432,1302.0396556285857,637.903186868688
8162,9803,3653,1079.5380986496614,2447793.9869787986,2267.445669625387,1710.957469778088
8161,8059,5844,8416.597040336352,739141.29869649,87.8194946430454,26.112702512326837
8161,8376,5844,8416.597040336352,787494.750891494,93.56450678551475,27.677372865574725
8161,8084,5844,8416.597040336352,867922.1567511178,103.12031722460044,29.549594772935205
8161,9092,5844,8416.597040336352,1769149.9785675206,210.19777590502542,102.25280015545174
8161,8091,5844,8416.597040336352,1037725.8636930209,123.295181974347,40.86262762021197
8161,9079,5844,8416.597040336352,1405601.4142037432,167.00352974811912,71.86955008055962
8161,9803,3653,8416.597040336352,2447793.9869787986,290.82941422142477,186.1586849372984
8184,8059,5828,712.840173075218,739141.29869649,1036.896244929362,1202.0869370265511
8184,8376,5828,712.840173075218,787494.750891494,1104.72835375455,1273.892750586796
8184,8084,5828,712.840173075218,867922.1567511178,1217.5550558645855,1360.1703295588547
8184,9092,5828,712.840173075218,1769149.9785675206,2481.832597811294,4710.707983679913
8184,8091,5828,712.840173075218,1037725.8636930209,1455.7623193656923,1882.6694402971514
8184,9079,5828,712.840173075218,1405601.4142037432,1971.832491061676,3310.380055783018
8184,9803,3653,712.840173075218,2447793.9869787986,3433.8608841571427,8568.97757377357
8182,8172,3270,3981.1538216853655,16359.191459515321,4.1091583476143825,2.7052327046887115
8182,8059,3270,3981.1538216853655,739141.29869649,185.66007037215783,27.644615826214775
8182,8376,3270,3981.1538216853655,787494.750891494,197.8056578979707,29.384521466998955
8182,8084,3270,3981.1538216853655,867922.1567511178,218.0076921478244,34.385573068032144
8182,9092,3270,3981.1538216853655,1769149.9785675206,444.38121655359095,132.33463985085598
8182,8091,3270,3981.1538216853655,1037725.8636930209,260.6595751313408,49.84453134086042
8182,9079,3270,3981.1538216853655,1405601.4142037432,353.0638295228446,85.6634634125107
8384,8161,5844,330.6852966433912,8416.597040336352,25.451984487271453,52.87417256639055
8384,8059,5844,330.6852966433912,739141.29869649,2235.18041533481,1380.6875388115893
8384,8376,5844,330.6852966433912,787494.750891494,2381.402375264126,1463.4181890787333
8384,8084,5844,330.6852966433912,867922.1567511178,2624.616714323042,1562.4103732910883
8384,9092,5844,330.6852966433912,1769149.9785675206,5349.950531593668,5406.532200816002
8384,8091,5844,330.6852966433912,1037725.8636930209,3138.107058966391,2160.577624307244
8384,9079,5844,330.6852966433912,1405601.4142037432,4250.571248468705,3800.0429932283573
8384,9803,3653,330.6852966433912,2447793.9869787986,7402.185739205947,10324.142131007306
8172,8059,5844,16359.191459515321,739141.29869649,45.18201896014663,15.114396961192691
8172,8376,5844,16359.191459515321,787494.750891494,48.13775502538347,16.02005001725743
8172,8084,5844,16359.191459515321,867922.1567511178,53.054098602549885,17.103718208779522
8172,9092,5844,16359.191459515321,1769149.9785675206,108.14409642100587,59.18534901599845
8172,8091,5844,16359.191459515321,1037725.8636930209,63.43381127735551,23.65185964331833
8172,9079,5844,16359.191459515321,1405601.4142037432,85.92120323808396,41.59909947379483
8172,9803,3653,16359.191459515321,2447793.9869787986,149.62805423705947,109.79960525393646
7168,8059,5844,1135.2122510007316,739141.29869649,651.1040539290424,120.19616344842196
7168,8376,5844,1135.2122510007316,787494.750891494,693.6982491135805,127.39830476003472
7168,8013,5844,1135.2122510007316,573870.5213189186,505.5182595263841,75.56609766968268
7168,8084,5844,1135.2122510007316,867922.1567511178,764.5461507185219,136.01609873530734
7168,9092,5844,1135.2122510007316,1769149.9785675206,1558.4310132382288,470.6672652798639
7168,8091,5844,1135.2122510007316,1037725.8636930209,914.1249689458753,188.08972629517942
7168,9079,5844,1135.2122510007316,1405601.4142037432,1238.183795994673,330.8138705432578
7168,9803,3653,1135.2122510007316,2447793.9869787986,2156.2434556365806,910.5090478903602
7167,8059,5844,2995.224340479075,739141.29869649,246.7732679343368,58.77433497841605
7167,8376,5844,2995.224340479075,787494.750891494,262.91678397803656,62.29608687020802
7167,8013,5844,2995.224340479075,573870.5213189186,191.59517154135108,36.95082280521778
7167,8084,5844,2995.224340479075,867922.1567511178,289.76866441072553,66.51007420013637
7167,9092,5844,2995.224340479075,1769149.9785675206,590.6569183010016,230.15007067845738
7167,8091,5844,2995.224340479075,1037725.8636930209,346.4601464633666,91.97338968323454
7167,9079,5844,2995.224340479075,1405601.4142037432,469.28084658223713,161.76360946128904
7167,9803,3653,2995.224340479075,2447793.9869787986,817.2322700166369,425.3631426539682
7171,8059,5844,14.562747760493398,739141.29869649,50755.62049503268,6121.422598624807
7171,8376,5844,14.562747760493398,787494.750891494,54075.972738321536,6488.217588735404
7171,8013,5844,14.562747760493398,573870.5213189186,39406.74732248987,3848.475730788044
7171,8084,5844,14.562747760493398,867922.1567511178,59598.790765686645,6927.109790258655
7171,9092,5844,14.562747760493398,1769149.9785675206,121484.62691683539,23970.425939205983
7171,8091,5844,14.562747760493398,1037725.8636930209,71258.93277560016,9579.146855269964
7171,9079,5844,14.562747760493398,1405601.4142037432,96520.34336658182,16847.888027233254
7171,9803,3653,14.562747760493398,2447793.9869787986,168085.99772766134,43292.19078016666
7172,8059,5844,971.7822481009629,739141.29869649,760.603828831927,178.81473845250233
7172,8376,5844,971.7822481009629,787494.750891494,810.361325729504,189.52929853483502
7172,8013,5844,971.7822481009629,573870.5213189186,590.5340650545579,112.418995773346
7172,8084,5844,971.7822481009629,867922.1567511178,893.1241113399567,202.3499122009874
7172,9092,5844,971.7822481009629,1769149.9785675206,1820.5209881377825,700.2074069967193
7172,8091,5844,971.7822481009629,1037725.8636930209,1067.858427874067,279.8193739978048
7172,9079,5844,971.7822481009629,1405601.4142037432,1446.4160226743604,492.1487844579721
7172,9803,3653,971.7822481009629,2447793.9869787986,2518.8708599711795,1252.2581885996976
7174,8059,5844,202.555318736958,739141.29869649,3649.083634561837,529.5202375916372
7174,8376,5844,202.555318736958,787494.750891494,3887.80090200519,561.2490338283843
7174,8013,5844,202.555318736958,573870.5213189186,2833.154542163157,332.90395337030674
7174,8084,5844,202.555318736958,867922.1567511178,4284.864807120752,599.2144412289318
7174,9092,5844,202.555318736958,1769149.9785675206,8734.157116184992,2073.509128638263
7174,8091,5844,202.555318736958,1037725.8636930209,5123.172623477888,828.6230916106417
7174,9079,5844,202.555318736958,1405601.4142037432,6939.345868419692,1457.389606315049
7174,9803,3653,202.555318736958,2447793.9869787986,12084.570290437785,4169.611551860591
7176,8059,5844,55.4748949501424,739141.29869649,13323.888208545273,3510.138026425961
7176,8376,5844,55.4748949501424,787494.750891494,14195.515856303078,3720.465123101002
7176,8013,5844,55.4748949501424,573870.5213189186,10344.68874316355,2206.7878485388856
7176,8084,5844,55.4748949501424,867922.1567511178,15645.314110664935,3972.1341071072143
7176,9092,5844,55.4748949501424,1769149.9785675206,31891.001869539898,13745.089845248767
7176,8091,5844,55.4748949501424,1037725.8636930209,18706.22494419626,5492.861682994328
7176,9079,5844,55.4748949501424,1405601.4142037432,25337.612905207225,9660.893603824003
7176,9803,3653,55.4748949501424,2447793.9869787986,44124.35551574695,23377.81001571898
7180,8059,5844,61.208345076298954,739141.29869649,12075.825572070558,1864.1796930960554
7180,8376,5844,61.208345076298954,787494.750891494,12865.806940374656,1975.8811417506795
7180,8013,5844,61.208345076298954,573870.5213189186,9375.690857244435,1171.990691889135
7180,8084,5844,61.208345076298954,867922.1567511178,14179.801065838552,2109.5386235461156
7180,9092,5844,61.208345076298954,1769149.9785675206,28903.7381481593,7299.803362827683
7180,8091,5844,61.208345076298954,1037725.8636930209,16953.993158930352,2917.173378748738
7180,9079,5844,61.208345076298954,1405601.4142037432,22964.212027814145,5130.750283272415
7180,9803,3653,61.208345076298954,2447793.9869787986,39991.18067850901,12965.96068601836
7187,8059,5844,267.8222718191613,739141.29869649,2759.820136226655,262.54916154353276
7187,8376,5844,267.8222718191613,787494.750891494,2940.3631951237626,278.28107933884064
7187,8013,5844,267.8222718191613,573870.5213189186,2142.7288978655474,165.06197049130824
7187,8084,5844,267.8222718191613,867922.1567511178,3240.6646051346893,297.10526238802464
7187,9092,5844,267.8222718191613,1769149.9785675206,6605.686549332553,1028.0968403641518
7187,8091,5844,267.8222718191613,1037725.8636930209,3874.6809839389052,410.85171537062286
7187,9079,5844,267.8222718191613,1405601.4142037432,5248.26185909151,722.6096228551746
7187,9803,3653,267.8222718191613,2447793.9869787986,9139.620728150629,1827.6490462683948
7200,8059,5844,182.3684094368656,739141.29869649,4053.0117084361286,2359.051796608494
7200,8376,5844,182.3684094368656,787494.750891494,4318.153310231715,2500.405928996248
7200,8013,5844,182.3684094368656,573870.5213189186,3146.764963794827,1483.1117180113145
7200,8084,5844,182.3684094368656,867922.1567511178,4759.169416628515,2669.544625081939
7200,9092,5844,182.3684094368656,1769149.9785675206,9700.96731133681,9237.636426221947
7200,8091,5844,182.3684094368656,1037725.8636930209,5690.272053681933,3691.5771186877128
7200,9079,5844,182.3684094368656,1405601.4142037432,7707.482993047382,6492.778415369029
7200,9803,3653,182.3684094368656,2447793.9869787986,13422.247825362563,17712.015126698876
8095,8097,5844,1131.0500271506205,6486.4417040023145,5.734884884219647,5.356221605991169
8095,8099,5844,1131.0500271506205,11505.167240818253,10.172111723300569,10.851102437106896
8095,8059,5844,1131.0500271506205,739141.29869649,653.5000936771645,287.31651544074515
8095,8376,5844,1131.0500271506205,787494.750891494,696.251033984215,304.5324904435778
8095,8410,5844,1131.0500271506205,14034.554941080525,12.408429869752844,14.442351758184031
8095,8084,5844,1131.0500271506205,867922.1567511178,767.359653345853,325.13243693707864
8095,9092,5844,1131.0500271506205,1769149.9785675206,1564.1659839082654,1125.0814893959973
8095,8091,5844,1131.0500271506205,1037725.8636930209,917.4889163013372,449.60906570470036
8095,9079,5844,1131.0500271506205,1405601.4142037432,1242.7402683016435,790.7763926653224
8095,9803,3653,1131.0500271506205,2447793.9869787986,2164.1783548207536,1813.5473053388478
7051,7053,5844,442221.9426670407,447455.9633126318,1.0118357325600462,0.9711051688828631
7051,8059,5844,442221.9426670407,739141.29869649,1.6714261039122766,3.209127628754415
7051,8376,5844,442221.9426670407,787494.750891494,1.780768150359326,3.401418214461903
7051,8013,5844,442221.9426670407,573870.5213189186,1.297697979114074,2.01754569257108
7051,8084,5844,442221.9426670407,867922.1567511178,1.9626392836065052,3.631505431487163
7051,9092,5844,442221.9426670407,1769149.9785675206,4.000592932810562,12.566385495390993
7051,8091,5844,442221.9426670407,1037725.8636930209,2.3466177581204946,5.021823659103162
7051,9079,5844,442221.9426670407,1405601.4142037432,3.178497669578675,8.832427770384818
7051,9803,3653,442221.9426670407,2447793.9869787986,5.535216032511078,26.660525813822616
8097,8099,5844,6486.4417040023145,11505.167240818253,1.7737255287007738,2.0258875071504625
8097,8059,5844,6486.4417040023145,739141.29869649,113.95173693466162,53.64164080130087
8097,8376,5844,6486.4417040023145,787494.750891494,121.40627894729832,56.85584220468863
8097,8410,5844,6486.4417040023145,14034.554941080525,2.1636754913592786,2.696369347756192
8097,8084,5844,6486.4417040023145,867922.1567511178,133.8055896217468,60.701826932142566
8097,9092,5844,6486.4417040023145,1769149.9785675206,272.74583805723654,210.0513332266806
8097,8091,5844,6486.4417040023145,1037725.8636930209,159.98384184239492,83.94146074945684
8097,9079,5844,6486.4417040023145,1405601.4142037432,216.69838076806397,147.63698196893205
8097,9803,3653,6486.4417040023145,2447793.9869787986,377.37084501483173,341.1608704108392
8099,8059,5844,11505.167240818253,739141.29869649,64.24428982432784,26.478094470680258
8099,8376,5844,11505.167240818253,787494.750891494,68.4470494351099,28.06465907115441
8099,8410,5844,11505.167240818253,14034.554941080525,1.219847973290511,1.3309570932439403
8099,8084,5844,11505.167240818253,867922.1567511178,75.43759587186938,29.963078758269003
8099,9092,5844,11505.167240818253,1769149.9785675206,153.77003580538113,103.68361149634164
8099,8091,5844,11505.167240818253,1037725.8636930209,90.19650405526981,41.434413536379296
8099,9079,5844,11505.167240818253,1405601.4142037432,122.17131526927514,72.87521219605756
8099,9803,3653,11505.167240818253,2447793.9869787986,212.75605436611718,179.80554549821215
8367,8209,5479,139.48662164294677,32874.21601358621,235.6800646999433,650.408628930691
8367,8059,5479,139.48662164294677,739141.29869649,5299.01212023415,5863.461439112095
8367,8376,5479,139.48662164294677,787494.750891494,5645.665094013797,6217.211405742886
8367,8204,4535,139.48662164294677,18265.910475959106,130.95098483864336,414.22546342904246
8367,8084,5479,139.48662164294677,867922.1567511178,6222.260934620642,6635.167055522848
8367,9092,5479,139.48662164294677,1769149.9785675206,12683.295055321736,22977.89564239456
8367,8091,5479,139.48662164294677,1037725.8636930209,7439.608555072451,9146.745512684527
8367,9079,5479,139.48662164294677,1405601.4142037432,10076.962203599389,16234.519830620271
8367,9803,3288,139.48662164294677,2447793.9869787986,17548.59324964211,43767.26827373838
8379,8099,5844,4140.965353657359,11505.167240818253,2.778378049132125,2.2330992341781406
8379,8059,5844,4140.965353657359,739141.29869649,178.4949246299948,59.128212484972536
8379,8376,5844,4140.965353657359,787494.750891494,190.1717796783708,62.67116867926552
8379,8410,5844,4140.965353657359,14034.554941080525,3.3891988322686664,2.972159265647007
8379,8084,5844,4140.965353657359,867922.1567511178,209.5941604497021,66.91052822870982
8379,9092,5844,4140.965353657359,1769149.9785675206,427.2312920959318,231.53579342930436
8379,8091,5844,4140.965353657359,1037725.8636930209,250.59998697561835,92.527157136709
8379,9079,5844,4140.965353657359,1405601.4142037432,339.4381005777545,162.73758054558562
8379,9803,3653,4140.965353657359,2447793.9869787986,591.116751270781,391.70778121493754
8186,8059,4185,2506.559027819297,739141.29869649,294.882861521734,864.3656886722187
8186,8376,4185,2506.559027819297,787494.750891494,314.17363092247354,912.9674400365133
8186,8084,4185,2506.559027819297,867922.1567511178,346.26041003558925,1027.428445869027
8186,9092,4185,2506.559027819297,1769149.9785675206,705.8082251135648,3795.6044640652267
8186,8091,4185,2506.559027819297,1037725.8636930209,414.004159557272,1467.179596134305
8186,9079,4185,2506.559027819297,1405601.4142037432,560.7693250402383,2529.4666807452954
8186,9803,2592,2506.559027819297,2447793.9869787986,976.5554929334244,6735.48375609222
8194,8059,4123,82.0713751624918,739141.29869649,9006.07912604213,32202.905248691543
8194,8376,4123,82.0713751624918,787494.750891494,9595.24254750631,33954.76874822962
8194,8084,4123,82.0713751624918,867922.1567511178,10575.211576907692,37796.54323368803
8194,9092,4123,82.0713751624918,1769149.9785675206,21556.23656926436,139572.69433881855
8194,8091,4123,82.0713751624918,1037725.8636930209,12644.187594498619,54418.26103864976
8194,9079,4123,82.0713751624918,1405601.4142037432,17126.573198277907,92589.88169539093
8194,9803,2571,82.0713751624918,2447793.9869787986,29825.18548193509,224367.11003211196
8188,8059,5844,1847.9713162460544,739141.29869649,399.974443433447,689.6892002538723
8188,8376,5844,1847.9713162460544,787494.750891494,426.14013754888845,731.01530367358
8188,8084,5844,1847.9713162460544,867922.1567511178,469.66213659322585,780.4644646470823
8188,9092,5844,1847.9713162460544,1769149.9785675206,957.3470989589543,2700.7029214858712
8188,8091,5844,1847.9713162460544,1037725.8636930209,561.5486856154479,1079.2645054778172
8188,9079,5844,1847.9713162460544,1405601.4142037432,760.6186318189528,1898.2199369930302
8188,9803,3653,1847.9713162460544,2447793.9869787986,1324.5844053203252,4987.782466933394
8198,8059,5844,797.8223564397986,739141.29869649,926.4484665418918,927.4128306154288
8198,8376,5844,797.8223564397986,787494.750891494,987.0552567686991,982.9833086462131
8198,8084,5844,797.8223564397986,867922.1567511178,1087.8639207656859,1049.476718044407
8198,9092,5844,797.8223564397986,1769149.9785675206,2217.473556973476,3631.587300692269
8198,8091,5844,797.8223564397986,1037725.8636930209,1300.6979001237412,1451.2678314224825
8198,9079,5844,797.8223564397986,1405601.4142037432,1761.797476415799,2552.5026696798172
8198,9803,3653,797.8223564397986,2447793.9869787986,3068.094002657222,5590.068060455217
8217,8209,5844,1746.477016208833,32874.21601358621,18.82315982889254,15.412123733000486
8217,8059,5844,1746.477016208833,739141.29869649,423.2184516810773,139.71773540410132
8217,8376,5844,1746.477016208833,787494.750891494,450.90473197348405,148.0896072280357
8217,8084,5844,1746.477016208833,867922.1567511178,496.9559568754937,158.10705390736237
8217,9092,5844,1746.477016208833,1769149.9785675206,1012.9821132189331,547.110344848593
8217,8091,5844,1746.477016208833,1037725.8636930209,594.1823763278978,218.6381815923488
8217,9079,5844,1746.477016208833,1405601.4142037432,804.8210203504161,384.54276331709605
8217,9803,3653,1746.477016208833,2447793.9869787986,1401.5609505656996,964.1939987029541
8219,8209,5844,2624.4096289143536,32874.21601358621,12.526328074472646,12.314310750133936
8219,8059,5844,2624.4096289143536,739141.29869649,281.640979576139,111.63468713835294
8219,8376,5844,2624.4096289143536,787494.750891494,300.06548604886007,118.32382570135799
8219,8084,5844,2624.4096289143536,867922.1567511178,330.7113901689781,126.32778112432098
8219,9092,5844,2624.4096289143536,1769149.9785675206,674.1135069296973,437.142013508016
8219,8091,5844,2624.4096289143536,1037725.8636930209,395.4130682420563,174.69224596266815
8219,9079,5844,2624.4096289143536,1405601.4142037432,535.5876608276285,307.25026389857726
8219,9803,3653,2624.4096289143536,2447793.9869787986,932.70271531178,804.1131394287302
8209,8059,5844,32874.21601358621,739141.29869649,22.483921696901266,9.065443401867924
8209,8376,5844,32874.21601358621,787494.750891494,23.954784216482587,9.608643804938172
8209,8084,5844,32874.21601358621,867922.1567511178,26.40130357458332,10.258615661696451
8209,9092,5844,32874.21601358621,1769149.9785675206,53.81573138767382,35.49869922709734
8209,8091,5844,32874.21601358621,1037725.8636930209,31.56655852307325,14.186116422372086
8209,9079,5844,32874.21601358621,1405601.4142037432,42.7569562000456,24.95066675942342
8209,9803,3653,32874.21601358621,2447793.9869787986,74.4593874411234,63.588599157411515
8241,8233,5844,3005.2020941177666,14556.74344396773,4.843848429515066,3.628840402268948
8241,8059,5844,3005.2020941177666,739141.29869649,245.95394104883945,58.674033350191564
8241,8376,5844,3005.2020941177666,787494.750891494,262.0438580263527,62.189775179103556
8241,8084,5844,3005.2020941177666,867922.1567511178,288.8065859031396,66.3965711083863
8241,9092,5844,3005.2020941177666,1769149.9785675206,588.6958424627638,229.75730695201952
8241,8091,5844,3005.2020941177666,1037725.8636930209,345.30984312975625,91.81643204616488
8241,9079,5844,3005.2020941177666,1405601.4142037432,467.722758797153,161.4875509840235
8241,9803,3653,3005.2020941177666,2447793.9869787986,814.5189276188743,441.4091212965733
8246,8059,4792,1083.9294881711382,739141.29869649,681.9090233845444,706.5195334833749
8246,8376,4792,1083.9294881711382,787494.750891494,726.5184308438695,742.2682701936328
8246,8084,4792,1083.9294881711382,867922.1567511178,800.7182812375746,812.7980752388601
8246,9092,4792,1083.9294881711382,1769149.9785675206,1632.1633444556635,2936.3119540754105
8246,8091,4792,1083.9294881711382,1037725.8636930209,957.3739574554112,1151.8981568693548
8246,9079,4792,1083.9294881711382,1405601.4142037432,1296.7646231078613,2008.1016051794054
8246,9803,2961,1083.9294881711382,2447793.9869787986,2258.2594289494264,6103.4209750262335
8230,8233,5844,5096.14138569223,14556.74344396773,2.8564245656207254,1.7328491794584338
8230,8059,5844,5096.14138569223,739141.29869649,145.0394019231257,28.018110270935196
8230,8376,5844,5096.14138569223,787494.750891494,154.5276497042331,29.696952454131964
8230,8084,5844,5096.14138569223,867922.1567511178,170.30966981957553,31.705787802649564
8230,9092,5844,5096.14138569223,1769149.9785675206,347.1548068769308,109.71404545029068
8230,8091,5844,5096.14138569223,1037725.8636930209,203.6297239724369,43.84431699793613
8230,9079,5844,5096.14138569223,1405601.4142037432,275.8168009525926,77.11377167219862
8230,9803,3653,5096.14138569223,2447793.9869787986,480.3230133785436,213.22944146329786
8233,8059,5844,14556.74344396773,739141.29869649,50.77655600248886,16.168810651883554
8233,8376,5844,14556.74344396773,787494.750891494,54.098277813491954,17.137644063987803
8233,8084,5844,14556.74344396773,867922.1567511178,59.623373874242596,18.296911340292496
8233,9092,5844,14556.74344396773,1769149.9785675206,121.5347364867278,63.314249590134295
8233,8091,5844,14556.74344396773,1037725.8636930209,71.28832542027463,25.30186557357448
8233,9079,5844,14556.74344396773,1405601.4142037432,96.56015575284594,44.50114446561295
8233,9803,3653,14556.74344396773,2447793.9869787986,168.15532927408685,121.20105079474702
8249,8059,5844,814.1649400569496,739141.29869649,907.8520362775486,1102.7099288840263
8249,8376,5844,814.1649400569496,787494.750891494,967.2422775124779,1168.7841903719911
8249,8084,5844,814.1649400569496,867922.1567511178,1066.0274276738176,1247.8460065645513
8249,9092,5844,814.1649400569496,1769149.9785675206,2172.9626166950534,4318.020240700219
8249,8091,5844,814.1649400569496,1037725.8636930209,1274.5892295735966,1725.582603938731
8249,9079,5844,814.1649400569496,1405601.4142037432,1726.4332385836015,3034.9699124726476
8249,9803,3653,814.1649400569496,2447793.9869787986,3006.508714078967,7861.981459570481
8251,8254,5844,2378.972016804577,3829.3571047373352,1.609668830775449,2.3978139580057776
8251,8376,5844,2378.972016804577,787494.750891494,331.0231248324026,347.77374921573386
8251,8084,5844,2378.972016804577,867922.1567511178,364.830754889209,371.2987288172639
8251,9092,5844,2378.972016804577,1769149.9785675206,743.6615336668962,1284.8343609266253
8251,8091,5844,2378.972016804577,1037725.8636930209,436.20767977207606,513.4500763243745
8251,9079,5844,2378.972016804577,1405601.4142037432,590.8440302260217,903.0605255548758
8251,9803,3653,2378.972016804577,2447793.9869787986,1028.9292894948226,2202.920224359728
8254,8376,5844,3829.3571047373352,787494.750891494,205.64672590009337,145.0378366739393
8254,8084,5844,3829.3571047373352,867922.1567511178,226.64957407012335,154.8488478756154
8254,9092,5844,3829.3571047373352,1769149.9785675206,461.99660417642633,535.8357167939756
8254,8091,5844,3829.3571047373352,1037725.8636930209,270.99218884789826,214.13257463535766
8254,9079,5844,3829.3571047373352,1405601.4142037432,367.0593720457306,376.61826203811756
8254,9803,3653,3829.3571047373352,2447793.9869787986,639.2179992695402,869.4886291152164
8256,8376,5844,1376.1512790526122,787494.750891494,572.2443185415133,751.3922671639052
8256,8084,5844,1376.1512790526122,867922.1567511178,630.6880427772621,802.2198175400927
8256,9092,5844,1376.1512790526122,1769149.9785675206,1285.5781232027498,2775.9846899423983
8256,8091,5844,1376.1512790526122,1037725.8636930209,754.0783338932225,1109.34887349858
8256,9079,5844,1376.1512790526122,1405601.4142037432,1021.4003617185209,1951.1325889694465
8256,9803,3653,1376.1512790526122,2447793.9869787986,1778.7244936210361,4482.466324930719
8281,8376,5844,1981.25056674593,787494.750891494,397.4735776025043,431.2589947698512
8281,8084,5844,1981.25056674593,867922.1567511178,438.0678402412377,460.4312916376163
8281,9092,5844,1981.25056674593,1769149.9785675206,892.9461059906369,1593.2668184085942
8281,8091,5844,1981.25056674593,1037725.8636930209,523.7731567680586,636.7069518027189
8281,9079,5844,1981.25056674593,1405601.4142037432,709.4516149526451,1119.8458059165948
8281,9803,3653,1981.25056674593,2447793.9869787986,1235.4792614642047,2509.7188855330755
8375,8084,5844,5108.875958266076,867922.1567511178,169.88514965739856,216.22638393483646
8375,8289,5844,5108.875958266076,9526.491292096534,1.864694185162752,1.528895070114576
8375,9092,5844,5108.875958266076,1769149.9785675206,346.2894760059824,748.2252597614427
8375,8091,5844,5108.875958266076,1037725.8636930209,203.1221490147941,299.008439076356
8375,9079,5844,5108.875958266076,1405601.4142037432,275.12928982538784,525.8986814660614
8375,9803,3653,5108.875958266076,2447793.9869787986,479.1257425262614,1256.9562833437312
7003,8059,5844,2273.1687295309202,739141.29869649,325.159012216843,325.23903936448824
7003,8376,5844,2273.1687295309202,787494.750891494,346.4303994072615,344.72732796166457
7003,8013,5844,2273.1687295309202,573870.5213189186,252.45399246598805,204.47445500335854
7003,8084,5844,2273.1687295309202,867922.1567511178,381.8115855087527,368.0462339362424
7003,9092,5844,2273.1687295309202,1769149.9785675206,778.2748176958222,1273.5794956186135
7003,8091,5844,2273.1687295309202,1037725.8636930209,456.51070693162353,508.95236702646037
7003,9079,5844,2273.1687295309202,1405601.4142037432,618.3445143967805,895.1499147483805
7003,9803,3653,2273.1687295309202,2447793.9869787986,1076.8201916467121,2138.107263245251
7006,8059,4857,825.9759657281767,739141.29869649,894.8702254851524,1298.5703017688375
7006,8376,4857,825.9759657281767,787494.750891494,953.4112172346832,1367.760208862468
7006,8013,4857,825.9759657281767,573870.5213189186,694.7787164884355,825.9467886678641
7006,8084,4857,825.9759657281767,867922.1567511178,1050.7837912522812,1500.2479855068555
7006,9092,4857,825.9759657281767,1769149.9785675206,2141.8903841927727,5393.51128046359
7006,8091,4857,825.9759657281767,1037725.8636930209,1256.3632681226584,2117.828178963849
7006,9079,4857,825.9759657281767,1405601.4142037432,1701.7461433815104,3709.082064997671
7006,9803,2938,825.9759657281767,2447793.9869787986,2963.5172069696173,9040.391936959368
7004,8059,5844,1714.7553690570446,739141.29869649,431.0476654771746,713.6298977999631
7004,8376,5844,1714.7553690570446,787494.750891494,459.2461205265347,756.3905252666844
7004,8013,5844,1714.7553690570446,573870.5213189186,334.6661172050995,448.65181225437584
7004,8084,5844,1714.7553690570446,867922.1567511178,506.149257446789,807.5561802875617
7004,9092,5844,1714.7553690570446,1769149.9785675206,1031.7214982918456,2794.450528061902
7004,8091,5844,1714.7553690570446,1037725.8636930209,605.1742904083591,1116.7282573944267
7004,9079,5844,1714.7553690570446,1405601.4142037432,819.7095863164976,1964.11151449023
7004,9803,3653,1714.7553690570446,2447793.9869787986,1427.4887433796791,4645.3306663933645
8120,8059,5844,593.3139721925328,739141.29869649,1245.784413208856,804.1256490737758
8120,8376,5844,593.3139721925328,787494.750891494,1327.2816549075785,852.3087723180286
8120,8084,5844,593.3139721925328,867922.1567511178,1462.8378858899914,909.9627687113814
8120,9092,5844,593.3139721925328,1769149.9785675206,2981.810746896458,3148.8161463103547
8120,8091,5844,593.3139721925328,1037725.8636930209,1749.0332477056088,1258.3411059215941
8120,9079,5844,593.3139721925328,1405601.4142037432,2369.0684529297077,2213.181442245923
8120,9803,3653,593.3139721925328,2447793.9869787986,4125.630107670007,5510.616124300473
8129,8059,5470,316.22820001196663,739141.29869649,2337.3668087429255,1356.8807419305995
8129,8376,5470,316.22820001196663,787494.750891494,2490.273640559867,1435.6412072434468
8129,8134,5470,316.22820001196663,812.3585582947576,2.568899795350372,2.3099180722271964
8129,8084,5470,316.22820001196663,867922.1567511178,2744.6070803245066,1556.964703325315
8129,9092,5470,316.22820001196663,1769149.9785675206,5594.535776697248,5410.344753381429
8129,8091,5470,316.22820001196663,1037725.8636930209,3281.57281246186,2158.6532054389872
8129,9079,5470,316.22820001196663,1405601.4142037432,4444.895851004284,3769.5626896313343
8129,9803,3279,316.22820001196663,2447793.9869787986,7740.593618425459,9901.981361528653
8134,8059,5844,812.3585582947576,739141.29869649,909.870759837922,617.6420671165581
8134,8376,5844,812.3585582947576,787494.750891494,969.393062768421,654.651113992492
8134,8084,5844,812.3585582947576,867922.1567511178,1068.3978741763922,698.9346579273702
8134,9092,5844,812.3585582947576,1769149.9785675206,2177.7944732695228,2418.5788823143102
8134,8091,5844,812.3585582947576,1037725.8636930209,1277.4234395601586,966.521093680278
8134,9079,5844,812.3585582947576,1405601.4142037432,1730.2721807403332,1699.9258293368573
8134,9803,3653,812.3585582947576,2447793.9869787986,3013.194065582352,4631.469762916516
8410,8059,5844,14034.554941080525,739141.29869649,52.665816750123696,19.89402558886795
8410,8376,5844,14034.554941080525,787494.750891494,56.11113100469038,21.086073483219845
8410,8084,5844,14034.554941080525,867922.1567511178,61.84180121099702,22.512430273195378
8410,9092,5844,14034.554941080525,1769149.9785675206,126.05672114254541,77.90154319973884
8410,8091,5844,14034.554941080525,1037725.8636930209,73.94077461305845,31.131291719848946
8410,9079,5844,14034.554941080525,1405601.4142037432,100.15290261106958,54.75399061771322
8410,9803,3653,14034.554941080525,2447793.9869787986,174.4119423277089,140.0031505030206
9403,9404,5844,4134.05988888831,8246.868938164836,1.9948595714181834,1.9133886462822753
9403,9406,5844,4134.05988888831,77153.63151492513,18.662920612810115,14.741850180620567
9403,9415,5844,4134.05988888831,438548.85965270246,106.08188353329169,207.4427653364033
9403,9803,3653,4134.05988888831,2447793.9869787986,592.1041428446831,1043.953093631263
9404,9406,5844,8246.868938164836,77153.63151492513,9.355505961526049,7.704577012759045
9404,9415,5844,8246.868938164836,438548.85965270246,53.17761964461292,108.41642953169276
9404,9803,3653,8246.868938164836,2447793.9869787986,296.8149494471659,556.9780863900094
9406,9415,5844,77153.63151492513,438548.85965270246,5.684098739640875,14.071691327395573
9406,9803,3653,77153.63151492513,2447793.9869787986,31.726231661633197,73.81657532872244
8306,8313,5844,17171.167521387153,49699.87048140546,2.8943792214188653,1.6533062770556992
8306,9092,5844,17171.167521387153,1769149.9785675206,103.03026724094308,53.941761874929995
8306,8091,5844,17171.167521387153,1037725.8636930209,60.434205327069655,21.55639870323777
8306,8296,5844,17171.167521387153,125373.48561491545,7.301395520063466,4.115602801059372
8306,9079,5844,17171.167521387153,1405601.4142037432,81.85823197246364,37.91358427945416
8306,9803,3653,17171.167521387153,2447793.9869787986,142.55256574312756,95.01426725864413
8317,8306,4748,420.685178388366,17171.167521387153,40.817144039087495,24.85369895420874
8317,8412,4748,420.685178388366,13622.07262510294,32.38068114804697,21.874214499316093
8317,8313,4748,420.685178388366,49699.87048140546,118.14029358439575,40.175452061339364
8317,9092,4748,420.685178388366,1769149.9785675206,4205.401258359251,1308.1865987368342
8317,8091,4748,420.685178388366,1037725.8636930209,2466.751663722791,521.1675946263683
8317,8296,4748,420.685178388366,125373.48561491545,298.02211262877864,99.58830867901149
8317,9079,4748,420.685178388366,1405601.4142037432,3341.219245205086,937.7770090415368
8317,9803,2557,420.685178388366,2447793.9869787986,5818.588609078727,2610.938623135745
8321,8313,5844,1296.049512486442,49699.87048140546,38.34720047543351,93.20068026251165
8321,9092,5844,1296.049512486442,1769149.9785675206,1365.0327101882442,3040.8212749636346
8321,8091,5844,1296.049512486442,1037725.8636930209,800.6838116100728,1215.1838113924973
8321,8296,5844,1296.049512486442,125373.48561491545,96.73510495319675,232.006002803139
8321,9079,5844,1296.049512486442,1405601.4142037432,1084.5275590645672,2137.2760117550506
8321,9803,3653,1296.049512486442,2447793.9869787986,1888.6577737935033,6285.000143401256
8323,8313,4870,2101.753469255778,49699.87048140546,23.646860209063423,32.84448154247101
8323,9092,4870,2101.753469255778,1769149.9785675206,841.7495222186878,1075.2217204344179
8323,8091,4870,2101.753469255778,1037725.8636930209,493.74290508985115,428.9641616608902
8323,8296,4870,2101.753469255778,125373.48561491545,59.65185139402181,81.37706313829759
8323,9079,4870,2101.753469255778,1405601.4142037432,668.7755889378695,769.1135433178082
8323,9803,2679,2101.753469255778,2447793.9869787986,1164.6437238167387,2146.3956707848497
8326,8334,3652,1733.4918199664437,31407.427540062043,18.11801312144064,10.392042845076686
8326,9092,3652,1733.4918199664437,1769149.9785675206,1020.5701337556742,416.10633116253143
8326,8091,3652,1733.4918199664437,1037725.8636930209,598.6332624939117,161.26713011752295
8326,8296,3652,1733.4918199664437,125373.48561491545,72.32424414748169,30.37425731949662
8326,9079,3652,1733.4918199664437,1405601.4142037432,810.8497530902409,298.99119969791667
8326,8403,3652,1733.4918199664437,50266.73335844726,28.997387111650923,12.603565946249285
8334,9092,5844,31407.427540062043,1769149.9785675206,56.329031606006716,37.10525960521102
8334,8091,5844,31407.427540062043,1037725.8636930209,33.04077872564825,14.828135793777495
8334,8296,5844,31407.427540062043,125373.48561491545,3.9918419123945794,2.8310256294430656
8334,9079,5844,31407.427540062043,1405601.4142037432,44.75378992471813,26.079856095820556
8334,8403,5844,31407.427540062043,50266.73335844726,1.600472795625463,1.2387517384810367
8334,9803,3653,31407.427540062043,2447793.9869787986,77.93678689082357,60.839286579067
8339,8334,5844,7925.615669037671,31407.427540062043,3.9627744835973777,2.642028576438047
8339,9092,5844,7925.615669037671,1769149.9785675206,223.21924913403365,98.03315621311984
8339,8091,5844,7925.615669037671,1037725.8636930209,130.93315485218596,39.176358502464005
8339,8296,5844,7925.615669037671,125373.48561491545,15.8187692729918,7.479650613617088
8339,9079,5844,7925.615669037671,1405601.4142037432,177.3491767579504,68.90372507454991
8339,8403,5844,7925.615669037671,50266.73335844726,6.342312756196346,3.2728174921792093
8339,9803,3653,7925.615669037671,2447793.9869787986,308.8459104245223,168.56895636186408
8347,8334,5844,1954.9603167011555,31407.427540062043,16.065506430872034,41.956252089782446
8347,9092,5844,1954.9603167011555,1769149.9785675206,904.954419511095,1556.797625853055
8347,8091,5844,1954.9603167011555,1037725.8636930209,530.8168430979218,622.1330033852549
8347,8296,5844,1954.9603167011555,125373.48561491545,64.13096191459964,118.77922498154828
8347,9079,5844,1954.9603167011555,1405601.4142037432,718.9922998414551,1094.2130168214967
8347,8403,5844,1954.9603167011555,50266.73335844726,25.71240599055662,51.973380216366635
8347,9803,3653,1954.9603167011555,2447793.9869787986,1252.0939509960294,2658.3527446025546
8389,8059,5130,339.7096657280717,739141.29869649,2175.802967255434,3485.1444271661403
8389,8376,5130,339.7096657280717,787494.750891494,2318.1405486468025,3685.781015565793
8389,8084,5130,339.7096657280717,867922.1567511178,2554.893911808402,3997.4804639850486
8389,9092,5130,339.7096657280717,1769149.9785675206,5207.829382116189,14339.016180362669
8389,8091,5130,339.7096657280717,1037725.8636930209,3054.7434129345384,5647.881699852725
8389,9079,5130,339.7096657280717,1405601.4142037432,4137.6550507953125,9871.850672196791
8389,9803,3499,339.7096657280717,2447793.9869787986,7205.547071298793,27031.13081087146
8412,8306,5844,13622.07262510294,17171.167521387153,1.2605400069401989,1.142857787887515
8412,8313,5844,13622.07262510294,49699.87048140546,3.648480803854904,1.8894939544964195
8412,9092,5844,13622.07262510294,1769149.9785675206,129.87377378294894,61.64776265113759
8412,8091,5844,13622.07262510294,1037725.8636930209,76.17973360240978,24.63589813680362
8412,8296,5844,13622.07262510294,125373.48561491545,9.203701159533939,4.703548713042375
8412,9079,5844,13622.07262510294,1405601.4142037432,103.18557629868174,43.32983506050385
8412,9803,3653,13622.07262510294,2447793.9869787986,179.69321221118517,109.42465896938882
8411,8172,5742,7489.8222742359085,16359.191459515321,2.184189538887856,2.1705087789996895
8411,8059,5742,7489.8222742359085,739141.29869649,98.68609315858502,32.459051061038615
8411,8376,5742,7489.8222742359085,787494.750891494,105.14198095198888,34.433507212018014
8411,8084,5742,7489.8222742359085,867922.1567511178,115.88020716281427,36.75386101219005
8411,9092,5742,7489.8222742359085,1769149.9785675206,236.20720409524063,128.40573015331486
8411,8091,5742,7489.8222742359085,1037725.8636930209,138.5514670037864,51.027671837693305
8411,9079,5742,7489.8222742359085,1405601.4142037432,187.66819328128034,89.93272938791895
8411,9803,3653,7489.8222742359085,2447793.9869787986,326.81603078873,253.75476580342925
9417,9406,5538,15147.831582643717,77153.63151492513,5.0933779593461574,4.902984033992204
9417,9415,5538,15147.831582643717,438548.85965270246,28.95126323923411,72.31328533424977
9417,9803,3653,15147.831582643717,2447793.9869787986,161.59368907847275,358.43333177875394
7183,8059,2109,358.05129213879525,739141.29869649,2064.344731955244,1234.7859088946827
7183,8376,2109,358.05129213879525,787494.750891494,2199.3908922586124,1322.500084884398
7183,8013,2109,358.05129213879525,573870.5213189186,1602.7606488750305,753.5532482464781
7183,8084,2109,358.05129213879525,867922.1567511178,2424.0162675203414,1369.44855931669
7183,9092,2109,358.05129213879525,1769149.9785675206,4941.0517917687785,5258.4861220863295
7183,8091,2109,358.05129213879525,1037725.8636930209,2898.260351175485,2069.287483526627
7183,9079,2109,358.05129213879525,1405601.4142037432,3925.6984824924884,3483.6977373088334
7183,9803,2109,358.05129213879525,2447793.9869787986,6836.433887326774,9449.924553059918
8204,8209,4900,18265.910475959106,32874.21601358621,1.7997578635269231,1.5614375655046946
8204,8059,4900,18265.910475959106,739141.29869649,40.46561487692166,13.839199947347247
8204,8376,4900,18265.910475959106,787494.750891494,43.112811262705165,14.727707070879731
8204,8084,4900,18265.910475959106,867922.1567511178,47.5159537157178,15.589392516175714
8204,9092,4900,18265.910475959106,1769149.9785675206,96.85528574641862,56.63980416190937
8204,8091,4900,18265.910475959106,1037725.8636930209,56.81216192638391,22.004263634700802
8204,9079,4900,18265.910475959106,1405601.4142037432,76.95216814150831,39.4203082689452
8204,9803,3653,18265.910475959106,2447793.9869787986,134.00886806055968,93.19633276150715
8288,8084,5844,14276.191268488852,867922.1567511178,60.795077652597755,58.32617097664914
8288,9092,5844,14276.191268488852,1769149.9785675206,123.92310703152877,201.83066301032727
8288,8091,5844,14276.191268488852,1037725.8636930209,72.6892659377255,80.65628728399939
8288,9079,5844,14276.191268488852,1405601.4142037432,98.45773202172343,141.85898988547055
8288,9803,3653,14276.191268488852,2447793.9869787986,171.45987616330808,345.4661078210872
8289,8084,5844,9526.491292096534,867922.1567511178,91.10617226629623,141.42656887410354
8289,9092,5844,9526.491292096534,1769149.9785675206,185.70845490986392,489.3895430674457
8289,8091,5844,9526.491292096534,1037725.8636930209,108.93054240798494,195.5715895231111
8289,9079,5844,9526.491292096534,1405601.4142037432,147.54660148273823,343.9730376177158
8289,9803,3653,9526.491292096534,2447793.9869787986,256.94601631658054,783.668166842094
8290,9092,5844,4045.0180380797133,1769149.9785675206,437.3651642372866,972.7260104565762
8290,8091,5844,4045.0180380797133,1037725.8636930209,256.5441869291785,388.7242274182577
8290,9079,5844,4045.0180380797133,1405601.4142037432,347.4895293349601,683.6916017643607
8290,9803,3653,4045.0180380797133,2447793.9869787986,605.1379657483152,1578.6142793723382
8291,9092,5844,9559.13831030475,1769149.9785675206,185.07421078533585,262.080550625943
8291,8091,5844,9559.13831030475,1037725.8636930209,108.55851542333606,104.73356162811193
8291,9079,5844,9559.13831030475,1405601.4142037432,147.04269031116593,184.2063124894053
8291,9803,3653,9559.13831030475,2447793.9869787986,256.06847683541486,431.9004193702684
8013,8059,5844,573870.5213189186,739141.29869649,1.287993146951915,1.5906096405007955
8013,8376,5844,573870.5213189186,787494.750891494,1.3722516171097374,1.6859188007421384
8013,8084,5844,573870.5213189186,867922.1567511178,1.5124006627076514,1.7999619264430717
8013,9092,5844,573870.5213189186,1769149.9785675206,3.082838223684165,6.228550630433003
8013,8091,5844,573870.5213189186,1037725.8636930209,1.8082926812620208,2.489075552337825
8013,9079,5844,573870.5213189186,1405601.4142037432,2.449335454578272,4.377808048118664
8013,9803,3653,573870.5213189186,2447793.9869787986,4.265411614719411,11.794294077689619
8313,9092,5844,49699.87048140546,1769149.9785675206,35.59667181083348,32.62659957415302
8313,8091,5844,49699.87048140546,1037725.8636930209,20.879850463217448,13.038357745563404
8313,8296,5844,49699.87048140546,125373.48561491545,2.522611918311181,2.489316624617593
8313,9079,5844,49699.87048140546,1405601.4142037432,28.281792298224,22.93197866941678
8313,9803,3653,49699.87048140546,2447793.9869787986,49.25151641782664,56.06481756380715
11061,10031,5015,1195953.1948647194,2398595.9215495987,2.0055934729292786,3.740726649130371
11061,11801,5603,1195953.1948647194,2663201.4639564455,2.2268442238307613,4.563935561876119
8374,9092,5844,11230.886087536155,1769149.9785675206,157.52541382561907,145.4620755723565
8374,8091,5844,11230.886087536155,1037725.8636930209,92.39928671742751,58.130071919203324
8374,9079,5844,11230.886087536155,1405601.4142037432,125.15498806132987,102.23968350281153
8374,9803,3653,11230.886087536155,2447793.9869787986,217.95199131218314,242.27700560493528
8059,8376,5844,739141.29869649,787494.750891494,1.065418414963793,1.059919893488974
8059,8084,5844,739141.29869649,867922.1567511178,1.1742303647242263,1.1316176393073807
8059,9092,5844,739141.29869649,1769149.9785675206,2.3935206728233136,3.9158260278568253
8059,8091,5844,739141.29869649,1037725.8636930209,1.4039614151219781,1.5648563223558434
8059,9079,5844,739141.29869649,1405601.4142037432,1.901668079814491,2.7522831099780913
8059,9803,3653,739141.29869649,2447793.9869787986,3.311672600753871,7.106663023767806
9385,9092,5844,8564.554228668847,1769149.9785675206,206.5664985394683,121.21326415837146
9385,9803,3653,8564.554228668847,2447793.9869787986,285.8051828062567,214.18909943123165
9390,9092,5792,222125.7428629423,1769149.9785675206,7.964632805568757,6.537453070747188
9390,9523,5745,222125.7428629423,235769.67161085154,1.0614243471830633,1.0893310762998831
9390,9803,3625,222125.7428629423,2447793.9869787986,11.019857290873102,11.042016362825398
9401,9803,3600,15806.995457200546,2447793.9869787986,154.8551078923577,109.6353600757422
9499,9092,5145,1180.7574072921504,1769149.9785675206,1498.3179166538027,565.4913069601633
9499,9390,5112,1180.7574072921504,222125.7428629423,188.12140537178317,82.77154612265952
9499,9523,5103,1180.7574072921504,235769.67161085154,199.67663988790537,90.0284380048187
9499,9803,2954,1180.7574072921504,2447793.9869787986,2073.0710405555387,966.104705768197
8376,8084,5844,787494.750891494,867922.1567511178,1.1021307199426724,1.0676444948895116
8376,9092,5844,787494.750891494,1769149.9785675206,2.246554629811476,3.6944546959742106
8376,8091,5844,787494.750891494,1037725.8636930209,1.3177559120467146,1.4763911234883544
8376,9079,5844,787494.750891494,1405601.4142037432,1.7849025820331035,2.5966897374841302
8376,9803,3653,787494.750891494,2447793.9869787986,3.1083305434198016,6.640958164110248
9560,9092,5844,31081.66060856894,1769149.9785675206,56.91941627082118,29.74432240842107
9560,9390,5792,31081.66060856894,222125.7428629423,7.146521083937974,4.531417165075158
9560,9523,5755,31081.66060856894,235769.67161085154,7.585491476148862,4.861406762087
9560,9803,3653,31081.66060856894,2447793.9869787986,78.75364247121222,51.08869535674848
9523,9092,5755,235769.67161085154,1769149.9785675206,7.503721604564909,6.132741481403866
9523,9803,3592,235769.67161085154,2447793.9869787986,10.382141054253122,10.75774499086073
9053,9092,5844,304583.09334811225,1769149.9785675206,5.8084313187585055,3.9470948126923644
9053,9079,5844,304583.09334811225,1405601.4142037432,4.614837280535666,2.7742607330288007
9053,9803,3653,304583.09334811225,2447793.9869787986,8.036539257880545,6.807226709725138
9304,9092,5844,480.139234064967,1769149.9785675206,3684.660309030566,5682.198594456104
9304,9053,5844,480.139234064967,304583.09334811225,634.3641005327623,1439.5900945131343
9304,9079,5844,480.139234064967,1405601.4142037432,2927.487100572067,3993.798270865009
9304,9803,3653,480.139234064967,2447793.9869787986,5098.091997721625,10589.090137472447
9309,9092,5844,403.49582271507813,1769149.9785675206,4384.555871391949,3193.9779394985007
9309,9053,5844,403.49582271507813,304583.09334811225,754.8605864085699,809.1971667941382
9309,9079,5844,403.49582271507813,1405601.4142037432,3483.558775765283,2244.9239251151344
9309,9803,3653,403.49582271507813,2447793.9869787986,6066.466736899201,5273.002663124904
9316,9092,5466,9311.113093252206,1769149.9785675206,190.00413386124902,105.99195895418825
9316,9053,5466,9311.113093252206,304583.09334811225,32.71178110475799,26.279840024953145
9316,9079,5466,9311.113093252206,1405601.4142037432,150.95954695495934,74.006042679397
9316,9803,3275,9311.113093252206,2447793.9869787986,262.8895130435826,180.1084420665796
9323,9092,5844,980.4702628593798,1769149.9785675206,1804.3892258476933,1611.038430176645
9323,9053,5844,980.4702628593798,304583.09334811225,310.6500063141598,408.15802675835266
9323,9079,5844,980.4702628593798,1405601.4142037432,1433.5992303372248,1132.3367865062162
9323,9803,3653,980.4702628593798,2447793.9869787986,2496.550971204584,2573.3994246748493
9324,9092,5844,551.0524749463033,1769149.9785675206,3210.4927552315476,3199.12307062385
9324,9326,5844,551.0524749463033,1080.0951128760667,1.9600585461145337,1.3240202148255642
9324,9079,5844,551.0524749463033,1405601.4142037432,2550.757828173643,2248.54023937276
9324,9803,3653,551.0524749463033,2447793.9869787986,4442.034285786161,5303.73352516928
9326,9092,5844,1080.0951128760667,1769149.9785675206,1637.9575812139778,2416.2192048142747
9326,9079,5844,1080.0951128760667,1405601.4142037432,1301.3681827157995,1698.2673030177252
9326,9803,3653,1080.0951128760667,2447793.9869787986,2266.2763286289082,4005.7539964412076
9329,9092,5844,1470.3128726755676,1769149.9785675206,1203.247289366481,1506.7517062099498
9329,9079,5844,1470.3128726755676,1405601.4142037432,955.9879671364998,1059.0376698124198
9329,9803,3653,1470.3128726755676,2447793.9869787986,1664.8116414328078,2512.7809589041194
9331,9092,5844,361.3404730030101,1769149.9785675206,4896.07478471636,5070.134112535498
9331,9079,5844,361.3404730030101,1405601.4142037432,3889.963951511277,3563.601749409851
9331,9803,3653,361.3404730030101,2447793.9869787986,6774.203749266713,8179.775601838919
9356,9092,5844,2276.9047824641184,1769149.9785675206,776.9977876074844,2496.1312266193677
9356,9079,5844,2276.9047824641184,1405601.4142037432,617.329905505565,1754.434381517567
9356,9803,3653,2276.9047824641184,2447793.9869787986,1075.0532942048371,3975.5861609679064
9588,9092,5479,1008.0635186908991,1769149.9785675206,1754.9985152374038,2626.311545124111
9588,9079,5479,1008.0635186908991,1405601.4142037432,1394.3579825496497,1849.937908605708
9588,9803,3288,1008.0635186908991,2447793.9869787986,2428.214037700299,4678.493182231159
9511,9092,5844,113.68261268135726,1769149.9785675206,15562.18613242377,12916.04135546202
9511,9053,5844,113.68261268135726,304583.09334811225,2679.240792977136,3272.290625988744
9511,9079,5844,113.68261268135726,1405601.4142037432,12364.260294962829,9078.187390738805
9511,9803,3653,113.68261268135726,2447793.9869787986,21531.823814075757,24645.918812000746
9546,9092,5844,96.49932393189502,1769149.9785675206,18333.288840615183,9647.629743237401
9546,9053,5844,96.49932393189502,304583.09334811225,3156.3235983194413,2444.2356216562803
9546,9079,5844,96.49932393189502,1405601.4142037432,14565.919810959038,6780.946907431258
9546,9803,3653,96.49932393189502,2447793.9869787986,25365.91850846897,16029.319158863304
9521,9092,5432,56.05212302210483,1769149.9785675206,31562.586449577208,23430.295058306536
9521,9053,5432,56.05212302210483,304583.09334811225,5433.926083905801,5912.327640289804
9521,9323,5432,56.05212302210483,980.4702628593798,17.492116444415842,14.372596871201104
9521,9079,5432,56.05212302210483,1405601.4142037432,25076.684671683663,16514.316772370734
9521,9803,3241,56.05212302210483,2447793.9869787986,43669.96029773005,37953.5605148404
9306,9092,4440,2764.201929447789,1769149.9785675206,640.021975138751,312.4811157935554
9306,9053,4440,2764.201929447789,304583.09334811225,110.18843815399532,79.12345912495782
9306,9079,4440,2764.201929447789,1405601.4142037432,508.5017122770562,219.56634936267614
9306,9803,2249,2764.201929447789,2447793.9869787986,885.5337089891259,521.3052217016624
8084,9092,5844,867922.1567511178,1769149.9785675206,2.0383740232994603,3.4603790996520263
8084,8091,5844,867922.1567511178,1037725.8636930209,1.1956439360616478,1.382849001287777
8084,9079,5844,867922.1567511178,1405601.4142037432,1.6195017067720836,2.4321670274269116
8084,9803,3653,867922.1567511178,2447793.9869787986,2.8202920825775384,6.37155935883904
8364,9092,5844,1885.9387520695016,1769149.9785675206,938.0739308878271,487.9888689883161
8364,9079,5844,1885.9387520695016,1405601.4142037432,745.3059717137321,342.98855782133364
8364,9803,3653,1885.9387520695016,2447793.9869787986,1297.9180709303284,832.1776182574745
8296,9092,5844,125373.48561491545,1769149.9785675206,14.111037671884334,13.106649130728838
8296,8091,5844,125373.48561491545,1037725.8636930209,8.277075959109848,5.237725734293181
8296,9079,5844,125373.48561491545,1405601.4142037432,11.21131319999387,9.212158245614727
8296,9803,3653,125373.48561491545,2447793.9869787986,19.524016381718823,21.906575546078866
9370,9092,5844,1338.0532721947295,1769149.9785675206,1322.1820202013996,1925.1400090793422
9370,9803,3653,1338.0532721947295,2447793.9869787986,1829.3696057137001,3115.545515933476
9371,9092,5642,334.9357947670062,1769149.9785675206,5282.057057527121,2347.5504452307323
9371,9803,3451,334.9357947670062,2447793.9869787986,7308.2484022992385,4008.6706313588843
9372,9092,5844,14652.1922648426,1769149.9785675206,120.74302238119897,80.04067265534589
9372,9803,3653,14652.1922648426,2447793.9869787986,167.0599144984052,150.5969129281203
9372,9374,2496,14652.1922648426,18971.86400298014,1.294814022370047,2.0082469050769785
9380,9092,5844,7198.270085596111,1769149.9785675206,245.77432598807687,207.33700925492508
9380,9803,3653,7198.270085596111,2447793.9869787986,340.05309023856796,376.08024885084774
9383,9092,5844,375.41948327096577,1769149.9785675206,4712.461812459011,4110.737709474406
9383,9380,5844,375.41948327096577,7198.270085596111,19.17393850441329,19.82635769777199
9383,9803,3653,375.41948327096577,2447793.9869787986,6520.157040470005,7364.484608915306
9384,9092,5784,22770.508442789618,1769149.9785675206,77.6947946951852,48.2994094374439
9384,9803,3593,22770.508442789618,2447793.9869787986,107.49843347278895,83.71667419246036
9396,9092,5753,32.298208529566885,1769149.9785675206,54775.48319585528,12833.188923460995
9396,9390,5701,32.298208529566885,222125.7428629423,6877.339424556653,1960.5482802092254
9396,9523,5664,32.298208529566885,235769.67161085154,7299.77550906639,2095.0378196807455
9396,9560,5753,32.298208529566885,31081.66060856894,962.333888584431,432.98654959706766
9396,9803,3562,32.298208529566885,2447793.9869787986,75787.29899950966,22878.946960516147
9397,9092,5844,2826.8233754142057,1769149.9785675206,625.843833737328,243.64343164379338
9397,9390,5792,2826.8233754142057,222125.7428629423,78.57786404160993,37.17355791751449
9397,9523,5755,2826.8233754142057,235769.67161085154,83.40445804340533,39.5934088447624
9397,9560,5844,2826.8233754142057,31081.66060856894,10.99526092747646,8.191258429030954
9397,9803,3653,2826.8233754142057,2447793.9869787986,865.9168479601705,418.014742056667
9568,9092,5844,12099.391712936285,1769149.9785675206,146.21809265634417,84.7197703123323
9568,9390,5792,12099.391712936285,222125.7428629423,18.35842231849164,13.045503179515997
9568,9523,5755,12099.391712936285,235769.67161085154,19.48607642471597,14.065027116010917
9568,9560,5844,12099.391712936285,31081.66060856894,2.5688614226232063,2.8482669448320275
9568,9803,3653,12099.391712936285,2447793.9869787986,202.30719403535758,148.4566568264524
8356,9092,5844,2518.638815721319,1769149.9785675206,702.4230578535135,982.9976431376291
8356,8091,5844,2518.638815721319,1037725.8636930209,412.01853049176646,392.82901379730424
8356,8296,5844,2518.638815721319,125373.48561491545,49.77827103764754,74.99992052377206
8356,9079,5844,2518.638815721319,1405601.4142037432,558.0797871572505,690.9111362735159
8356,8403,5844,2518.638815721319,50266.73335844726,19.9578967197213,32.8171815078337
8356,9803,3653,2518.638815721319,2447793.9869787986,971.8717791926704,1756.9241521299198
8359,9092,5844,214.01183560831416,1769149.9785675206,8266.598777300478,7734.572194055891
8359,8091,5844,214.01183560831416,1037725.8636930209,4848.918101858037,3090.9172451694544
8359,8296,5844,214.01183560831416,125373.48561491545,585.8250094372108,590.125829791385
8359,9079,5844,214.01183560831416,1405601.4142037432,6567.8676611899355,5436.332528862939
8359,8403,5844,214.01183560831416,50266.73335844726,234.87828706093507,258.2171598780095
8359,9803,3653,214.01183560831416,2447793.9869787986,11437.657081072688,12426.49805511113
8361,9092,5844,9486.247938929871,1769149.9785675206,186.49628282508243,438.37472220510784
8361,8091,5844,9486.247938929871,1037725.8636930209,109.39265665135936,175.18486539584634
8361,8296,5844,9486.247938929871,125373.48561491545,13.216340793751026,33.44674278167165
8361,9079,5844,9486.247938929871,1405601.4142037432,148.17253599659836,308.1166873051314
8361,9803,3653,9486.247938929871,2447793.9869787986,258.0360541635738,718.3677199350008
8403,9092,5844,50266.73335844726,1769149.9785675206,35.195244655185405,29.953749772904185
8403,8091,5844,50266.73335844726,1037725.8636930209,20.644386343809078,11.97022400304344
8403,8296,5844,50266.73335844726,125373.48561491545,2.4941641765516995,2.2853857972498046
8403,9079,5844,50266.73335844726,1405601.4142037432,27.96285575552591,21.053335616545574
8403,9803,3653,50266.73335844726,2447793.9869787986,48.69610224169163,50.21834384696378
8582,9092,5844,948.2026806000146,1769149.9785675206,1865.7930575011849,2157.4720096262745
8582,8091,5844,948.2026806000146,1037725.8636930209,1094.4135520017269,862.1766366922174
8582,8296,5844,948.2026806000146,125373.48561491545,132.22224338743715,164.60896969981687
8582,9079,5844,948.2026806000146,1405601.4142037432,1482.3849826223764,1516.4038775223128
8582,8356,5844,948.2026806000146,2518.638815721319,2.6562241040360126,2.194788588444467
8582,8403,5844,948.2026806000146,50266.73335844726,53.01264633278499,72.02677547830417
8582,9803,3653,948.2026806000146,2447793.9869787986,2581.5092459239363,3748.715296467212
9312,9092,5695,3515.9843963327953,1769149.9785675206,503.17344423165264,181.27090769729688
9312,9053,5695,3515.9843963327953,304583.09334811225,86.62811293070449,45.78174116254036
9312,9316,5317,3515.9843963327953,9311.113093252206,2.6482236675918656,1.696089982266697
9312,9079,5695,3515.9843963327953,1405601.4142037432,399.7746450950689,127.07103131944794
9312,9803,3653,3515.9843963327953,2447793.9869787986,696.1902304037159,321.26671585479676
9319,9092,5479,768.8846246167454,1769149.9785675206,2300.9303631859757,870.4841668691807
9319,9053,5479,768.8846246167454,304583.09334811225,396.13627792327526,221.8430847833744
9319,9316,5101,768.8846246167454,9311.113093252206,12.109896329235845,8.262829093993254
9319,9079,5479,768.8846246167454,1405601.4142037432,1828.1044635329683,614.1167829687145
9319,9312,5330,768.8846246167454,3515.9843963327953,4.572837437197234,4.826492705717382
9319,9803,3288,768.8846246167454,2447793.9869787986,3183.5647490010797,1401.9265697766107
9333,9092,5844,4215.086370154374,1769149.9785675206,419.71855929080925,143.72485563111553
9333,9079,5844,4215.086370154374,1405601.4142037432,333.4691844409974,101.01865859808372
9333,9335,5844,4215.086370154374,8668.036221644184,2.0564314608164778,1.4646510857094897
9333,9337,5844,4215.086370154374,23008.31403640036,5.458562889556567,3.654620835636052
9333,9803,3653,4215.086370154374,2447793.9869787986,580.7221423292331,233.44161385572096
9335,9092,5844,8668.036221644184,1769149.9785675206,204.10043674597634,98.12907458536036
9335,9079,5844,8668.036221644184,1405601.4142037432,162.1591532686424,68.971142399522
9335,9337,5844,8668.036221644184,23008.31403640036,2.6543860048655934,2.4952160082998343
9335,9803,3653,8668.036221644184,2447793.9869787986,282.3931423898102,164.48975220552632
9337,9092,5844,23008.31403640036,1769149.9785675206,76.89176946075374,39.32688563192674
9337,9079,5844,23008.31403640036,1405601.4142037432,61.09102179238375,27.641351358000012
9337,9803,3653,23008.31403640036,2447793.9869787986,106.3873686314547,68.36396662706504
9341,9092,5844,1136.109012656546,1769149.9785675206,1557.2009013736674,1025.9293344910839
9341,9079,5844,1136.109012656546,1405601.4142037432,1237.2064639440255,721.0861665619724
9341,9335,5844,1136.109012656546,8668.036221644184,7.629581426676522,10.454896663665671
9341,9337,5844,1136.109012656546,23008.31403640036,20.251854161952625,26.087225520299114
9341,9803,3653,1136.109012656546,2447793.9869787986,2154.5414741981144,1706.3732562858797
8091,9092,5844,1037725.8636930209,1769149.9785675206,1.7048336564259219,2.5023549906241036
8091,9079,5844,1037725.8636930209,1405601.4142037432,1.354501668871912,1.7588088252310687
8091,9803,3653,1037725.8636930209,2447793.9869787986,2.3588059935864747,4.3602960431573194
9343,9092,5844,3529.6597647273215,1769149.9785675206,501.2239412554806,204.8402811793443
9343,9079,5844,3529.6597647273215,1405601.4142037432,398.22575202579924,143.97433443733314
9343,9337,5844,3529.6597647273215,23008.31403640036,6.518564272490958,5.208657585970877
9343,9342,5844,3529.6597647273215,11630.239753790402,3.29500306800502,2.6179567299114748
9343,9803,3653,3529.6597647273215,2447793.9869787986,693.4929002053259,299.49042177743223
9342,9092,5844,11630.239753790402,1769149.9785675206,152.1163807470898,78.24433415531314
9342,9079,5844,11630.239753790402,1405601.4142037432,120.85747533670961,54.994925161426025
9342,9337,5844,11630.239753790402,23008.31403640036,1.9783181192719383,1.9895888753466928
9342,9803,3653,11630.239753790402,2447793.9869787986,210.4680590252699,139.13369681949607
9344,9092,5844,440.2454667176368,1769149.9785675206,4018.553539592066,12152.201969110689
9344,9079,5844,440.2454667176368,1405601.4142037432,3192.7674910171495,8541.3141418163
9344,9337,5844,440.2454667176368,23008.31403640036,52.262466682382346,309.00494086531904
9344,9803,3653,440.2454667176368,2447793.9869787986,5560.06630852773,18817.296641375906
9345,9092,5844,1157.4334568609934,1769149.9785675206,1528.5111796971269,4283.603753541171
9345,9079,5844,1157.4334568609934,1405601.4142037432,1214.4122894250797,3010.779890842787
9345,9803,3653,1157.4334568609934,2447793.9869787986,2114.8464064770646,7996.591671025153
9355,9092,5844,271.5556483175317,1769149.9785675206,6514.870854385038,10159.964293980109
9355,9079,5844,271.5556483175317,1405601.4142037432,5176.108185973598,7141.047106121425
9355,9563,5844,271.5556483175317,3716.040970956568,13.68427058682049,9.726638590777442
9355,9803,3653,271.5556483175317,2447793.9869787986,9013.96823135337,17978.410354527292
9563,9092,5844,3716.040970956568,1769149.9785675206,476.08462672899793,1044.5504065107893
9563,9079,5844,3716.040970956568,1405601.4142037432,378.252399580492,734.1742000049625
9563,9803,3653,3716.040970956568,2447793.9869787986,658.7101719571992,1775.1092197302642
9253,9092,5844,32718.141063010156,1769149.9785675206,54.07244791690357,13.020384194434616
9253,9053,5844,32718.141063010156,304583.09334811225,9.309303140466678,3.2987259775382096
9253,9079,5844,32718.141063010156,1405601.4142037432,42.96091918843338,9.1515259485063
9253,9803,3653,32718.141063010156,2447793.9869787986,74.81458015187111,22.424983645666906
9264,9092,5844,9074.552580721322,1769149.9785675206,194.95726790167475,44.51779878921528
9264,9053,5844,9074.552580721322,304583.09334811225,33.56453011195197,11.27862412781747
9264,9079,5844,9074.552580721322,1405601.4142037432,154.8948448642979,31.28984404039521
9264,9253,5844,9074.552580721322,32718.141063010156,3.605482559274503,3.4190848844724413
9264,9803,3653,9074.552580721322,2447793.9869787986,269.74266391701565,73.90610870657042
9279,9092,5844,5266.086295375451,1769149.9785675206,335.9515737752237,76.28816554000383
9279,9053,5844,5266.086295375451,304583.09334811225,57.838606559788,19.327674950875245
9279,9079,5844,5266.086295375451,1405601.4142037432,266.91575780634435,53.620009676957544
9279,9253,5844,5266.086295375451,32718.141063010156,6.21298991847939,5.859133217636709
9279,9282,5844,5266.086295375451,9769.505822475305,1.8551738947108873,1.6175395459561854
9279,9803,3653,5266.086295375451,2447793.9869787986,464.8222322388434,124.56477030386782
9283,9092,5844,1655.19595028683,1769149.9785675206,1068.846246428372,224.67972429497635
9283,9053,5844,1655.19595028683,304583.09334811225,184.01633552530794,56.922809042359795
9283,9079,5844,1655.19595028683,1405601.4142037432,849.2054454097507,157.9187139399155
9283,9253,5844,1655.19595028683,32718.141063010156,19.766929140528894,17.255998051963214
9283,9282,5844,1655.19595028683,9769.505822475305,5.902325836878915,4.763888824028456
9283,9803,3653,1655.19595028683,2447793.9869787986,1478.8545045404555,379.0420203823206
9282,9092,5844,9769.505822475305,1769149.9785675206,181.08899372345837,47.163091456232166
9282,9053,5844,9769.505822475305,304583.09334811225,31.176919168971832,11.948811390234027
9282,9079,5844,9769.505822475305,1405601.4142037432,143.87640887321825,33.14911824629353
9282,9253,5844,9769.505822475305,32718.141063010156,3.3490067622192528,3.6222503692626353
9282,9803,3653,9769.505822475305,2447793.9869787986,250.5545348412106,80.90700926091336
9285,9092,5844,967.7744561990979,1769149.9785675206,1828.060213033312,680.1306263126717
9285,9053,5844,967.7744561990979,304583.09334811225,314.72528686523947,172.31170229953148
9285,9079,5844,967.7744561990979,1405601.4142037432,1452.4059869529892,478.03758953093865
9285,9253,5844,967.7744561990979,32718.141063010156,33.80760966920905,52.23583391674296
9285,9282,5844,967.7744561990979,9769.505822475305,10.094816782873888,14.420823684635684
9285,9803,3653,967.7744561990979,2447793.9869787986,2529.3021233402133,1145.0988490147738
9286,9092,5844,197.92623305922444,1769149.9785675206,8938.431006455558,8602.53391713052
9286,9053,5844,197.92623305922444,304583.09334811225,1538.8717737934892,2179.4596596636147
9286,9079,5844,197.92623305922444,1405601.4142037432,7101.642831666242,6046.389353025081
9286,9253,5844,197.92623305922444,32718.141063010156,165.30472266008354,660.6973948439675
9286,9803,3653,197.92623305922444,2447793.9869787986,12367.203422935645,14925.113246984434
9290,9092,5844,1475.720080783303,1769149.9785675206,1198.8384529052873,547.0582813891392
9290,9053,5844,1475.720080783303,304583.09334811225,206.39625177861743,138.59770472956635
9290,9079,5844,1475.720080783303,1405601.4142037432,952.4851172707894,384.506169919156
9290,9803,3653,1475.720080783303,2447793.9869787986,1658.711580098256,894.7600987941473
9294,9092,5844,428.6606094446303,1769149.9785675206,4127.157801738814,3106.7476861876958
9294,9053,5844,428.6606094446303,304583.09334811225,710.5460278767578,787.0973041229133
9294,9079,5844,428.6606094446303,1405601.4142037432,3279.054298982196,2183.6131439010264
9294,9803,3653,428.6606094446303,2447793.9869787986,5710.331047562647,5434.515483064588
9520,9092,5844,304.79478988055104,1769149.9785675206,5804.397047800095,5149.744311426842
9520,9053,5844,304.79478988055104,304583.09334811225,999.3054456983278,1304.6923258258737
9520,9079,5844,304.79478988055104,1405601.4142037432,4611.632025450953,3619.556688222739
9520,9803,3653,304.79478988055104,2447793.9869787986,8030.957444968427,9286.115347224895
9547,9092,5792,2167.2572709276233,1769149.9785675206,816.3082446646005,1862.396495726862
9547,9053,5792,2167.2572709276233,304583.09334811225,140.5385034042338,471.5572926904616
9547,9079,5792,2167.2572709276233,1405601.4142037432,648.5623248605467,1307.499447997751
9547,9803,3653,2167.2572709276233,2447793.9869787986,1129.4431998519035,3230.624571980316
9164,9092,5844,1254.3201391631098,1769149.9785675206,1410.4453267791016,330.2308787753892
9164,9053,5844,1254.3201391631098,304583.09334811225,242.82723671433035,83.66428840611874
9164,9079,5844,1254.3201391631098,1405601.4142037432,1120.6081847187506,232.10655008189195
9164,9166,5844,1254.3201391631098,5743.573901369263,4.579033471631422,1.9580747823432376
9164,9803,3653,1254.3201391631098,2447793.9869787986,1951.4906207373676,569.8686108734412
9164,9022,5844,1254.3201391631098,185993.1247381781,148.2820206189736,48.60370796847479
9164,9978,3287,1254.3201391631098,185001.50950172145,147.49146069292613,45.63154732653101
9166,9092,5844,5743.573901369263,1769149.9785675206,308.0224976552938,168.65080013961483
9166,9053,5844,5743.573901369263,304583.09334811225,53.03023841575364,42.72783101062018
9166,9079,5844,5743.573901369263,1405601.4142037432,244.7259212367145,118.53814378025385
9166,9803,3653,5743.573901369263,2447793.9869787986,426.1795928829691,298.73766404086723
9166,9022,5844,5743.573901369263,185993.1247381781,32.38282085894943,24.822191882942533
9166,9978,3287,5743.573901369263,185001.50950172145,32.21017308711171,22.485422474194518
9169,9092,5844,211.3587459853315,1769149.9785675206,8370.365609049844,2080.2699364223936
9169,9053,5844,211.3587459853315,304583.09334811225,1441.0716335781563,527.0382484183132
9169,9079,5844,211.3587459853315,1405601.4142037432,6650.311098558908,1462.1415173912044
9169,9166,5844,211.3587459853315,5743.573901369263,27.174526772447223,12.334776560207693
9169,9803,3653,211.3587459853315,2447793.9869787986,11581.228756668901,3569.144840204496
9169,9022,5844,211.3587459853315,185993.1247381781,879.9878323988836,306.17619061069723
9169,9978,3287,211.3587459853315,185001.50950172145,875.2962109008763,282.38964166333966
9189,9092,5844,529.1415646650871,1769149.9785675206,3343.4341520445096,2274.159465013629
9189,9053,5844,529.1415646650871,304583.09334811225,575.617403144079,576.1603338487822
9189,9079,5844,529.1415646650871,1405601.4142037432,2656.380651354424,1598.4189901254408
9189,9803,3653,529.1415646650871,2447793.9869787986,4625.971857886643,4192.68847205139
9191,9092,5844,2510.634146690967,1769149.9785675206,704.6625972562639,289.345220279901
9191,9053,5844,2510.634146690967,304583.09334811225,121.31719539844339,73.30587026931205
9191,9079,5844,2510.634146690967,1405601.4142037432,559.8591160947665,203.36959738865582
9191,9803,3653,2510.634146690967,2447793.9869787986,974.9704034755553,526.3578413326873
9194,9092,5802,16.223415242759206,1769149.9785675206,109049.17072606664,71016.92177781377
9194,9053,5802,16.223415242759206,304583.09334811225,18774.28943231007,17941.062865081523
9194,9079,5802,16.223415242759206,1405601.4142037432,86640.2907877913,49826.85387176932
9194,9191,5802,16.223415242759206,2510.634146690967,154.75373767625823,242.83833585904262
9194,9803,3611,16.223415242759206,2447793.9869787986,150880.3140615717,120322.12816948918
9199,9092,5844,1030.5576252814394,1769149.9785675206,1716.6919492584182,563.2392887564833
9199,9053,5844,1030.5576252814394,304583.09334811225,295.5517342030557,142.69717741395996
9199,9079,5844,1030.5576252814394,1405601.4142037432,1363.9231613272295,395.8791760135934
9199,9803,3653,1030.5576252814394,2447793.9869787986,2375.213114657533,973.410674228331
9204,9092,4922,211.5103819564506,1769149.9785675206,8364.364728591827,48402.10713241389
9204,9053,4922,211.5103819564506,304583.09334811225,1440.038500856308,11815.823620315487
9204,9079,4922,211.5103819564506,1405601.4142037432,6645.543359158382,33145.236084024444
9204,9803,2993,211.5103819564506,2447793.9869787986,11572.925944991166,96116.0282621733
9079,9092,5844,1405601.4142037432,1769149.9785675206,1.2586427138519374,1.4227555347269474
9079,9803,3653,1405601.4142037432,2447793.9869787986,1.741456690526628,2.4960554279362728
9002,9092,5844,116749.36225215072,1769149.9785675206,15.153401649822973,10.363068868007048
9002,9053,5844,116749.36225215072,304583.09334811225,2.6088630162303206,2.6254927636101715
9002,9079,5844,116749.36225215072,1405601.4142037432,12.039478307110407,7.283801478934966
9002,9803,3653,116749.36225215072,2447793.9869787986,20.96623004836762,18.05786630562658
9002,9022,5844,116749.36225215072,185993.1247381781,1.5930975651625179,1.5252467449005398
9002,9978,3287,116749.36225215072,185001.50950172145,1.5846040263771413,1.4381099612650272
9112,9092,5844,15422.77433036985,1769149.9785675206,114.71022921497257,54.95831067763018
9112,9053,5844,15422.77433036985,304583.09334811225,19.7489172067013,13.923737149891872
9112,9079,5844,15422.77433036985,1405601.4142037432,91.13803937569745,38.62807723195937
9112,9002,5844,15422.77433036985,116749.36225215072,7.569932604295,5.303285289099827
9112,9115,5844,15422.77433036985,44853.83976714144,2.9082860713858225,2.4905777296776983
9112,9116,5844,15422.77433036985,56771.11984207882,3.680992707666585,3.081186725857615
9112,9803,3653,15422.77433036985,2447793.9869787986,158.7129484322876,99.92689951868252
9112,9022,5844,15422.77433036985,185993.1247381781,12.059641200346723,8.08881862447843
9112,9978,3287,15422.77433036985,185001.50950172145,11.995345684169456,7.440041774885566
9115,9092,5844,44853.83976714144,1769149.9785675206,39.442553586316286,22.06649084778504
9115,9053,5844,44853.83976714144,304583.09334811225,6.790568988727706,5.590565186533536
9115,9079,5844,44853.83976714144,1405601.4142037432,31.337370925229997,15.509685472437821
9115,9002,5844,44853.83976714144,116749.36225215072,2.602884454447036,2.129339400214631
9115,9116,5844,44853.83976714144,56771.11984207882,1.2656914131946317,1.2371373473480574
9115,9803,3653,44853.83976714144,2447793.9869787986,54.5726742612564,37.8838302835564
9115,9022,5844,44853.83976714144,185993.1247381781,4.146648886778942,3.2477679889658333
9115,9978,3287,44853.83976714144,185001.50950172145,4.124541186711242,3.1457915887997587
9116,9092,5844,56771.11984207882,1769149.9785675206,31.162851525367035,17.836734858168366
9116,9053,5844,56771.11984207882,304583.09334811225,5.365106311014758,4.518952724624747
9116,9079,5844,56771.11984207882,1405601.4142037432,24.759092618108085,12.536753098339947
9116,9002,5844,56771.11984207882,116749.36225215072,2.056492149122906,1.7211827003518312
9116,9803,3653,56771.11984207882,2447793.9869787986,43.11688749117277,31.015839622940113
9116,9022,5844,56771.11984207882,185993.1247381781,3.276192635543535,2.6252283110907517
9116,9978,3287,56771.11984207882,185001.50950172145,3.258725739713137,2.490843493450626
9122,9092,4664,1175.7701545030652,1769149.9785675206,1504.6733171376043,2885.984488800184
9122,9053,4664,1175.7701545030652,304583.09334811225,259.04985951683994,752.1056160395402
9122,9079,4664,1175.7701545030652,1405601.4142037432,1195.47294921584,2035.3091668739512
9122,9002,4664,1175.7701545030652,116749.36225215072,99.29607568708393,272.12518262053186
9122,9116,4664,1175.7701545030652,56771.11984207882,48.2841987650834,157.70821912349348
9122,9803,3560,1175.7701545030652,2447793.9869787986,2081.8643657555244,4815.615144080983
9122,9022,4664,1175.7701545030652,185993.1247381781,158.1883364072865,436.72644463805204
9122,9978,2156,1175.7701545030652,185001.50950172145,157.34496133720253,447.5522982548783
9124,9092,5780,42120.37400782593,1769149.9785675206,42.002238114951545,29.619716468195197
9124,9053,5780,42120.37400782593,304583.09334811225,7.231253295412833,7.54136194675867
9124,9079,5780,42120.37400782593,1405601.4142037432,33.37105729266753,20.8660108098959
9124,9002,5780,42120.37400782593,116749.36225215072,2.7718026015262542,2.86061337130127
9124,9125,5778,42120.37400782593,54507.42897102898,1.2940870126390984,1.109597436414318
9124,9127,5780,42120.37400782593,59696.59089466056,1.4172853945591506,1.2421111539554934
9124,9803,3617,42120.37400782593,2447793.9869787986,58.11425099226329,53.73994621884202
9124,9022,5780,42120.37400782593,185993.1247381781,4.415751975602609,4.380070170754398
9124,9978,3259,42120.37400782593,185001.50950172145,4.392209562701137,3.9575579995846377
9125,9092,5842,54507.42897102898,1769149.9785675206,32.45704323181037,26.67229161047039
9125,9053,5842,54507.42897102898,304583.09334811225,5.587918914869383,6.757034154592872
9125,9079,5842,54507.42897102898,1405601.4142037432,25.787336528949634,18.745080163264753
9125,9002,5842,54507.42897102898,116749.36225215072,2.1418981679397078,2.5739736649718186
9125,9127,5842,54507.42897102898,59696.59089466056,1.0952010032685573,1.1196780584311739
9125,9803,3653,54507.42897102898,2447793.9869787986,44.90752972920105,48.74629838545633
9125,9022,5842,54507.42897102898,185993.1247381781,3.4122527561708065,3.9252858643503346
9125,9978,3285,54507.42897102898,185001.50950172145,3.394060461007083,3.532763113177529
9127,9092,5844,59696.59089466056,1769149.9785675206,29.63569530610765,23.82323189166074
9127,9053,5844,59696.59089466056,304583.09334811225,5.102185715857269,6.035637100749198
9127,9079,5844,59696.59089466056,1405601.4142037432,23.545756853754682,16.744431007420292
9127,9002,5844,59696.59089466056,116749.36225215072,1.9557123866279795,2.2988587835412364
9127,9803,3653,59696.59089466056,2447793.9869787986,41.003915806484294,43.18947172044258
9127,9022,5844,59696.59089466056,185993.1247381781,3.115640641295211,3.506326876582285
9127,9978,3287,59696.59089466056,185001.50950172145,3.0990297222863443,3.162338153587416
9134,9092,5634,887.4264842314271,1769149.9785675206,1993.5735635608478,3242.7751466286
9134,9053,5634,887.4264842314271,304583.09334811225,343.22064842577055,814.640068077215
9134,9079,5634,887.4264842314271,1405601.4142037432,1583.9074438048708,2270.3034271961556
9134,9002,5634,887.4264842314271,116749.36225215072,131.5594748710523,316.2871986405144
9134,9125,5632,887.4264842314271,54507.42897102898,61.421909239317095,122.75990332151362
9134,9127,5634,887.4264842314271,59696.59089466056,67.26933662157035,137.155967909338
9134,9803,3558,887.4264842314271,2447793.9869787986,2758.306215188921,6523.073951194301
9134,9022,5634,887.4264842314271,185993.1247381781,209.58707909113286,473.1952858566745
9134,9978,3145,887.4264842314271,185001.50950172145,208.46967358873178,430.689664522943
9138,9092,4332,1974.25965112922,1769149.9785675206,896.1080562810558,1702.0471802417853
9138,9053,4332,1974.25965112922,304583.09334811225,154.27712012140827,436.9704201650631
9138,9079,4332,1974.25965112922,1405601.4142037432,711.963805469954,1184.9985685921145
9138,9803,3653,1974.25965112922,2447793.9869787986,1239.85413244845,3118.7676242739644
9138,9022,4332,1974.25965112922,185993.1247381781,94.2090492665417,255.06116710050964
9092,9803,3653,1769149.9785675206,2447793.9869787986,1.383598912829751,1.730014140354575
9207,9092,5844,14652.3266274311,1769149.9785675206,120.74191516147593,33.22929175711681
9207,9053,5844,14652.3266274311,304583.09334811225,20.78735350998061,8.418670777875407
9207,9079,5844,14652.3266274311,1405601.4142037432,95.93025394153246,23.35558776335677
9207,9803,3653,14652.3266274311,2447793.9869787986,167.0583825504001,54.651423101416
9207,9213,5844,14652.3266274311,29658.46959384707,2.0241474509804114,1.2464315140515485
9213,9092,5844,29658.46959384707,1769149.9785675206,59.65075079040989,26.65954076297733
9213,9053,5844,29658.46959384707,304583.09334811225,10.269683416547592,6.7542184893178465
9213,9079,5844,29658.46959384707,1405601.4142037432,47.39291788998272,18.737963137211608
9213,9803,3653,29658.46959384707,2447793.9869787986,82.53271394308952,44.07238180844616
9215,9092,5844,391.23469467306626,1769149.9785675206,4521.965977597933,1804.1674615404274
9215,9053,5844,391.23469467306626,304583.09334811225,778.517594413849,457.0874395362653
9215,9079,5844,391.23469467306626,1405601.4142037432,3592.7320182539756,1268.079735066137
9215,9803,3653,391.23469467306626,2447793.9869787986,6256.587210457621,3293.3468537480403
9215,9207,5844,391.23469467306626,14652.3266274311,37.451501175465175,54.29449037697362
9215,9213,5844,391.23469467306626,29658.46959384707,75.80736063970771,67.67436384522847
9216,9092,5844,4427.626041545367,1769149.9785675206,399.5707771991595,171.26426119220952
9216,9053,5844,4427.626041545367,304583.09334811225,68.79151276330558,43.38995370506135
9216,9079,5844,4427.626041545367,1405601.4142037432,317.46163768454767,120.37504477188924
9216,9803,3653,4427.626041545367,2447793.9869787986,552.8456929312957,297.3293308634425
9216,9207,5844,4427.626041545367,14652.3266274311,3.3092963339598174,5.1540147904455225
9216,9213,5844,4427.626041545367,29658.46959384707,6.698503738923584,6.424126458699087
9217,9092,5844,1070.060880494283,1769149.9785675206,1653.317125050225,631.6790898948303
9217,9053,5844,1070.060880494283,304583.09334811225,284.64090118631293,160.03646222624025
9217,9079,5844,1070.060880494283,1405601.4142037432,1313.5714423598656,443.9828730071052
9217,9803,3653,1070.060880494283,2447793.9869787986,2287.527776782301,1075.7995736810024
9217,9207,5844,1070.060880494283,14652.3266274311,13.692984104477205,19.009706692275252
9217,9213,5844,1070.060880494283,29658.46959384707,27.716618871392825,23.6942974941285
9217,9216,5844,1070.060880494283,4427.626041545367,4.137732835817861,3.6883298681089003
9223,9092,4884,122.17845020678332,1769149.9785675206,14480.049268699086,13511.547564822464
9223,9053,4884,122.17845020678332,304583.09334811225,2492.9362979528273,3249.430896122561
9223,9079,4884,122.17845020678332,1405601.4142037432,11504.495365793275,9204.508840625678
9223,9803,3225,122.17845020678332,2447793.9869787986,20034.580425893284,26178.100421400773
9223,9213,4884,122.17845020678332,29658.46959384707,242.74714193584063,547.2889809073343
9226,9092,5844,1933.4220755771794,1769149.9785675206,915.0355739262886,404.28443988458247
9226,9053,5844,1933.4220755771794,304583.09334811225,157.53574824430711,102.42582432642779
9226,9079,5844,1933.4220755771794,1405601.4142037432,727.0018440149096,284.1559424769147
9226,9803,3653,1933.4220755771794,2447793.9869787986,1266.04222528496,662.4257778411452
9226,9213,5844,1933.4220755771794,29658.46959384707,15.339883602494403,15.164718832892309
9237,9092,5817,1095.1391320803648,1769149.9785675206,1615.4568189037143,5584.817444871581
9237,9053,5817,1095.1391320803648,304583.09334811225,278.12273749136835,1414.2221612399424
9237,9079,5817,1095.1391320803648,1405601.4142037432,1283.4911775398011,3923.3317256099235
9237,9803,3626,1095.1391320803648,2447793.9869787986,2235.1442983585866,9438.679273951115
9297,9092,5808,180.64198437424824,1769149.9785675206,9793.681046496105,62074.596172614
9297,9053,5808,180.64198437424824,304583.09334811225,1686.1146338886913,15702.926987877298
9297,9079,5808,180.64198437424824,1405601.4142037432,7781.144671726278,43583.159663824976
9297,9803,3617,180.64198437424824,2447793.9869787986,13550.526448533348,119290.98087363555
9298,9092,5844,162.5958179895687,1769149.9785675206,10880.661018483392,32101.921032567596
9298,9053,5844,162.5958179895687,304583.09334811225,1873.252935494643,8133.05039679816
9298,9079,5844,162.5958179895687,1405601.4142037432,8644.757482593552,22563.20235558144
9298,9803,3653,162.5958179895687,2447793.9869787986,15054.47075604267,56486.42486977478
9235,9092,5769,270.4840785427488,1769149.9785675206,6540.680649666831,9222.503135871491
9235,9053,5769,270.4840785427488,304583.09334811225,1126.0666246570747,2329.2717462124897
9235,9079,5769,270.4840785427488,1405601.4142037432,5196.614239834431,6468.937706525793
9235,9803,3578,270.4840785427488,2447793.9869787986,9049.678636045617,17092.01696321628
9235,9213,5769,270.4840785427488,29658.46959384707,109.64959473265144,347.66978905246816
9566,9092,5795,2694.2120910700955,1769149.9785675206,656.6483701974792,222.96922737271612
9566,9053,5795,2694.2120910700955,304583.09334811225,113.05089690512709,56.37479352362409
9566,9079,5795,2694.2120910700955,1405601.4142037432,521.7114936357747,156.5706878467318
9566,9803,3604,2694.2120910700955,2447793.9869787986,908.5379711166601,379.19983256969226
9566,9022,5795,2694.2120910700955,185993.1247381781,69.03432931455102,32.70379384547454
9566,9978,3238,2694.2120910700955,185001.50950172145,68.66627542609015,30.603474375925842
9577,9092,4540,2337.3258301065202,1769149.9785675206,756.9120042141896,206.2175965883517
9577,9053,4540,2337.3258301065202,304583.09334811225,130.31263738450676,51.33067128251197
9577,9079,4540,2337.3258301065202,1405601.4142037432,601.3716171269476,143.58347398205072
9577,9803,2349,2337.3258301065202,2447793.9869787986,1047.2626261385406,334.79907149069254
9577,9207,4540,2337.3258301065202,14652.3266274311,6.268842126629535,5.959382029584703
9577,9213,4540,2337.3258301065202,29658.46959384707,12.689060811215793,7.444162464497802
9522,9092,5810,82.01349664048395,1769149.9785675206,21571.449225275723,49434.988033356065
9522,9053,5810,82.01349664048395,304583.09334811225,3713.81669877202,12490.871137735827
9522,9079,5810,82.01349664048395,1405601.4142037432,17138.659754569013,34701.154864893084
9522,9803,3619,82.01349664048395,2447793.9869787986,29846.23369625366,100900.0021942467
9522,9213,5810,82.01349664048395,29658.46959384707,361.6291318959189,1855.847403788154
10031,11801,5074,2398595.9215495987,2663201.4639564455,1.1103168482984411,1.225328074648083
9318,9092,2557,292.2900254117779,1769149.9785675206,6052.721012546165,1905.2115049937936
9318,9053,2557,292.2900254117779,304583.09334811225,1042.0577743596139,470.1738467716504
9318,9316,2179,292.2900254117779,9311.113093252206,31.855733291393438,18.266939579868783
9318,9079,2557,292.2900254117779,1405601.4142037432,4808.9270655867695,1293.4409245213067
9318,9312,2557,292.2900254117779,3515.9843963327953,12.029094702699759,10.097411567123917
9318,9803,2557,292.2900254117779,2447793.9869787986,8374.538212620662,3229.620967061368
9374,9092,2496,18971.86400298014,1769149.9785675206,93.2512471251965,45.215924561247014
9374,9803,2496,18971.86400298014,2447793.9869787986,129.0223241424403,78.64149799945133
9978,9092,3287,185001.50950172145,1769149.9785675206,9.562894828980077,7.079754064910295
9978,9053,3287,185001.50950172145,304583.09334811225,1.6463816655792103,1.8318740928682338
9978,9079,3287,185001.50950172145,1405601.4142037432,7.597783488305343,5.115516451841796
9978,9022,3287,185001.50950172145,185993.1247381781,1.0053600386241575,1.0515757386855928
9022,9092,5844,185993.1247381781,1769149.9785675206,9.511910620663786,6.794355669110322
9022,9053,5844,185993.1247381781,304583.09334811225,1.6376040446488163,1.721356083786547
9022,9079,5844,185993.1247381781,1405601.4142037432,7.55727619600135,4.775490590809251
9022,9803,3653,185993.1247381781,2447793.9869787986,13.160669193684175,11.614145464256117
9422,9803,3602,9071.942739960783,2447793.9869787986,269.82026420830124,134.2521174510779
9256,9092,5844,9157.642440786169,1769149.9785675206,193.1883658929625,40.44130247594931
9256,9053,5844,9157.642440786169,304583.09334811225,33.25998970996778,10.24584014194576
9256,9079,5844,9157.642440786169,1405601.4142037432,153.48944046379196,28.424631982690354
9256,9253,5844,9157.642440786169,32718.141063010156,3.5727690040933022,3.105999168076422
9256,9803,3653,9157.642440786169,2447793.9869787986,267.2952130208591,68.052188283496
9415,9803,3653,438548.85965270246,2447793.9869787986,5.5815764494685185,5.0280745362383
3403,3801,2624,20223.320999378662,78335.22798019207,3.873509597291109,4.302255046507511
3404,3811,3401,13604.242548555061,197494.93927173578,14.51715805322158,14.4891304313573
3404,3405,3619,13604.242548555061,88740.97131336255,6.523036545153919,7.155830269622662
3404,3407,3636,13604.242548555061,126691.90696040203,9.312676285226793,9.61880479369068
3405,3811,4338,88740.97131336255,197494.93927173578,2.225521496427402,1.9979562130931108
3405,3407,4687,88740.97131336255,126691.90696040203,1.4276596828428545,1.3506453712275868
3407,3811,5358,126691.90696040203,197494.93927173578,1.558859946227374,1.4770696025060268
3110,3095,3145,487.5724133247681,14209.934578732782,29.144254659189787,11.791574451870524
3110,3096,3146,487.5724133247681,18440.090045394874,37.820207914659186,12.83283831180871
3110,3102,3147,487.5724133247681,149109.03806359178,305.8192670229508,103.92411856068198
3110,3106,3147,487.5724133247681,192720.23711613746,395.26485061362166,286.1696286954275
3110,3029,3147,487.5724133247681,447530.2916159927,917.8745133759164,624.2288339541869
3110,3036,3147,487.5724133247681,774662.4643754693,1588.815206120927,1093.0488495420923
3110,3042,3147,487.5724133247681,901466.7170578204,1848.8878624422105,1155.8709328112059
3133,3131,3334,266.56713790377444,10982.834330041358,41.20100630710882,51.77577492228946
3133,3102,3381,266.56713790377444,149109.03806359178,559.367667133138,542.3165939857931
3133,3106,3381,266.56713790377444,192720.23711613746,722.9707256177456,1499.4040904925619
3133,3821,2001,266.56713790377444,2429939.1155158486,9115.67395225217,19227.108270298777
3133,3029,3381,266.56713790377444,447530.2916159927,1678.8652012219993,3280.246963325946
3133,3036,3381,266.56713790377444,774662.4643754693,2906.068881810583,5734.577023312038
3133,3042,3381,266.56713790377444,901466.7170578204,3381.762373812305,6069.22872486769
3655,3095,3366,2539.726545909901,14209.934578732782,5.595064792159278,3.7258974696618186
3655,3096,3367,2539.726545909901,18440.090045394874,7.260659646642546,4.062132339088472
3655,3102,3368,2539.726545909901,149109.03806359178,58.710666431283414,32.8946029572089
3655,3106,3368,2539.726545909901,192720.23711613746,75.88227851793867,90.7723570916928
3655,3029,3368,2539.726545909901,447530.2916159927,176.21199901883818,199.50078246932614
3655,3036,3368,2539.726545909901,774662.4643754693,305.0180601620373,348.8276067781799
3655,3042,3368,2539.726545909901,901466.7170578204,354.94636952532795,368.8047775791554
3131,3102,3572,10982.834330041358,149109.03806359178,13.576553518223768,10.50141481319239
3131,3106,3572,10982.834330041358,192720.23711613746,17.54740455193698,29.142629143153002
3131,3821,2151,10982.834330041358,2429939.1155158486,221.24881815518546,365.2276782848298
3131,3029,3572,10982.834330041358,447530.2916159927,40.748160098515065,63.90053764992065
3131,3036,3572,10982.834330041358,774662.4643754693,70.53392968484776,111.738090417414
3131,3042,3572,10982.834330041358,901466.7170578204,82.07960622623958,118.41283140854344
3171,3163,3847,1118.6222861525157,37204.22595945997,33.25897080722693,36.0500100298943
3171,3821,2390,1118.6222861525157,2429939.1155158486,2172.2605973403115,1758.3903265580884
3171,3036,3890,1118.6222861525157,774662.4643754693,692.5147781919391,727.1480776548144
3171,3169,3890,1118.6222861525157,114261.31091527213,102.14467593728368,124.92689477707108
3171,3042,3890,1118.6222861525157,901466.7170578204,805.8723022213346,771.8750252610193
3113,3096,3636,1878.5570124390686,18440.090045394874,9.81609284322585,19.387983999308307
3113,3102,3726,1878.5570124390686,149109.03806359178,79.3742415461709,156.9809723628546
3113,3106,3726,1878.5570124390686,192720.23711613746,102.5895066479322,436.6131691787091
3113,3821,2291,1878.5570124390686,2429939.1155158486,1293.5136380880344,3606.058698686866
3113,3029,3726,1878.5570124390686,447530.2916159927,238.23088075188693,960.7135560450913
3113,3036,3726,1878.5570124390686,774662.4643754693,412.3710162885438,1680.52762061266
3113,3042,3726,1878.5570124390686,901466.7170578204,479.87189693400893,1781.5769948948112
3095,3096,4053,14209.934578732782,18440.090045394874,1.2976900029499876,1.0905844532796904
3095,3102,4117,14209.934578732782,149109.03806359178,10.493295182847286,8.854132551747872
3095,3106,4117,14209.934578732782,192720.23711613746,13.562359210616712,24.76158367442114
3095,3821,2580,14209.934578732782,2429939.1155158486,171.0028362236518,227.18367474907598
3095,3029,4117,14209.934578732782,447530.2916159927,31.49418381459591,55.1008691820143
3095,3036,4117,14209.934578732782,774662.4643754693,54.51555459902422,96.06390290314495
3095,3042,4117,14209.934578732782,901466.7170578204,63.43918841167611,102.07325855462389
3096,3102,4237,18440.090045394874,149109.03806359178,8.08613394492775,8.120117975767945
3096,3106,4237,18440.090045394874,192720.23711613746,10.451154882742362,22.745641630856024
3096,3821,2714,18440.090045394874,2429939.1155158486,131.77479662702018,213.31634592910748
3096,3029,4237,18440.090045394874,447530.2916159927,24.269420079527023,50.86437674047955
3096,3036,4237,18440.090045394874,774662.4643754693,42.00968989134243,88.64907868086506
3096,3042,4237,18440.090045394874,901466.7170578204,48.88624268312332,94.26797661680358
3163,3821,3277,37204.22595945997,2429939.1155158486,65.31352427984017,54.311222982378766
3163,3036,5001,37204.22595945997,774662.4643754693,20.82189440574814,20.97590433628935
3163,3169,5001,37204.22595945997,114261.31091527213,3.0711917253641654,3.511247502232464
3163,3042,5001,37204.22595945997,901466.7170578204,24.2302236858822,22.41795927335385
3136,3135,5844,2479.003717513727,9946.263678017787,4.0122020018563,2.3638266905826537
3136,3106,5844,2479.003717513727,192720.23711613746,77.74100367603434,51.30848382686114
3136,3821,3988,2479.003717513727,2429939.1155158486,980.2079352881782,472.0382586254564
3136,3029,5844,2479.003717513727,447530.2916159927,180.52828580056962,118.89909291702081
3136,3036,5844,2479.003717513727,774662.4643754693,312.48943230807384,205.38366227290945
3136,3042,5844,2479.003717513727,901466.7170578204,363.6407282042846,220.06178056608118
3569,3106,5844,3168.646021131362,192720.23711613746,60.82100551178856,45.64201542274222
3569,3821,3988,3168.646021131362,2429939.1155158486,766.8698552349629,450.30637327822114
3569,3029,5844,3168.646021131362,447530.2916159927,141.23707370007915,105.76797106266616
3569,3036,5844,3168.646021131362,774662.4643754693,244.477439010015,182.70125292869886
3569,3042,5844,3168.646021131362,901466.7170578204,284.495873330765,195.75833143786835
3175,3178,4408,246.09742609432965,4163.994628209531,16.92010637532415,15.391128872836422
3175,3821,2883,246.09742609432965,2429939.1155158486,9873.890816657497,6069.843042256769
3175,3036,4408,246.09742609432965,774662.4643754693,3147.7877549135337,2213.592422716993
3175,3180,4408,246.09742609432965,62379.32667886289,253.47411254497544,289.1696434240904
3175,3042,4408,246.09742609432965,901466.7170578204,3663.0481324590787,2358.591249000104
3135,3106,5844,9946.263678017787,192720.23711613746,19.376143982797075,21.705687659451144
3135,3821,3988,9946.263678017787,2429939.1155158486,244.30672604088016,200.93317109329735
3135,3029,5844,9946.263678017787,447530.2916159927,44.99481474687609,50.29941213148485
3135,3036,5844,9946.263678017787,774662.4643754693,77.88477054831644,86.8860915612578
3135,3042,5844,9946.263678017787,901466.7170578204,90.63370389527776,93.09556468026796
3119,3102,3488,3659.1775911406157,149109.03806359178,40.74933078531246,42.56920551151756
3119,3120,3394,3659.1775911406157,9922.6718062111,2.711721844338817,3.2676405668691944
3119,3106,3488,3659.1775911406157,192720.23711613746,52.667637007490505,118.00946670670814
3119,3821,2068,3659.1775911406157,2429939.1155158486,664.0670082258575,1192.9046944697614
3119,3029,3488,3659.1775911406157,447530.2916159927,122.30351779031622,258.5801221536245
3119,3036,3488,3659.1775911406157,774662.4643754693,211.70398131291472,452.07897664024046
3119,3042,3488,3659.1775911406157,901466.7170578204,246.35773875539638,478.9795140046417
3178,3821,3988,4163.994628209531,2429939.1155158486,583.5596182218645,346.8008590262599
3178,3036,5844,4163.994628209531,774662.4643754693,186.0382958055268,145.06107543431457
3178,3180,5844,4163.994628209531,62379.32667886289,14.980645329431002,18.579706010168547
3178,3042,5844,4163.994628209531,901466.7170578204,216.49084534132567,155.42812995752348
3102,3106,5844,149109.03806359178,192720.23711613746,1.2924785755370942,2.8517202471617815
3102,3821,3988,149109.03806359178,2429939.1155158486,16.29639052784669,32.08952239772037
3102,3029,5844,149109.03806359178,447530.2916159927,3.001362609724105,6.608399339664936
3102,3036,5844,149109.03806359178,774662.4643754693,5.195275044595838,11.415202797968234
3102,3042,5844,149109.03806359178,901466.7170578204,6.045687966100112,12.23101110109646
3120,3102,3508,9922.6718062111,149109.03806359178,15.027105700528857,13.03186687036695
3120,3106,3508,9922.6718062111,192720.23711613746,19.422212170264885,36.16654043430225
3120,3821,2090,9922.6718062111,2429939.1155158486,244.88758299904947,368.63410431780557
3120,3029,3508,9922.6718062111,447530.2916159927,45.101793181939264,79.10273254091283
3120,3036,3508,9922.6718062111,774662.4643754693,78.06994723846142,138.46137616335406
3120,3042,3508,9922.6718062111,901466.7170578204,90.84919209900171,146.7577519860207
3641,3607,2708,127.2485559091497,877.8408260526371,6.8986309493317926,4.341236334200444
3641,3106,2708,127.2485559091497,192720.23711613746,1514.518068509413,540.5625567933511
3641,3029,2708,127.2485559091497,447530.2916159927,3516.9773709299393,1258.2025941232532
3641,3036,2708,127.2485559091497,774662.4643754693,6087.789828660584,2152.0100385991823
3641,3042,2708,127.2485559091497,901466.7170578204,7084.298211615313,2299.0340600704103
3607,3106,2738,877.8408260526371,192720.23711613746,219.5389316565935,124.83810985050846
3607,3029,2738,877.8408260526371,447530.2916159927,509.80801796196926,291.34655233891544
3607,3036,2738,877.8408260526371,774662.4643754693,882.46347331426,497.6908947195339
3607,3042,2738,877.8408260526371,901466.7170578204,1026.9136389012815,532.2928401721703
3001,3003,5844,4569.634736022515,17068.617407676775,3.7352257661043557,1.7815809413870671
3001,3017,5844,4569.634736022515,88818.7203991282,19.43672208611524,10.19488639441161
3001,3021,5844,4569.634736022515,138866.01293087634,30.388864964674962,27.808613939027406
3001,3008,5844,4569.634736022515,58585.423663986934,12.82059224606224,4.455286224535385
3001,3014,5844,4569.634736022515,74168.89118471296,16.230813942313205,7.170239506848351
3001,3669,5700,4569.634736022515,42990.74600041038,9.407917368430683,3.68198971558415
3001,3821,3988,4569.634736022515,2429939.1155158486,531.7578440921313,333.8281689345321
3001,3029,5844,4569.634736022515,447530.2916159927,97.93568139880047,96.20145213583244
3001,3036,5844,4569.634736022515,774662.4643754693,169.523935527886,166.1762598089663
3001,3042,5844,4569.634736022515,901466.7170578204,197.27325467647154,178.05234952320922
3056,3003,5549,1471.744438127754,17068.617407676775,11.597541642073557,11.491423402032689
3056,3603,5549,1471.744438127754,2755.3366665271674,1.8721570098354208,2.220174561963587
3056,3017,5549,1471.744438127754,88818.7203991282,60.34928218388031,66.3291770464913
3056,3021,5549,1471.744438127754,138866.01293087634,94.3547054321004,181.0557860815112
3056,3008,5549,1471.744438127754,58585.423663986934,39.806791278596606,28.900339949616114
3056,3014,5549,1471.744438127754,74168.89118471296,50.395224376771026,46.577660884084956
3056,3669,5405,1471.744438127754,42990.74600041038,29.2107412718339,23.980337645048404
3056,3821,3796,1471.744438127754,2429939.1155158486,1651.0605051832506,2247.3367834914934
3056,3029,5549,1471.744438127754,447530.2916159927,304.08152395351203,628.6682062005499
3056,3036,5549,1471.744438127754,774662.4643754693,526.3566447452918,1087.2637637161208
3056,3042,5549,1471.744438127754,901466.7170578204,612.5157966994601,1163.650043697795
3003,3017,5844,17068.617407676775,88818.7203991282,5.2036271174009165,5.722381822559396
3003,3021,5844,17068.617407676775,138866.01293087634,8.135750518868624,15.608953426150114
3003,3008,5844,17068.617407676775,58585.423663986934,3.432347346284625,2.500748700795305
3003,3014,5844,17068.617407676775,74168.89118471296,4.345336790509745,4.02464987151574
3003,3669,5700,17068.617407676775,42990.74600041038,2.5187011328213895,2.0801876999462134
3003,3821,3988,17068.617407676775,2429939.1155158486,142.36297278670972,185.68208430281416
3003,3029,5844,17068.617407676775,447530.2916159927,26.219481105406444,53.99780043725314
3003,3036,5844,17068.617407676775,774662.4643754693,45.38519118877534,93.27460568790556
3003,3042,5844,17068.617407676775,901466.7170578204,52.81427871553188,99.94064562937277
3127,3102,2738,15642.235037065704,149109.03806359178,9.532463724670055,7.282886581737068
3127,3106,2738,15642.235037065704,192720.23711613746,12.320505136220577,20.23903596268069
3127,3029,2738,15642.235037065704,447530.2916159927,28.610380201776078,47.23376024718244
3127,3036,2738,15642.235037065704,774662.4643754693,49.52377090229343,80.68677047889754
3127,3042,2738,15642.235037065704,901466.7170578204,57.6303012275236,86.29651592628723
3057,3003,3097,291.2031033574713,17068.617407676775,58.614132922628585,221.49054719921466
3057,3017,3097,291.2031033574713,88818.7203991282,305.00609153913194,1238.7223346979713
3057,3021,3097,291.2031033574713,138866.01293087634,476.86996233831,3376.039291658032
3057,3008,3097,291.2031033574713,58585.423663986934,201.1840635917585,527.4636828224736
3057,3014,3097,291.2031033574713,74168.89118471296,254.6981482325265,869.9608213527634
3057,3669,2972,291.2031033574713,42990.74600041038,147.6314829915681,435.8337339580141
3057,3029,3097,291.2031033574713,447530.2916159927,1536.832150674642,11846.76688923777
3057,3036,3097,291.2031033574713,774662.4643754693,2660.213629057789,20467.899975343713
3057,3042,3097,291.2031033574713,901466.7170578204,3095.6631528449393,21582.478230840916
3059,3003,5844,3274.5815343014956,17068.617407676775,5.212457600729034,11.130172083992651
3059,3017,5844,3274.5815343014956,88818.7203991282,27.123685719456123,63.69109441539757
3059,3021,5844,3274.5815343014956,138866.01293087634,42.40725462971194,173.73033768407743
3059,3008,5844,3274.5815343014956,58585.423663986934,17.890965013483427,27.833763378672792
3059,3014,5844,3274.5815343014956,74168.89118471296,22.64988378142003,44.795045647789095
3059,3669,5700,3274.5815343014956,42990.74600041038,13.12862286373968,23.02981643934162
3059,3821,3988,3274.5815343014956,2429939.1155158486,742.0609595644659,2148.5044075776073
3059,3029,5844,3274.5815343014956,447530.2916159927,136.66793357504713,601.004811023721
3059,3036,5844,3274.5815343014956,774662.4643754693,236.5683847724724,1038.1624123729487
3059,3042,5844,3274.5815343014956,901466.7170578204,275.2921885177958,1112.3565840402468
3603,3003,5844,2755.3366665271674,17068.617407676775,6.194748400452312,5.20495372305327
3603,3017,5844,2755.3366665271674,88818.7203991282,32.235160762069604,29.78473257206289
3603,3021,5844,2755.3366665271674,138866.01293087634,50.39892751324047,81.24388024840513
3603,3008,5844,2755.3366665271674,58585.423663986934,21.262528233193418,13.016281260625153
3603,3014,5844,2755.3366665271674,74168.89118471296,26.918268132436825,20.94811633273172
3603,3669,5700,2755.3366665271674,42990.74600041038,15.602719813762727,10.768672349203799
3603,3821,3988,2755.3366665271674,2429939.1155158486,881.9027979541061,1008.8484921550437
3603,3029,5844,2755.3366665271674,447530.2916159927,162.42308863840617,281.05605242256826
3603,3036,5844,2755.3366665271674,774662.4643754693,281.14984052088835,485.49000614158984
3603,3042,5844,2755.3366665271674,901466.7170578204,327.17116859408367,520.1864355529514
3017,3021,5844,88818.7203991282,138866.01293087634,1.5634768470751284,2.7277021894300724
3017,3821,3988,88818.7203991282,2429939.1155158486,27.358411656870704,30.49080476991938
3017,3029,5844,88818.7203991282,447530.2916159927,5.038693302548248,9.436245624920927
3017,3036,5844,88818.7203991282,774662.4643754693,8.721837703744637,16.299961900512873
3017,3042,5844,88818.7203991282,901466.7170578204,10.149512546531449,17.464868428628073
3068,3017,5844,7475.6920950909425,88818.7203991282,11.881003025452683,15.540314937620664
3068,3021,5844,7475.6920950909425,138866.01293087634,18.57567315032482,42.389351079780745
3068,3008,5844,7475.6920950909425,58585.423663986934,7.83678927900979,6.791301873111136
3068,3014,5844,7475.6920950909425,74168.89118471296,9.921341093410923,10.929771632930905
3068,3669,5700,7475.6920950909425,42990.74600041038,5.750737918786286,5.798646950648631
3068,3821,3988,7475.6920950909425,2429939.1155158486,325.0453716668608,474.99186005778006
3068,3029,5844,7475.6920950909425,447530.2916159927,59.86473037190391,146.64222884001632
3068,3036,5844,7475.6920950909425,774662.4643754693,103.62418014569732,253.3065414051879
3068,3042,5844,7475.6920950909425,901466.7170578204,120.58638927221011,271.40955572498837
3581,3821,3855,1754.924775751766,2429939.1155158486,1384.6400421778326,1588.3308391125354
3581,3029,5572,1754.924775751766,447530.2916159927,255.01394578253755,436.30299077678455
3581,3036,5572,1754.924775751766,774662.4643754693,441.422034197234,752.6351761113194
3581,3042,5572,1754.924775751766,901466.7170578204,513.6782667346266,808.3275848131638
3577,3821,3988,6706.372927133018,2429939.1155158486,362.33283503884275,133.94281077704437
3577,3029,5844,6706.372927133018,447530.2916159927,66.73209147158364,37.62857058292806
3577,3036,5844,6706.372927133018,774662.4643754693,115.51139085052915,64.998760232847
3577,3042,5844,6706.372927133018,901466.7170578204,134.41941372073362,69.64401526944042
3087,3021,5844,46484.08308467025,138866.01293087634,2.987388450320369,2.0505685435223975
3087,3821,3988,46484.08308467025,2429939.1155158486,52.27464874567367,24.564644791956074
3087,3029,5844,46484.08308467025,447530.2916159927,9.627602867863848,7.093761379960849
3087,3036,5844,46484.08308467025,774662.4643754693,16.665112291543537,12.2536064469666
3087,3042,5844,46484.08308467025,901466.7170578204,19.393019228018517,13.129332797135357
3147,3821,3988,9396.675994856314,2429939.1155158486,258.5956051742109,92.34161534620107
3147,3029,5844,9396.675994856314,447530.2916159927,47.62644703946036,23.401053415544144
3147,3036,5844,9396.675994856314,774662.4643754693,82.44005271646218,40.422461884403575
3147,3042,5844,9396.675994856314,901466.7170578204,95.93463875430824,43.31132690255727
3150,3821,3988,18300.297635025923,2429939.1155158486,132.78139864048208,46.4703201985651
3150,3029,5844,18300.297635025923,447530.2916159927,24.4548094539971,11.535506292863264
3150,3036,5844,18300.297635025923,774662.4643754693,42.330593732683404,19.92617832882803
3150,3042,5844,18300.297635025923,901466.7170578204,49.25967517230183,21.350239032608513
3602,3029,3351,106.49902434910335,447530.2916159927,4202.200859127031,3865.686349005456
3602,3036,3351,106.49902434910335,774662.4643754693,7273.892593007509,6779.291570675964
3602,3042,3351,106.49902434910335,901466.7170578204,8464.5537606318,7194.376834230418
3021,3821,3988,138866.01293087634,2429939.1155158486,17.498443746097937,11.86183345851238
3021,3029,5844,138866.01293087634,447530.2916159927,3.2227489086099195,3.459411977409653
3021,3036,5844,138866.01293087634,774662.4643754693,5.578488559047741,5.975711704773238
3021,3042,5844,138866.01293087634,901466.7170578204,6.491629578985217,6.402776848698865
3008,3017,5844,58585.423663986934,88818.7203991282,1.5160549304643158,2.288267437963489
3008,3021,5844,58585.423663986934,138866.01293087634,2.3703167826750517,6.241712100534551
3008,3014,5844,58585.423663986934,74168.89118471296,1.2659956444132596,1.6093779715793888
3008,3821,3988,58585.423663986934,2429939.1155158486,41.476854882071244,71.28877464850015
3008,3029,5844,58585.423663986934,447530.2916159927,7.638935824425799,21.592653600131992
3008,3036,5844,58585.423663986934,774662.4643754693,13.222785053471625,37.29867205698907
3008,3042,5844,58585.423663986934,901466.7170578204,15.387218537978438,39.96428973354619
3106,3821,3988,192720.23711613746,2429939.1155158486,12.608634940872939,10.052904321495749
3106,3029,5844,192720.23711613746,447530.2916159927,2.3221759080044153,2.317337875705742
3106,3036,5844,192720.23711613746,774662.4643754693,4.019621789426507,4.002918171699833
3106,3042,5844,192720.23711613746,901466.7170578204,4.677592403098678,4.2889940250168515
3076,3017,5844,2192.395202085865,88818.7203991282,40.512185172921946,27.90314424590441
3076,3021,5844,2192.395202085865,138866.01293087634,63.339863542283766,76.11146765153659
3076,3014,5844,2192.395202085865,74168.89118471296,33.83007366288158,19.624762797449403
3076,3074,5844,2192.395202085865,11163.533894199398,5.091935014078807,3.655324904151127
3076,3821,3988,2192.395202085865,2429939.1155158486,1108.3490390801721,850.2777335989359
3076,3029,5844,2192.395202085865,447530.2916159927,204.12847610239626,263.300922811953
3076,3036,5844,2192.395202085865,774662.4643754693,353.3407041022751,454.82018811275685
3076,3042,5844,2192.395202085865,901466.7170578204,411.17893169997666,487.32474299975104
3014,3017,5844,74168.89118471296,88818.7203991282,1.1975198628483033,1.421833452658645
3014,3021,5844,74168.89118471296,138866.01293087634,1.8722945794759054,3.878338221821905
3014,3821,3988,74168.89118471296,2429939.1155158486,32.76224137508323,43.88809708073716
3014,3029,5844,74168.89118471296,447530.2916159927,6.033935312602242,13.416769697016354
3014,3036,5844,74168.89118471296,774662.4643754693,10.44457389077344,23.175831107210584
3014,3042,5844,74168.89118471296,901466.7170578204,12.154242872699474,24.832134178105218
3079,3017,5844,5703.557023602441,88818.7203991282,15.572513789478892,11.527979684191596
3079,3021,5844,5703.557023602441,138866.01293087634,24.347264760608414,31.44489542427481
3079,3821,3988,5703.557023602441,2429939.1155158486,426.039242784859,358.8161860544458
3079,3029,5844,5703.557023602441,447530.2916159927,78.46512093488752,108.78084785913028
3079,3036,5844,5703.557023602441,774662.4643754693,135.82093791116026,187.90562964220942
3079,3042,5844,5703.557023602441,901466.7170578204,158.05342408735,201.33464843230362
3073,3017,5844,6794.010190895323,88818.7203991282,13.07309201834205,16.6677108257728
3073,3021,5844,6794.010190895323,138866.01293087634,20.439476690360454,45.464551312247785
3073,3014,5844,6794.010190895323,74168.89118471296,10.916805995390904,11.722688613498532
3073,3074,5844,6794.010190895323,11163.533894199398,1.6431435309237081,2.183477888359456
3073,3821,3988,6794.010190895323,2429939.1155158486,357.6590330659525,508.13050076472814
3073,3029,5844,6794.010190895323,447530.2916159927,65.87130119641705,157.28061335714574
3073,3036,5844,6794.010190895323,774662.4643754693,114.02138687009878,271.6830514288626
3073,3042,5844,6794.010190895323,901466.7170578204,132.68551146212278,291.09937657854175
3085,3021,5844,28133.51230100379,138866.01293087634,4.935964320598593,4.039640155189072
3085,3087,5844,28133.51230100379,46484.08308467025,1.6522673240131387,1.970009814083032
3085,3821,3988,28133.51230100379,2429939.1155158486,86.37169399674102,48.90151460391999
3085,3029,5844,28133.51230100379,447530.2916159927,15.90737362714662,13.974779537286064
3085,3036,5844,28133.51230100379,774662.4643754693,27.535220490327106,24.139724958435316
3085,3042,5844,28133.51230100379,901466.7170578204,32.042451984413496,25.86491446271888
3637,3017,5844,2306.827267423573,88818.7203991282,38.50254488205664,28.75275048047815
3637,3021,5844,2306.827267423573,138866.01293087634,60.197837476566534,78.42894043773681
3637,3079,5844,2306.827267423573,5703.557023602441,2.472468183529222,2.4941708146751
3637,3821,3988,2306.827267423573,2429939.1155158486,1053.3684727204459,873.691538850459
3637,3029,5844,2306.827267423573,447530.2916159927,194.00251502828212,271.31801592585504
3637,3036,5844,2306.827267423573,774662.4643754693,335.8129476424417,468.66873736674705
3637,3042,5844,2306.827267423573,901466.7170578204,390.7820623538241,502.1630041027235
3074,3017,5844,11163.533894199398,88818.7203991282,7.956147331202949,7.633560621168457
3074,3021,5844,11163.533894199398,138866.01293087634,12.439252144254382,20.822080019508384
3074,3014,5844,11163.533894199398,74168.89118471296,6.6438541672947595,5.368814896635527
3074,3821,3988,11163.533894199398,2429939.1155158486,217.6675538897635,238.30426594387478
3074,3029,5844,11163.533894199398,447530.2916159927,40.088586271819416,72.03215301406952
3074,3036,5844,11163.533894199398,774662.4643754693,69.39222576983315,124.42674729030122
3074,3042,5844,11163.533894199398,901466.7170578204,80.75101716009704,133.3191318906635
3083,3021,5844,12938.47130724102,138866.01293087634,10.73279907906585,14.093835435840372
3083,3087,5844,12938.47130724102,46484.08308467025,3.5927028766261917,6.873135492281793
3083,3085,5844,12938.47130724102,28133.51230100379,2.1744077513437667,3.4888838843074432
3083,3821,3988,12938.47130724102,2429939.1155158486,187.80728092320555,163.8237099754192
3083,3029,5844,12938.47130724102,447530.2916159927,34.58911651838902,48.75638311438678
3083,3036,5844,12938.47130724102,774662.4643754693,59.87279686912697,84.22069737909915
3083,3042,5844,12938.47130724102,901466.7170578204,69.67335596696917,90.23968323797041
3198,3036,2557,4825.359160834626,774662.4643754693,160.53985590607903,105.9165699432461
3198,3180,2557,4825.359160834626,62379.32667886289,12.9273955781715,15.313946085002998
3198,3042,2557,4825.359160834626,901466.7170578204,186.8185739156247,112.85626047881841
3554,3821,3357,18266.02342990629,2429939.1155158486,133.0305484847566,63.55023330037715
3554,3029,5213,18266.02342990629,447530.2916159927,24.500696242580517,17.97258248899387
3554,3036,5213,18266.02342990629,774662.4643754693,42.41002248508796,31.313124144633992
3554,3042,5213,18266.02342990629,901466.7170578204,49.35210559195287,33.4452327800249
3669,3017,5700,42990.74600041038,88818.7203991282,2.0659962587827705,2.727985217165906
3669,3021,5700,42990.74600041038,138866.01293087634,3.2301373167506973,7.432156157942858
3669,3008,5700,42990.74600041038,58585.423663986934,1.3627449885011926,1.1990480454952868
3669,3014,5700,42990.74600041038,74168.89118471296,1.7252292198885073,1.937310523007237
3669,3821,3844,42990.74600041038,2429939.1155158486,56.522376129333814,85.39014169026704
3669,3029,5700,42990.74600041038,447530.2916159927,10.409921512218483,25.88634964136008
3669,3036,5700,42990.74600041038,774662.4643754693,18.019284065646932,44.97946397583326
3669,3042,5700,42990.74600041038,901466.7170578204,20.968854949602765,48.186712147567334
3599,3156,3036,64.17030708033636,32677.048155427823,509.22380836542726,505.50911214400804
3599,3036,3036,64.17030708033636,774662.4643754693,12071.97689432358,22972.84318461249
3599,3042,3036,64.17030708033636,901466.7170578204,14048.034956872692,24291.374139704865
3155,3821,3988,11688.957239258365,2429939.1155158486,207.88330950126925,266.88178493243
3155,3156,5715,11688.957239258365,32677.048155427823,2.7955486093899937,3.3344561077179042
3155,3036,5715,11688.957239258365,774662.4643754693,66.27301721779757,157.18429592811495
3155,3042,5715,11688.957239258365,901466.7170578204,77.12122635115536,168.3581232061365
3630,3821,3988,7876.375473983132,2429939.1155158486,308.5098118471253,405.11909598855857
3630,3029,5844,7876.375473983132,447530.2916159927,56.81931912645016,124.1128637430407
3630,3036,5844,7876.375473983132,774662.4643754693,98.35265814006675,214.38981463478612
3630,3042,5844,7876.375473983132,901466.7170578204,114.45197350424726,229.71157404464168
3157,3821,3759,25945.10749893318,2429939.1155158486,93.65692994780476,43.78132738321443
3157,3036,5402,25945.10749893318,774662.4643754693,29.857747338580968,20.607488255427086
3157,3042,5402,25945.10749893318,901466.7170578204,34.74515251458824,22.13084857943594
3156,3821,3988,32677.048155427823,2429939.1155158486,74.36225891512247,80.29424264670092
3156,3036,5844,32677.048155427823,774662.4643754693,23.706623091865595,47.22207346720239
3156,3042,5844,32677.048155427823,901466.7170578204,27.587152694148177,50.596885137857214
3160,3821,2638,1725.8489816428087,2429939.1155158486,1407.9674069760308,2384.4112814275118
3160,3036,4231,1725.8489816428087,774662.4643754693,448.8587776886945,1321.4368614370967
3160,3042,4231,1725.8489816428087,901466.7170578204,522.3323284055413,1407.0519718963064
3161,3036,2989,479.182397713501,774662.4643754693,1616.6338080695384,7529.1093831101525
3161,3042,2989,479.182397713501,901466.7170578204,1881.260082505784,7949.451772662332
3159,3821,3988,9725.537535723279,2429939.1155158486,249.85139449519758,461.2338146916215
3159,3036,5844,9725.537535723279,774662.4643754693,79.65240600121321,248.36348139511762
3159,3042,5844,9725.537535723279,901466.7170578204,92.69068303387914,266.11323090916324
3180,3821,3988,62379.32667886289,2429939.1155158486,38.95423764391526,19.077534534250994
3180,3036,5844,62379.32667886289,774662.4643754693,12.418576884671024,7.8075011173440325
3180,3042,5844,62379.32667886289,901466.7170578204,14.451369789524845,8.365478435044059
3201,3821,3988,3960.0811809715565,2429939.1155158486,613.6084096436865,429.1455556581344
3201,3036,5844,3960.0811809715565,774662.4643754693,195.61782422485982,215.30005589505885
3201,3042,5844,3960.0811809715565,901466.7170578204,227.63844372419072,230.68686735796356
3169,3821,3988,114261.31091527213,2429939.1155158486,21.266508287461487,14.51662423206961
3169,3036,5844,114261.31091527213,774662.4643754693,6.77974423862424,6.057841796473466
3169,3042,5844,114261.31091527213,901466.7170578204,7.8895184191111065,6.4907765173073235
3283,3229,2384,22.71935953513458,691907.5787497138,30454.53713955741,35210.41802066147
3029,3821,3988,447530.2916159927,2429939.1155158486,5.429664004958304,3.8556006620899583
3029,3036,5844,447530.2916159927,774662.4643754693,1.7309721350441574,1.7273778734060308
3029,3042,5844,447530.2916159927,901466.7170578204,2.0143144138974436,1.8508280859607684
3225,3821,3988,509398.916939292,2429939.1155158486,4.770208641424023,3.7292352385103253
3225,3229,5844,509398.916939292,691907.5787497138,1.3582823907577575,1.233454649890038
3321,3821,3988,200628.67972808352,2429939.1155158486,12.111623915430231,16.672354498966065
3321,3329,5844,200628.67972808352,449490.2536636487,2.2404087704352773,2.0170892113017413
3360,3329,2865,1305.1849619897605,449490.2536636487,344.3881647076279,426.12298206516397
3366,3821,3867,78566.05193851021,2429939.1155158486,30.92861427500064,40.39173274892878
3366,3329,5602,78566.05193851021,449490.2536636487,5.721176546015608,4.385921827051432
3366,3367,5602,78566.05193851021,89324.35575454478,1.1369332370736227,1.096317772879928
3390,3821,2170,5731.115067932752,2429939.1155158486,423.99063475658716,1154.7497921939246
3390,3329,3558,5731.115067932752,449490.2536636487,78.42980787084119,140.42776400797348
3218,3821,3988,18256.735758661587,2429939.1155158486,133.0982245477813,69.932192562808
3218,3225,5844,18256.735758661587,509398.916939292,27.901971287370834,20.105839696717915
3218,3219,5844,18256.735758661587,48534.698028116996,2.6584543189814513,2.4294827658359126
3218,3220,5678,18256.735758661587,102138.95827419803,5.594590381565883,5.196059761189458
3218,3222,5844,18256.735758661587,268380.8073394571,14.700372009937677,12.861887400909861
3218,3229,5844,18256.735758661587,691907.5787497138,37.89875626706436,24.79964146386042
3367,3821,3964,89324.35575454478,2429939.1155158486,27.203544822568894,37.65909298763374
3367,3329,5774,89324.35575454478,449490.2536636487,5.0321130207623,4.045296896174082
3219,3821,3988,48534.698028116996,2429939.1155158486,50.06601903875332,27.62321277381999
3219,3225,5844,48534.698028116996,509398.916939292,10.495561683399952,8.275769632718548
3219,3220,5678,48534.698028116996,102138.95827419803,2.1044523284151713,2.141184984916851
3219,3222,5844,48534.698028116996,268380.8073394571,5.529668839888103,5.294084642944346
3219,3229,5844,48534.698028116996,691907.5787497138,14.255936615674,10.207786534895467
3245,3225,3125,25.885703667711173,509398.916939292,19678.774178918557,32991.349923934955
3245,3220,3125,25.885703667711173,102138.95827419803,3945.7671147492206,8298.350025722644
3245,3222,3125,25.885703667711173,268380.8073394571,10367.916236104678,21010.03255903973
3245,3229,3125,25.885703667711173,691907.5787497138,26729.33243892352,40553.048006029756
3237,3821,2042,991.6047459868305,2429939.1155158486,2450.511784408221,870.8711175209347
3237,3225,3456,991.6047459868305,509398.916939292,513.7116567875496,254.0255999234537
3237,3219,3456,991.6047459868305,48534.698028116996,48.94560884721864,29.311185224068048
3237,3220,3420,991.6047459868305,102138.95827419803,103.00370050422745,64.2007724739245
3237,3222,3456,991.6047459868305,268380.8073394571,270.65300809181633,161.69408372281265
3237,3229,3456,991.6047459868305,691907.5787497138,697.7654973415215,312.1792027328455
3220,3821,3822,102138.95827419803,2429939.1155158486,23.790521820210213,13.202788137514068
3220,3225,5678,102138.95827419803,509398.916939292,4.987312633165699,3.883220516817763
3220,3222,5678,102138.95827419803,268380.8073394571,2.6276047051407465,2.48455045952995
3220,3229,5678,102138.95827419803,691907.5787497138,6.774178926832672,4.783807125713497
3246,3225,3133,607.4819354615888,509398.916939292,838.5416704650329,545.5510664955569
3246,3220,3133,607.4819354615888,102138.95827419803,168.13497210676528,137.3628946169267
3246,3247,3133,607.4819354615888,13581.269750098423,22.356664383408926,22.96273752471529
3246,3222,3133,607.4819354615888,268380.8073394571,441.7922438064446,348.3580191666232
3246,3229,3133,607.4819354615888,691907.5787497138,1138.9763849092485,669.1046008822866
3246,3248,2941,607.4819354615888,43607.97998026269,71.78481767878023,64.96283298189292
3252,3821,3013,3609.754647280424,2429939.1155158486,673.1590794810822,264.9457561945831
3252,3225,4598,3609.754647280424,509398.916939292,141.11732422675078,72.4888950939603
3252,3220,4531,3609.754647280424,102138.95827419803,28.295263322439144,18.541907282326765
3252,3247,4598,3609.754647280424,13581.269750098423,3.762380293721764,3.006556278446374
3252,3222,4598,3609.754647280424,268380.8073394571,74.34876703923749,46.27763628389954
3252,3229,4598,3609.754647280424,691907.5787497138,191.67717652804868,89.26620862289573
3252,3248,4332,3609.754647280424,43607.97998026269,12.080593902169163,8.448232863736148
3254,3821,2165,243.72240220571575,2429939.1155158486,9970.109819715464,3251.7734993764243
3254,3225,3569,243.72240220571575,509398.916939292,2090.0783527865033,1016.7319545864732
3254,3220,3556,243.72240220571575,102138.95827419803,419.0790725424857,257.80091399166906
3254,3247,3569,243.72240220571575,13581.269750098423,55.724338949503085,42.65769808742257
3254,3252,3544,243.72240220571575,3609.754647280424,14.810926753600528,14.34701475492381
3254,3222,3569,243.72240220571575,268380.8073394571,1101.1741428386556,647.9325753328146
3254,3229,3569,243.72240220571575,691907.5787497138,2838.916621893887,1249.5590079399894
3254,3248,3355,243.72240220571575,43607.97998026269,178.92479142502066,121.33209441913692
3247,3821,3988,13581.269750098423,2429939.1155158486,178.91840455479053,88.07418185701115
3247,3225,5844,13581.269750098423,509398.916939292,37.507458898355246,24.351903271957728
3247,3220,5678,13581.269750098423,102138.95827419803,7.520575038534805,6.267122744411103
3247,3222,5844,13581.269750098423,268380.8073394571,19.761098356618103,15.578132652320782
3247,3229,5844,13581.269750098423,691907.5787497138,50.945720943706284,30.03696832446869
3247,3248,5479,13581.269750098423,43607.97998026269,3.2108912334906434,2.7869086146007054
3257,3821,2234,154.35311808839143,2429939.1155158486,15742.727750561711,12521.447940605534
3257,3225,3523,154.35311808839143,509398.916939292,3300.2178592050277,3849.2760698248567
3257,3220,3502,154.35311808839143,102138.95827419803,661.7226755063505,990.82405576707
3257,3247,3523,154.35311808839143,13581.269750098423,87.98830835617464,164.43294509791056
3257,3222,3523,154.35311808839143,268380.8073394571,1738.7456156588096,2473.3993493969947
3257,3229,3523,154.35311808839143,691907.5787497138,4482.627803822454,4718.555355522935
3257,3248,3326,154.35311808839143,43607.97998026269,282.5208879505127,444.3246883224175
3258,3821,2191,469.74266497633596,2429939.1155158486,5172.915506063859,2232.7802752859125
3258,3225,3656,469.74266497633596,509398.916939292,1084.4212265985118,725.9025637712936
3258,3220,3615,469.74266497633596,102138.95827419803,217.43598333641557,183.44217362035735
3258,3222,3656,469.74266497633596,268380.8073394571,571.3358128816704,461.3318437848717
3258,3229,3656,469.74266497633596,691907.5787497138,1472.9502562526864,894.0894328611786
3258,3248,3430,469.74266497633596,43607.97998026269,92.83376459419438,86.59535422384911
3261,3821,2589,2812.8633077715267,2429939.1155158486,863.8667612472618,414.73355765556073
3261,3225,4160,2812.8633077715267,509398.916939292,181.09622160874218,125.38826814641723
3261,3220,4097,2812.8633077715267,102138.95827419803,36.311383490268845,31.885752039847382
3261,3222,4160,2812.8633077715267,268380.8073394571,95.41196210920043,79.92612100147991
3261,3229,4160,2812.8633077715267,691907.5787497138,245.979808843919,154.3144514856667
3261,3248,3900,2812.8633077715267,43607.97998026269,15.5030569241599,14.453952202768399
3627,3821,2629,2155.352761913412,2429939.1155158486,1127.3974072618503,413.5950149617142
3627,3225,4152,2155.352761913412,509398.916939292,236.34132005708136,115.35908727433791
3627,3220,4107,2155.352761913412,102138.95827419803,47.38851109621809,29.408034430553307
3627,3247,4152,2155.352761913412,13581.269750098423,6.301181871519568,4.808309180467242
3627,3252,4129,2155.352761913412,3609.754647280424,1.6747860076862167,1.6068883957231193
3627,3222,4152,2155.352761913412,268380.8073394571,124.51827472603712,73.60564726213019
3627,3229,4152,2155.352761913412,691907.5787497138,321.0182532419768,141.99650930393173
3627,3248,3917,2155.352761913412,43607.97998026269,20.232409631892345,13.513184129023397
3564,3821,2069,205.10773737230355,2429939.1155158486,11847.135298972746,5248.3760978327455
3564,3225,3429,205.10773737230355,509398.916939292,2483.5675312172693,1565.480380909931
3564,3220,3402,205.10773737230355,102138.95827419803,497.9771098971239,395.3849919606143
3564,3247,3429,205.10773737230355,13581.269750098423,66.21529701459401,65.70831180555243
3564,3252,3341,205.10773737230355,3609.754647280424,17.599309970097025,22.23932939108021
3564,3222,3429,205.10773737230355,268380.8073394571,1308.4869970180732,998.0074552738363
3564,3229,3429,205.10773737230355,691907.5787497138,3373.386043910134,1925.2964406287163
3564,3248,3203,205.10773737230355,43607.97998026269,212.61011670713907,187.49004131584226
3264,3821,3988,105451.68332114365,2429939.1155158486,23.0431515077449,15.208580257547155
3264,3225,5844,105451.68332114365,509398.916939292,4.83063807893861,3.8763946051991613
3264,3222,5844,105451.68332114365,268380.8073394571,2.5450594896823735,2.479764669649925
3264,3229,5844,105451.68332114365,691907.5787497138,6.561370638746196,4.781356950591563
3291,3821,3988,21008.882113147207,2429939.1155158486,115.66246611452068,109.88202557968553
3291,3229,5844,21008.882113147207,691907.5787497138,32.93405022805678,40.631895275611775
3291,3292,5844,21008.882113147207,56787.55264367672,2.7030259077011753,1.758177051163194
3291,3293,5844,21008.882113147207,65667.54707499761,3.125704010395838,1.866231946142279
3277,3821,3934,23999.915998221622,2429939.1155158486,101.24781752135739,89.06336678253295
3277,3225,5778,23999.915998221622,509398.916939292,21.22502916164532,20.761519558866343
3277,3229,5778,23999.915998221622,691907.5787497138,28.829583353582727,25.69655711718162
3036,3821,3988,774662.4643754693,2429939.1155158486,3.13677146791262,2.2646796025330116
3036,3042,5844,774662.4643754693,901466.7170578204,1.1636896822987033,1.0714668252125514
3271,3821,3988,163562.9453545364,2429939.1155158486,14.856293460898199,12.54485352178995
3271,3225,5844,163562.9453545364,509398.916939292,3.1143907064960654,3.3937319867762454
3271,3229,5844,163562.9453545364,691907.5787497138,4.230222054573217,4.186014499569717
3310,3821,3988,57139.55916335045,2429939.1155158486,42.52638891681232,40.82341084130804
3310,3321,5844,57139.55916335045,200628.67972808352,3.511204543152436,2.257159954610804
3310,3329,5844,57139.55916335045,449490.2536636487,7.866533453270909,4.552892992627781
3310,3315,5844,57139.55916335045,167227.01735721968,2.926641713828268,2.0299706071066526
3334,3821,3988,22413.583261465603,2429939.1155158486,108.41368321920683,170.00822138951858
3334,3321,5844,22413.583261465603,200628.67972808352,8.951209513786802,10.96995673996057
3334,3329,5844,22413.583261465603,449490.2536636487,20.054368300691646,22.127381388621288
3334,3315,5844,22413.583261465603,167227.01735721968,7.460967548402828,9.86580047101323
3222,3821,3988,268380.8073394571,2429939.1155158486,9.054071860072987,5.674542576687232
3222,3225,5844,268380.8073394571,509398.916939292,1.8980452514064727,1.563210675852722
3222,3229,5844,268380.8073394571,691907.5787497138,2.5780814418467926,1.928149476888289
3341,3821,3215,11541.426633282355,2429939.1155158486,210.54061969328478,277.9300726324962
3341,3321,4891,11541.426633282355,200628.67972808352,17.38335182494031,16.3564781391004
3341,3329,4891,11541.426633282355,449490.2536636487,38.945813888158355,34.76038390845856
3341,3315,4891,11541.426633282355,167227.01735721968,14.489284788674405,14.525007079746427
3344,3821,2576,3400.8022950332193,2429939.1155158486,714.5193706393076,786.6717705685953
3344,3321,4084,3400.8022950332193,200628.67972808352,58.99451433007333,43.05495992021954
3344,3329,4084,3400.8022950332193,449490.2536636487,132.17182731266595,98.02802582319788
3344,3315,4084,3400.8022950332193,167227.01735721968,49.172813603851736,37.41888288010037
3357,3321,2544,36.25861150990772,200628.67972808352,5533.2697909091585,3349.191281531489
3357,3329,2544,36.25861150990772,449490.2536636487,12396.786168737453,8685.31832119326
3357,3315,2544,36.25861150990772,167227.01735721968,4612.063462814196,2783.415205905581
3357,3597,2543,36.25861150990772,1473.9188306450526,40.650173000758784,30.772187858557224
3560,3821,2331,870.8131018236816,2429939.1155158486,2790.425534970708,3004.915133615401
3560,3321,3725,870.8131018236816,200628.67972808352,230.39235320176192,156.08351263264652
3560,3329,3725,870.8131018236816,449490.2536636487,516.1730487544496,368.13759354820365
3560,3315,3725,870.8131018236816,167227.01735721968,192.03548615312297,133.3288631498274
3355,3821,3796,16638.330554235432,2429939.1155158486,146.04464718350522,189.82310192410924
3355,3321,5550,16638.330554235432,200628.67972808352,12.058221771355043,12.009323857618977
3355,3329,5550,16638.330554235432,449490.2536636487,27.01534581239745,24.4865959182192
3355,3315,5550,16638.330554235432,167227.01735721968,10.050708922515701,10.784087802397048
3579,3821,2629,4154.88935963924,2429939.1155158486,584.8384650432268,741.7647778172769
3579,3321,4186,4154.88935963924,200628.67972808352,48.28736997836777,42.155077187561474
3579,3329,4186,4154.88935963924,449490.2536636487,108.18344720078827,95.38623801908734
3579,3315,4186,4154.88935963924,167227.01735721968,40.248247999494176,36.80681763299555
3625,3821,2578,2798.0469567671707,2429939.1155158486,868.4411495092886,1048.7629513564407
3625,3321,4046,2798.0469567671707,200628.67972808352,71.70311393197184,56.30110125747466
3625,3329,4046,2798.0469567671707,449490.2536636487,160.64428532070963,128.85204685041836
3625,3315,4046,2798.0469567671707,167227.01735721968,59.765622214729284,48.68669243267739
3597,3821,2533,1473.9188306450526,2429939.1155158486,1648.6247851602513,2582.2297036886102
3597,3321,4082,1473.9188306450526,200628.67972808352,136.11921874984083,138.23297981564815
3597,3329,4082,1473.9188306450526,449490.2536636487,304.96269151194144,318.15579771662595
3597,3315,4082,1473.9188306450526,167227.01735721968,113.45741290518262,120.21081155611975
3329,3821,3988,449490.2536636487,2429939.1155158486,5.405988440706348,9.06925474038604
3315,3821,3988,167227.01735721968,2429939.1155158486,14.530780695114402,18.55120023859348
3315,3321,5844,167227.01735721968,200628.67972808352,1.1997384328126437,1.1119175552142442
3315,3329,5844,167227.01735721968,449490.2536636487,2.687904507101722,2.24283690447966
3383,3821,2439,18106.805951587277,2429939.1155158486,134.20031793640752,120.37679749000608
3383,3329,3991,18106.805951587277,449490.2536636487,24.824381222478696,12.201477001477002
3383,3366,3960,18106.805951587277,78566.05193851021,4.339034291778168,3.1455259621896885
3383,3367,3991,18106.805951587277,89324.35575454478,4.933192303124806,3.4425918925918926
3207,3821,2353,11814.677150184842,2429939.1155158486,205.6712244124108,473.72458138499144
3207,3042,3792,11814.677150184842,901466.7170578204,76.30057982953151,308.9551513170838
3292,3821,3988,56787.55264367672,2429939.1155158486,42.78999538442729,61.89025862811079
3292,3229,5844,56787.55264367672,691907.5787497138,12.184141533466095,23.110240944579548
3292,3293,5844,56787.55264367672,65667.54707499761,1.156372198094888,1.061458483323734
3293,3821,3988,65667.54707499761,2429939.1155158486,37.00365285063356,58.326132421732346
3293,3229,5844,65667.54707499761,691907.5787497138,10.536522370167106,21.772157185285938
3365,3821,2306,16419.981767837533,2429939.1155158486,147.9867121579554,118.04124795538699
3365,3329,3789,16419.981767837533,449490.2536636487,27.374589084141554,11.843019432952039
3365,3366,3733,16419.981767837533,78566.05193851021,4.784783141014239,3.1430813583596695
3365,3367,3789,16419.981767837533,89324.35575454478,5.439978985208615,3.4323141349805755
3210,3821,3562,12139.198724657477,2429939.1155158486,200.172941446299,296.3939523794121
3210,3042,5418,12139.198724657477,901466.7170578204,74.26080893022504,163.71756722965273
3234,3821,3623,1839.3278039875054,2429939.1155158486,1321.1017145763515,465.38828775201296
3234,3225,5479,1839.3278039875054,509398.916939292,276.94841334696224,145.76301667304477
3234,3219,5479,1839.3278039875054,48534.698028116996,26.387193148985148,17.68584538918875
3234,3220,5433,1839.3278039875054,102138.95827419803,55.530590062722645,38.09017096657801
3234,3222,5479,1839.3278039875054,268380.8073394571,145.912439728052,93.6158762889801
3234,3229,5479,1839.3278039875054,691907.5787497138,376.1741529974795,179.29358875503755
3250,3225,2805,954.774887600294,509398.916939292,533.5277703203964,255.00512669303487
3250,3220,2805,954.774887600294,102138.95827419803,106.97700536606213,66.63541507812113
3250,3247,2805,954.774887600294,13581.269750098423,14.224577883728411,11.098220744469868
3250,3222,2805,954.774887600294,268380.8073394571,281.0932826417317,165.01194610397772
3250,3229,2805,954.774887600294,691907.5787497138,724.6813754064437,313.21117316978723
3250,3248,2805,954.774887600294,43607.97998026269,45.67357242696845,30.53326663404149
3248,3821,3623,43607.97998026269,2429939.1155158486,55.7223498225705,30.48648070179263
3248,3225,5479,43607.97998026269,509398.916939292,11.681323399291825,8.725100623143112
3248,3220,5433,43607.97998026269,102138.95827419803,2.3422079702024012,2.278753086349284
3248,3222,5479,43607.97998026269,268380.8073394571,6.154396682921987,5.603670664810802
3248,3229,5479,43607.97998026269,691907.5787497138,15.866535874004635,10.732177740812572
3263,3225,2971,30.434091297472616,509398.916939292,16737.773175491355,12058.354383612048
3263,3220,2971,30.434091297472616,102138.95827419803,3356.070574799127,3072.5606629938716
3263,3222,2971,30.434091297472616,268380.8073394571,8818.426833126594,7702.0413527914025
3263,3229,2971,30.434091297472616,691907.5787497138,22734.62256476746,14791.578938367024
3263,3248,2971,30.434091297472616,43607.97998026269,1432.8661747782853,1416.2125878856677
3202,3042,2161,16561.187828791415,901466.7170578204,54.43249158074471,187.92496140415815
3229,3821,3988,691907.5787497138,2429939.1155158486,3.511941753704708,3.1475294797586333
2094,2090,2960,118.67846956081536,4840.259536137324,40.7846474095033,15.993883913209677
2279,2090,2801,277.1585915791148,4840.259536137324,17.46386250759856,11.872923397879507
2102,2090,5844,49.85617435776841,4840.259536137324,97.08445540573517,0.935243067149838
2103,2090,5844,230.3661214362985,4840.259536137324,21.01116043435131,20.550022413453174
2106,2090,5844,29.935818351080194,4840.259536137324,161.6878977341426,94.5982199964464
2106,2107,5844,29.935818351080194,88.9069941960841,2.9699202859064653,2.2134362927738067
2107,2090,5844,88.9069941960841,4840.259536137324,54.441830813244536,42.738171550399116
2108,2090,3642,5.457477098977637,4840.259536137324,886.9042321852459,2.8779710605211686
2108,2106,3642,5.457477098977637,29.935818351080194,5.485285198299439,0.034873222136188785
2108,2107,3642,5.457477098977637,88.9069941960841,16.29085978441197,0.0745162884263058
2128,2126,5844,129.4956969550236,877.5413642412362,6.776606365121334,3.939323015317521
2131,2126,5844,7.356788659524213,877.5413642412362,119.28320967942413,0.1326339186585149
2253,2126,5844,16.81139193450056,877.5413642412362,52.19920918269322,51.02275929768669
2057,2017,4830,1568.195916552264,32771.234109637684,20.89741068940317,15.685989182367557
2057,2021,2795,1568.195916552264,45519.646097970566,29.026759741886824,21.5481385221007
2017,2021,2963,32771.234109637684,45519.646097970566,1.3890122644048888,1.4406208156372655
2062,2017,5142,1205.7682656559493,32771.234109637684,27.178716709557637,28.61366166671918
2062,2021,2979,1205.7682656559493,45519.646097970566,37.751570840361644,40.603965196889824
2058,2017,5142,352.65132610012745,32771.234109637684,92.92814654079318,75.67843093145177
2058,2021,2979,352.65132610012745,45519.646097970566,129.07833525357645,109.100658785269
2058,2057,5532,352.65132610012745,1568.195916552264,4.446873726222739,4.747642157943839
2007,2017,3119,367.2470091593309,32771.234109637684,89.23485635636536,36.915071038173245
2007,2010,3821,367.2470091593309,3730.626407093946,10.158357492505557,6.473594407661663
2010,2017,5142,3730.626407093946,32771.234109637684,8.784378421629617,5.887897764662341
2010,2021,2979,3730.626407093946,45519.646097970566,12.201609362817196,8.320824803786973
2026,2017,5142,202.39072606778507,32771.234109637684,161.9206311788312,88.99846288128654
2026,2021,2979,202.39072606778507,45519.646097970566,224.90974256757715,116.38349419706557
2026,2010,5844,202.39072606778507,3730.626407093946,18.432793238977155,15.415540723104414
2034,2017,5142,1148.6540631810522,32771.234109637684,28.53011638585241,16.618296249013934
2034,2021,2979,1148.6540631810522,45519.646097970566,39.628681564847874,19.967664890977282
2040,2017,5142,1343.8374160914727,32771.234109637684,24.38630872844145,18.476394836450964
2040,2021,2979,1343.8374160914727,45519.646097970566,33.872881907369155,23.755339946719005
2043,2017,5142,22.905819609817073,32771.234109637684,1430.6946735751142,2424.0649508115716
2043,2021,2979,22.905819609817073,45519.646097970566,1987.2524482145823,3453.921179866939
2226,2017,2424,309.904086924458,32771.234109637684,105.74637603158159,45.43020198095241
2226,2040,3126,309.904086924458,1343.8374160914727,4.336301045358739,2.3539856637796683
2227,2017,4420,613.7549248300454,32771.234109637684,53.39465767824568,56.681285436365
2227,2021,2620,613.7549248300454,45519.646097970566,74.1658343687839,73.34358788513292
2227,2040,5122,613.7549248300454,1343.8374160914727,2.1895342289328172,3.122064971780383
2258,2017,4466,237.90464341331847,32771.234109637684,137.74945137452946,89.21877460097309
2258,2021,2766,237.90464341331847,45519.646097970566,191.33567737426628,163.64859470052983
2192,2191,3960,6.073768490584329,10709.628490959916,1763.2592528941768,0.7407755585471303
2199,2198,4486,114.84225867007322,11930.678121843144,103.88752589861909,80.62346775772001
2190,2191,3272,6654.465100334569,10709.628490959916,1.6093898351681888,1.2391881311211081
3042,3821,3988,901466.7170578204,2429939.1155158486,2.6955394686634797,2.1155400048711446
2087,2090,2178,811.1321343855446,4840.259536137324,5.967288596948457,6.275129512197136
2095,2090,2616,468.0462977925042,4840.259536137324,10.34141186238615,7.449821920551622
2030,2017,2368,101.15749729395708,32771.234109637684,323.9624841093747,169.7122350488954
2030,2010,2368,101.15749729395708,3730.626407093946,36.87938617394803,29.28259336795906
2027,2017,5009,59.14332952910033,32771.234109637684,554.0985664919868,191.98862604769567
2027,2021,2860,59.14332952910033,45519.646097970566,769.6497045465374,255.43187386529019
2027,2010,5664,59.14332952910033,3730.626407093946,63.07772045972426,32.08768049946539
2048,2017,3957,1702.080076195021,32771.234109637684,19.25363827940303,39.40221283918291
2048,2021,2594,1702.080076195021,45519.646097970566,26.743539704506247,52.724394714733066
2091,2090,3833,124.89721196751209,4840.259536137324,38.75394382219163,32.02571783554446
2091,2087,2178,124.89721196751209,811.1321343855446,6.494397445769518,5.376730170080188
1342,1801,4355,1716.440913513897,369926.45440593443,215.51948074263808,163.35269586798785
1010,1801,5644,99250.9189691891,369926.45440593443,3.727184173687826,3.0391078950252735
1608,1534,5844,114.98957360823691,330.60297561291054,2.875069149654007,1.9064584468696046
1081,1010,2451,59.11021267494297,99250.9189691891,1679.0824204099322,1369.9439557821981
1081,1801,2451,59.11021267494297,369926.45440593443,6258.249423669348,4492.377232424888
1102,1010,2761,7.181337503384371,99250.9189691891,13820.673227294332,2818.7486363152
1102,1801,2761,7.181337503384371,369926.45440593443,51512.19452248249,9394.753327307702
1127,1010,2501,160.1686763946864,99250.9189691891,619.6649757198203,294.66132557013174
1127,1801,2501,160.1686763946864,369926.45440593443,2309.605490491565,987.7144403369075
1151,1010,5723,3866.598873125222,99250.9189691891,25.668791158822334,30.023222089535913
1151,1801,5765,3866.598873125222,369926.45440593443,95.6723121648606,91.18178575494805
1217,1010,2650,101.99824197810302,99250.9189691891,973.0649964584319,719.5518037056742
1217,1801,2635,101.99824197810302,369926.45440593443,3626.792454769468,2368.0730085250266
1619,1010,3344,568.8480359433473,99250.9189691891,174.4770355137056,91.77391457343037
1619,1151,3344,568.8480359433473,3866.598873125222,6.797243954113439,3.502992517165138
1619,1801,3324,568.8480359433473,369926.45440593443,650.3080454386524,301.7106228081396
1176,1010,3624,13389.555380220925,99250.9189691891,7.412562714054174,5.363079798752953
1176,1801,3545,13389.555380220925,369926.45440593443,27.6279864342912,17.216747908535403
3431,3414,2316,114.03849504729988,45019.93724862404,394.77842311011796,746.2631584004333
3431,3430,2288,114.03849504729988,23764.5902579403,208.3909494603856,497.92818244784615
3443,3445,3472,52520.25007804369,88761.04598597919,1.6900347171630494,1.508580573264242
3430,3414,3571,23764.5902579403,45019.93724862404,1.8944125171096453,1.4949719992062178
3424,3414,3228,16663.99447052912,45019.93724862404,2.701629391935015,3.4425502367919534
3480,3445,2054,99.03702831141399,88761.04598597919,896.2410070188819,2472.5309212872676
3480,3479,2092,99.03702831141399,7684.624384422469,77.59344676880634,71.1844417638969
3488,3489,5760,51840.733694536364,83258.99927287876,1.6060536442919529,1.726623951304168
3479,3445,2718,7684.624384422469,88761.04598597919,11.550472937350984,33.67572996804466
3515,3489,2565,25.35206590310195,83258.99927287876,3284.111030284582,1951.7316426220193
3499,3488,2697,7690.077358192803,51840.733694536364,6.741249961459312,5.6472967681836295
3499,3489,2697,7690.077358192803,83258.99927287876,10.826809067684716,9.877791769454129
3507,3489,5509,17509.53673716864,83258.99927287876,4.755065797722645,3.9494732708902025
1578,1801,5765,37623.291284366904,369926.45440593443,9.832378874297076,6.715624231945235
3510,3489,2149,609.7845431820016,83258.99927287876,136.53838917991163,202.22801709740352
6256,5024,4383,830.174331548827,1744369.8158712836,2101.2090467996936,2445.48788693944
6256,5033,5844,830.174331548827,1792594.5031782568,2159.298878626946,2926.8399799766394
6256,5013,5844,830.174331548827,1647474.7129708596,1984.4924738846407,2275.9786417487067
6259,5024,4383,1892.9625465803672,1744369.8158712836,921.5025511320781,1947.7245824757738
6259,5033,5844,1892.9625465803672,1792594.5031782568,946.9783258081757,2195.8291039400233
6259,5013,5844,1892.9625465803672,1647474.7129708596,870.3155357970601,1707.5276324254608
6437,5024,2955,2570.893654154698,1744369.8158712836,678.5071848663562,1564.2510680200953
6437,5033,4056,2570.893654154698,1792594.5031782568,697.2651320218285,2016.2098506382786
6437,5013,4056,2570.893654154698,1647474.7129708596,640.8179157113149,1551.1672856851192
6373,6295,5114,66614.32450397864,228433.85684660068,3.429200229043186,2.6237605595019535
6373,5024,3653,66614.32450397864,1744369.8158712836,26.186106800003632,13.706920617185284
6373,5033,5114,66614.32450397864,1792594.5031782568,26.91004549736433,15.402299845807738
6373,5013,5114,66614.32450397864,1647474.7129708596,24.731538227524346,11.888238548468372
6549,5024,4383,1023.6886158049965,1744369.8158712836,1704.0043123851349,3044.380580115291
6549,5033,5844,1023.6886158049965,1792594.5031782568,1751.1130586996094,3460.6388166699226
6549,5013,5844,1023.6886158049965,1647474.7129708596,1609.3514058230855,2691.0729959381406
6550,6295,3887,1645.8236320711992,228433.85684660068,138.7960729176834,592.5304725430335
6550,5024,2949,1645.8236320711992,1744369.8158712836,1059.876515247304,2927.6891933454644
6550,5033,3887,1645.8236320711992,1792594.5031782568,1089.1777637937746,3819.9045380247903
6550,5013,3887,1645.8236320711992,1647474.7129708596,1001.0031943079968,2943.2173152638406
6295,5024,4383,228433.85684660068,1744369.8158712836,7.636214000635964,5.215526475738191
6295,5033,5844,228433.85684660068,1792594.5031782568,7.847324069750444,5.956976800360192
6295,5013,5844,228433.85684660068,1647474.7129708596,7.212042626751174,4.63228330204802
5036,5024,4194,1127.8246830593146,1744369.8158712836,1546.667529158469,953.6409376726865
5036,5033,5655,1127.8246830593146,1792594.5031782568,1589.4265572515233,1091.7597115316373
5036,5013,5655,1127.8246830593146,1647474.7129708596,1460.7542623574727,847.0157576555339
5052,5024,3307,1108.3144813636554,1744369.8158712836,1573.894273875258,748.9420877222436
5052,5033,4425,1108.3144813636554,1792594.5031782568,1617.4060100456977,975.1813697169015
5052,5013,4425,1108.3144813636554,1647474.7129708596,1486.4686338338092,753.2574848525251
5055,5063,5844,2903.552153620484,7530.280183961915,2.593471646297895,2.986148450517326
5055,5024,4383,2903.552153620484,1744369.8158712836,600.7709603893982,230.01112613604676
5055,5033,5844,2903.552153620484,1792594.5031782568,617.3798190409781,266.8694927628049
5055,5013,5844,2903.552153620484,1647474.7129708596,567.3997317102081,207.52390626675222
5072,5055,5844,142.05678253000897,2903.552153620484,20.43937714137035,14.769541636278312
5072,5063,5844,142.05678253000897,7530.280183961915,53.008945084133316,44.10404387202362
5072,5074,5844,142.05678253000897,1081.0471044070416,7.609964727862779,7.403236550334909
5072,5024,4383,142.05678253000897,1744369.8158712836,12279.384234982177,3438.4570327615775
5072,5033,5844,142.05678253000897,1792594.5031782568,12618.858960849531,3941.540084812721
5072,5013,5844,142.05678253000897,1647474.7129708596,11597.297106337295,3065.0329741299147
5074,5055,5844,1081.0471044070416,2903.552153620484,2.6858701547636015,1.9950114434220212
5074,5063,5844,1081.0471044070416,7530.280183961915,6.965728092017139,5.957400330539003
5074,5024,4383,1081.0471044070416,1744369.8158712836,1613.5927923585505,468.9513847633542
5074,5033,5844,1081.0471044070416,1792594.5031782568,1658.2020301155162,532.4076919620261
5074,5013,5844,1081.0471044070416,1647474.7129708596,1523.9620052213227,414.0125677858096
5063,5024,4383,7530.280183961915,1744369.8158712836,231.64739867003414,75.46007394831194
5063,5033,5844,7530.280183961915,1792594.5031782568,238.0515013234364,89.36913123544541
5063,5013,5844,7530.280183961915,1647474.7129708596,218.78000190214328,69.49550891577422
5082,5024,4080,151.09638573857168,1744369.8158712836,11544.748786310534,4874.814143178102
5082,5033,5351,151.09638573857168,1792594.5031782568,11863.913848209579,5945.899198417614
5082,5013,5351,151.09638573857168,1647474.7129708596,10903.468702562714,4616.651703615554
5674,5024,3403,57.310050179418724,1744369.8158712836,30437.41560878487,7258.894278435639
5674,5033,4578,57.310050179418724,1792594.5031782568,31278.885598010107,9513.711637999975
5674,5013,4578,57.310050179418724,1647474.7129708596,28746.69814130617,7366.734697854294
6563,6574,5408,72.23198364129082,296.802212256594,4.109013726253662,3.8684666857241012
6563,5024,4359,72.23198364129082,1744369.8158712836,24149.548827759576,7848.138686051897
6563,5033,5820,72.23198364129082,1792594.5031782568,24817.185030947076,8759.661209112166
6563,5013,5820,72.23198364129082,1647474.7129708596,22808.105632988518,6813.563344808083
6574,5024,4337,296.802212256594,1744369.8158712836,5877.212985067733,1894.707669515963
6574,5033,5432,296.802212256594,1792594.5031782568,6039.693874075668,2246.2378950320735
6574,5013,5432,296.802212256594,1647474.7129708596,5550.749438304627,1755.2057548345092
6299,6295,2733,3820.1092189533124,228433.85684660068,59.79772926732975,28.823818532970716
6299,5024,2475,3820.1092189533124,1744369.8158712836,456.62825743742235,157.64943179959758
6299,5033,2733,3820.1092189533124,1792594.5031782568,469.25216019593734,189.99664183516614
6299,5013,2733,3820.1092189533124,1647474.7129708596,431.2637724589084,143.3384257616964
6319,6295,5021,2215.020772241364,228433.85684660068,103.12944226498159,133.83853899206005
6319,5024,3712,2215.020772241364,1744369.8158712836,787.5184909016308,706.9358502706009
6319,5033,5021,2215.020772241364,1792594.5031782568,809.2901545859288,820.5755589853743
6319,5013,5021,2215.020772241364,1647474.7129708596,743.7739336881214,632.4580353777108
6323,6295,3496,2841.5551032753715,228433.85684660068,80.39043711779235,44.673098051925024
6323,5024,2588,2841.5551032753715,1744369.8158712836,613.878581436131,250.37880557992008
6323,5033,3496,2841.5551032753715,1792594.5031782568,630.8498121722114,292.5411290048496
6323,5013,3496,2841.5551032753715,1647474.7129708596,579.7792592766782,222.93867295340658
6331,6295,4134,21062.594768300743,228433.85684660068,10.845475562697251,7.533388242530847
6331,5024,3101,21062.594768300743,1744369.8158712836,82.81837233542396,42.28966438542872
6331,5033,4134,21062.594768300743,1792594.5031782568,85.10796143104437,48.3060239510345
6331,5013,4134,21062.594768300743,1647474.7129708596,78.21803206556075,36.841454160377054
6345,6295,5844,15344.986019169479,228433.85684660068,14.886547081974095,12.712249948125796
6345,5024,4383,15344.986019169479,1744369.8158712836,113.67685924849704,64.14893570633873
6345,5033,5844,15344.986019169479,1792594.5031782568,116.81955923184854,75.72657802136543
6345,5013,5844,15344.986019169479,1647474.7129708596,107.36241212033548,58.88674316616393
6349,6295,5844,8431.530145854606,228433.85684660068,27.092811493879445,28.08955991626964
6349,5024,4383,8431.530145854606,1744369.8158712836,206.88650644615316,140.2451612595712
6349,5033,5844,8431.530145854606,1792594.5031782568,212.60607175313166,167.32885675354584
6349,5013,5844,8431.530145854606,1647474.7129708596,195.3945113723927,130.11879936201322
5420,5033,4904,209.88713841415083,1792594.5031782568,8540.754410787651,1766.2164272821456
5440,5033,4748,659.551622380624,1792594.5031782568,2717.8987092897473,1366.2045474479592
5733,5024,4383,8064.165733418278,1744369.8158712836,216.31125568792987,75.20139855795337
5733,5033,5844,8064.165733418278,1792594.5031782568,222.29137674461,77.81992176105288
6387,6295,5844,9429.92107378879,228433.85684660068,24.224365724709045,14.854478686068374
6387,6373,5114,9429.92107378879,66614.32450397864,7.064144437978215,5.56566847672865
6387,5024,4383,9429.92107378879,1744369.8158712836,184.98244070354917,77.72856385172962
6387,5033,5844,9429.92107378879,1792594.5031782568,190.09644822594694,88.48778491435425
6387,5013,5844,9429.92107378879,1647474.7129708596,174.70715821261174,68.81015357810274
6403,6295,4230,1488.7274809805194,228433.85684660068,153.4423591725112,274.4732309212482
6403,5024,3118,1488.7274809805194,1744369.8158712836,1171.7186914037422,1407.4758260825474
6403,5033,4230,1488.7274809805194,1792594.5031782568,1204.11191845374,1747.1376450244725
6403,5013,4230,1488.7274809805194,1647474.7129708596,1106.6328351014147,1346.8974832418492
6407,6295,5844,3151.513071529603,228433.85684660068,72.48386779996096,158.79410508505248
6407,5024,4383,3151.513071529603,1744369.8158712836,553.5023261143083,789.653230152798
6407,5033,5844,3151.513071529603,1792594.5031782568,568.8044004552429,945.932800025616
6407,5013,5844,3151.513071529603,1647474.7129708596,522.7567443251153,735.5792814491471
6411,6295,5844,906.6419668192516,228433.85684660068,251.9559707212862,533.3242639682617
6411,5024,4383,906.6419668192516,1744369.8158712836,1923.9897111657106,2835.3047957386448
6411,5033,5844,906.6419668192516,1792594.5031782568,1977.1801535584873,3177.0002675281103
6411,5013,5844,906.6419668192516,1647474.7129708596,1817.1172009063866,2470.5090825572292
6414,6295,5844,478.72618976110283,228433.85684660068,477.1701689447893,987.5271299841498
6414,5024,4383,478.72618976110283,1744369.8158712836,3643.773524782028,5446.731216296811
6414,5033,5844,478.72618976110283,1792594.5031782568,3744.5089521273308,5882.676203041865
6414,5013,5844,478.72618976110283,1647474.7129708596,3441.371598643879,4574.505434544982
6424,6295,5844,15319.592822876792,228433.85684660068,14.91122247749821,21.857190642433803
6424,5024,4383,15319.592822876792,1744369.8158712836,113.86528584926953,106.41262858872868
6424,5033,5844,15319.592822876792,1792594.5031782568,117.01319505707556,130.20277757802805
6424,5013,5844,15319.592822876792,1647474.7129708596,107.54037212468734,101.24869924262633
6535,6295,4121,595.1676086500905,228433.85684660068,383.8143298233506,809.5713834025158
6535,5024,3021,595.1676086500905,1744369.8158712836,2930.888359041779,4073.1771176855245
6535,6407,4121,595.1676086500905,3151.513071529603,5.29516900067462,5.456913516781544
6535,5033,4121,595.1676086500905,1792594.5031782568,3011.9154287379147,5180.475457161344
6535,5013,4121,595.1676086500905,1647474.7129708596,2768.0853074439387,3982.6418777176314
6562,6295,5844,111.40793026645963,228433.85684660068,2050.427256841094,5530.959664386564
6562,5024,4383,111.40793026645963,1744369.8158712836,15657.501325975554,29534.179309529434
6562,5033,5844,111.40793026645963,1792594.5031782568,16090.367165881491,32947.79840447876
6562,5013,5844,111.40793026645963,1647474.7129708596,14787.768779390446,25620.972097639
6443,5024,4383,2282.0912188876273,1744369.8158712836,764.3733963980422,796.6555105408272
6443,5033,5844,2282.0912188876273,1792594.5031782568,785.505192930908,975.7598191890233
6443,5013,5844,2282.0912188876273,1647474.7129708596,721.9144876136448,758.7734632381654
6444,5024,2993,316.6088450052644,1744369.8158712836,5509.5422739762025,7864.265437121418
6444,6443,3932,316.6088450052644,2282.0912188876273,7.2079199772504206,10.680062052336357
6444,5033,3932,316.6088450052644,1792594.5031782568,5661.8585723606375,10158.55124593545
6444,5013,3932,316.6088450052644,1647474.7129708596,5203.501857136892,7841.42379440329
6507,5024,4231,105.09927852965025,1744369.8158712836,16597.35290551179,10813.808269941585
6507,5033,5692,105.09927852965025,1792594.5031782568,17056.201795643497,13025.263372472515
6507,5013,5692,105.09927852965025,1647474.7129708596,15675.414103875886,10128.126795177133
6568,5024,3056,77.45829897207948,1744369.8158712836,22520.11519772797,7347.347867157515
6568,5033,4056,77.45829897207948,1792594.5031782568,23142.704228818828,8708.563558942711
6568,5013,4056,77.45829897207948,1647474.7129708596,21269.182706487092,6712.585399757847
6473,5024,4383,67921.99374086321,1744369.8158712836,25.68195837310701,10.548420865686163
6473,5033,5844,67921.99374086321,1792594.5031782568,26.391959429480007,12.329242986162548
6473,5013,5844,67921.99374086321,1647474.7129708596,24.255393904606578,9.587505260762487
5449,5453,5844,20871.227249971464,40621.174120010764,1.9462762603031072,1.767374412829038
5458,5453,5844,4460.7732233143215,40621.174120010764,9.10630782746439,7.170000919170876
5458,5459,5844,4460.7732233143215,9772.425099356198,2.1907468974841446,1.7061342967094213
5461,5453,5844,987.2221847967767,40621.174120010764,41.14694214289034,49.14794328315572
5461,5459,5844,987.2221847967767,9772.425099356198,9.898911562008594,11.694976415403026
5459,5453,5844,9772.425099356198,40621.174120010764,4.156713784655854,4.202483317403254
5740,5453,4571,54.10971940646752,40621.174120010764,750.7186244095636,758.4239238841581
6250,5024,2522,576.9242777556739,1744369.8158712836,3023.5680541251554,2484.737125284944
6250,5033,3489,576.9242777556739,1792594.5031782568,3107.157338137565,3140.788113087711
6250,5013,3489,576.9242777556739,1647474.7129708596,2855.616892011886,2412.0107702182204
6334,6295,2841,4049.578275309218,228433.85684660068,56.409295318327416,38.00697508830754
6334,6331,2782,4049.578275309218,21062.594768300743,5.201182280318423,5.459730952720332
6334,5033,2841,4049.578275309218,1792594.5031782568,442.66202090917176,241.0602163338094
6334,5013,2841,4049.578275309218,1647474.7129708596,406.8262423807727,178.86681605876853
5358,5024,4383,28794.60790625033,1744369.8158712836,60.579738454873706,23.008234476407424
5358,5033,5844,28794.60790625033,1792594.5031782568,62.254520325979,26.762517405483052
5403,5024,4361,2344.3884806806564,1744369.8158712836,744.0617586402886,273.71322894940783
5403,5033,5822,2344.3884806806564,1792594.5031782568,764.6320215060113,304.3489307311322
5746,5024,4279,2398.9077387238303,1744369.8158712836,727.1516897933109,303.37874943280383
5746,5033,5740,2398.9077387238303,1792594.5031782568,747.2544584527791,368.32333044885564
5746,5358,5740,2398.9077387238303,28794.60790625033,12.003216064311198,13.891741316814487
5383,5024,4279,11484.956957261067,1744369.8158712836,151.88300856177358,54.72818876071907
5383,5033,5740,11484.956957261067,1792594.5031782568,156.0819522309951,62.569089064502954
5383,5358,5740,11484.956957261067,28794.60790625033,2.5071585390701605,2.3536985203842713
5319,5024,3077,725.4064927634485,1744369.8158712836,2404.6790775556433,1031.980213231683
5319,5033,4134,725.4064927634485,1792594.5031782568,2471.1586139094748,1213.9264809157605
5319,5013,4134,725.4064927634485,1647474.7129708596,2271.105551722837,935.351476707329
5321,5024,3022,139.20808796814936,1744369.8158712836,12530.664283460264,6901.274795135434
5321,5033,3988,139.20808796814936,1792594.5031782568,12877.085874409828,8257.279453396868
5321,5013,3988,139.20808796814936,1647474.7129708596,11834.619216577416,6364.819896923808
5321,5319,3969,139.20808796814936,725.4064927634485,5.210950766951275,6.83607255721652
5328,5024,4383,2366.326508202804,1744369.8158712836,737.1636204152196,426.70763027360596
5328,5033,5844,2366.326508202804,1792594.5031782568,757.5431779867566,488.2712643923132
5328,5013,5844,2366.326508202804,1647474.7129708596,696.2161423032431,379.69105818535746
5336,5024,4383,14447.44605556784,1744369.8158712836,120.73897415239203,48.67996758258093
5336,5033,5844,14447.44605556784,1792594.5031782568,124.07691271409291,52.057061380103086
5336,5013,5844,14447.44605556784,1647474.7129708596,114.03224532795167,40.480778130638264
5336,5347,5844,14447.44605556784,24299.49058483258,1.6819229150516817,2.0776858188851897
5347,5024,4383,24299.49058483258,1744369.8158712836,71.78627098298497,22.600252742673973
5347,5033,5844,24299.49058483258,1792594.5031782568,73.77086762045829,25.05530956939149
5347,5013,5844,24299.49058483258,1647474.7129708596,67.79873459566232,19.483589752929426
5352,5024,4383,579.3293454471988,1744369.8158712836,3011.0158057413114,1937.4330103037694
5352,5033,5844,579.3293454471988,1792594.5031782568,3094.2580714507194,2097.9114994798883
5352,5013,5844,579.3293454471988,1647474.7129708596,2843.761887634283,1631.3846324913668
5352,5354,5844,579.3293454471988,989.7123817727872,1.7083760550897065,1.7368482280577209
5354,5024,4383,989.7123817727872,1744369.8158712836,1762.501761114419,1114.48819312033
5354,5033,5844,989.7123817727872,1792594.5031782568,1811.2277225099836,1207.8841810063834
5354,5013,5844,989.7123817727872,1647474.7129708596,1664.5994768903254,939.2787499433432
5758,5024,4383,1761.8561484835286,1744369.8158712836,990.0750508903375,435.064609424562
5758,5033,5844,1761.8561484835286,1792594.5031782568,1017.4465745805555,507.9945571138766
5758,5013,5844,1761.8561484835286,1647474.7129708596,935.0790156102586,395.02834798812773
5758,5347,5844,1761.8561484835286,24299.49058483258,13.791983304509694,20.274926386639496
6485,5024,4270,936.348024596042,1744369.8158712836,1862.950281359153,614.0889081682026
6485,6473,5731,936.348024596042,67921.99374086321,72.53926099771078,57.17232181940247
6485,5033,5731,936.348024596042,1792594.5031782568,1914.4532332960443,713.4380970026054
6485,5013,5731,936.348024596042,1647474.7129708596,1759.4683490485397,554.4909385901877
6479,5024,4018,14347.286646986367,1744369.8158712836,121.58186135060504,43.464594988209974
6479,6473,5479,14347.286646986367,67921.99374086321,4.734135130361402,4.318895390221351
6479,5033,5479,14347.286646986367,1792594.5031782568,124.94310229417417,52.23780072314684
6479,5013,5479,14347.286646986367,1647474.7129708596,114.82831238455182,40.5922909941903
6488,5024,3255,1139.907146881782,1744369.8158712836,1530.273602234191,573.7567655710617
6488,6473,3880,1139.907146881782,67921.99374086321,59.58554951310196,47.72943542435889
6488,5033,3880,1139.907146881782,1792594.5031782568,1572.5794053330592,684.5121598127819
6488,5013,3880,1139.907146881782,1647474.7129708596,1445.2709744627268,529.1646785765712
6496,5024,4383,775.9240845811125,1744369.8158712836,2248.1191788407914,816.0882029653902
6496,6473,4383,775.9240845811125,67921.99374086321,87.5369061105138,77.3659122400123
6496,5033,4383,775.9240845811125,1792594.5031782568,2310.2704746508803,942.658402194673
6496,5013,4383,775.9240845811125,1647474.7129708596,2123.2421389010747,745.7639003585559
6496,6492,4383,775.9240845811125,12204.921915951265,15.729530966344688,14.060951436603851
6491,5024,4383,6541.87720982176,1744369.8158712836,266.64667646961396,121.43972395144577
6491,6473,5844,6541.87720982176,67921.99374086321,10.38264577006847,11.791322915002029
6491,5033,5844,6541.87720982176,1792594.5031782568,274.01836593430926,145.3780853473665
6491,5013,5844,6541.87720982176,1647474.7129708596,251.835162925008,113.04937047893122
6491,6492,4383,6541.87720982176,12204.921915951265,1.865660501488349,2.0923694948060327
6492,5024,4383,12204.921915951265,1744369.8158712836,142.92347201267003,58.03933017227605
6492,6473,4383,12204.921915951265,67921.99374086321,5.56513136328159,5.502181882131478
6492,5033,4383,12204.921915951265,1792594.5031782568,146.87472115945445,67.04086892304592
6492,5013,4383,12204.921915951265,1647474.7129708596,134.98445334727515,53.03794012239904
6551,5024,2434,4893.429352371945,1744369.8158712836,356.47185036517425,96.32106022135518
6551,6473,2951,4893.429352371945,67921.99374086321,13.88024406808694,7.791997445663798
6551,5033,2951,4893.429352371945,1792594.5031782568,366.32683831623103,106.96381616344155
6551,5013,2951,4893.429352371945,1647474.7129708596,336.67078736352755,85.36402038473334
5415,5024,2319,59.26540131692988,1744369.8158712836,29433.189974417386,14773.959008208074
5415,5033,3207,59.26540131692988,1792594.5031782568,30246.89723422459,14862.173465350688
6302,6295,2779,6762.554061483909,228433.85684660068,33.779228198358446,25.65643965243146
6302,5033,2779,6762.554061483909,1792594.5031782568,265.0765504985711,162.40544515734243
6302,5013,2779,6762.554061483909,1647474.7129708596,243.61723366531635,120.006924898896
5081,5063,4635,93.83310962984883,7530.280183961915,80.25184515004597,81.15726859192094
5081,5024,3407,93.83310962984883,1744369.8158712836,18590.13116747854,6014.276629136437
5081,5033,4635,93.83310962984883,1792594.5031782568,19104.07222194438,7123.893231445476
5081,5013,4635,93.83310962984883,1647474.7129708596,17557.498834577564,5485.52743952898
5675,5024,3083,9.360587755917933,1744369.8158712836,186352.59466142618,107.9434893338556
5675,5033,4092,9.360587755917933,1792594.5031782568,191504.48133397885,131.2588361975927
5675,5013,4092,9.360587755917933,1647474.7129708596,176001.20376301117,101.29487370675017
6329,6295,3705,1942.567015545251,228433.85684660068,117.5938101587103,65.54618968968798
6329,5024,2991,1942.567015545251,1744369.8158712836,897.9714995220712,357.4728031495173
6329,5033,3705,1942.567015545251,1792594.5031782568,922.7967369121116,427.7649773541238
6329,5013,3705,1942.567015545251,1647474.7129708596,848.0915715067039,328.72376151608904
5370,5024,3763,1104.6449837874236,1744369.8158712836,1579.1225610697816,595.9028241761405
5370,5033,5224,1104.6449837874236,1792594.5031782568,1622.7788379865774,720.2670949924859
5370,5358,5224,1104.6449837874236,28794.60790625033,26.06684349167472,27.60223668241181
6076,5024,4383,41910.45050034254,1744369.8158712836,41.621356846475,60.196097655707185
6076,5033,5844,41910.45050034254,1792594.5031782568,42.7720170453335,75.40604828076047
6076,5013,5844,41910.45050034254,1647474.7129708596,39.309401194754386,58.637491806795815
6076,6065,5844,41910.45050034254,130965.6571368039,3.1248926120642273,1.76075830346567
6076,6077,5844,41910.45050034254,46395.052798464065,1.1070043925699362,0.8035085251641362
6076,6086,5844,41910.45050034254,92960.17844646463,2.218066790899918,1.0724309476952831
6076,6084,5844,41910.45050034254,70829.89619532558,1.690029464005563,1.039681775210585
6076,6067,5844,41910.45050034254,173717.55731232226,4.144969935622679,2.8521265521075696
6076,6073,3865,41910.45050034254,198676.30231625176,4.7404955075495545,4.10677114067877
6077,5024,4383,46395.052798464065,1744369.8158712836,37.598185811937086,74.20614652871741
6077,5033,5844,46395.052798464065,1792594.5031782568,38.637621794830714,93.84598410496884
6077,5013,5844,46395.052798464065,1647474.7129708596,35.5097066087486,72.97681352518032
6077,6065,5844,46395.052798464065,130965.6571368039,2.8228366870430546,2.1913374262034027
6077,6086,5844,46395.052798464065,92960.17844646463,2.0036657539819016,1.334685213795601
6077,6084,5844,46395.052798464065,70829.89619532558,1.5266691580889944,1.2939274975311614
6077,6067,5844,46395.052798464065,173717.55731232226,3.744312094372124,3.5495909038736753
6077,6073,3865,46395.052798464065,198676.30231625176,4.282273439353195,5.418334757270374
6089,5024,4383,4486.02530801331,1744369.8158712836,388.8452908982359,260.3204604470875
6089,5033,5844,4486.02530801331,1792594.5031782568,399.59527200530414,323.8662766561144
6089,5013,5844,4486.02530801331,1647474.7129708596,367.2459693947789,251.84592717565565
6089,6065,5844,4486.02530801331,130965.6571368039,29.194141393465213,7.562393850842601
6089,6076,5844,4486.02530801331,41910.45050034254,9.34244629103599,4.294964184441256
6089,6077,5844,4486.02530801331,46395.052798464065,10.34212908152555,3.4510403374731804
6089,6086,5844,4486.02530801331,92960.17844646463,20.72216986391304,4.606052510637635
6089,6084,5844,4486.02530801331,70829.89619532558,15.789009497740317,4.465395987745768
6089,6067,5844,4486.02530801331,173717.55731232226,38.72415900151378,12.24978139079594
6089,6073,3865,4486.02530801331,198676.30231625176,44.28782467217911,15.336993685106128
6065,5024,4383,130965.6571368039,1744369.8158712836,13.319291896876084,34.335657876299436
6065,5033,5844,130965.6571368039,1792594.5031782568,13.687515814208844,42.82589389602199
6065,5013,5844,130965.6571368039,1647474.7129708596,12.57944066397455,33.30240822455908
6065,6067,5844,130965.6571368039,173717.55731232226,1.3264359612295966,1.6198285400635501
6065,6073,3865,130965.6571368039,198676.30231625176,1.5170106931828609,2.2009453162894546
6091,5024,2835,436.1606889336022,1744369.8158712836,3999.374221771814,12271.716850622312
6091,5033,3470,436.1606889336022,1792594.5031782568,4109.940553242174,15504.707683303197
6091,5013,3470,436.1606889336022,1647474.7129708596,3777.21962288458,12055.031406003063
6091,6065,3470,436.1606889336022,130965.6571368039,300.26928253669627,388.5415068863696
6091,6086,3470,436.1606889336022,92960.17844646463,213.13286778262628,235.2681119520098
6091,6084,3470,436.1606889336022,70829.89619532558,162.39403961072748,232.25363298631711
6091,6067,3470,436.1606889336022,173717.55731232226,398.28797440928406,630.566810611293
6091,6073,2130,436.1606889336022,198676.30231625176,455.5117124425139,785.5447990065086
6092,5024,2987,1382.5876670984978,1744369.8158712836,1261.670313848541,1788.8434323164674
6092,5033,3947,1382.5876670984978,1792594.5031782568,1296.550335169849,2178.531073566217
6092,5013,3947,1382.5876670984978,1647474.7129708596,1191.5878842086408,1676.4591896613247
6092,6065,3947,1382.5876670984978,130965.6571368039,94.72502919952177,53.949756373458264
6092,6086,3947,1382.5876670984978,92960.17844646463,67.23637181109181,32.89879980845954
6092,6084,3947,1382.5876670984978,70829.89619532558,51.22994937743759,31.942639190606958
6092,6067,3947,1382.5876670984978,173717.55731232226,125.64668515876927,88.12847613864415
6092,6073,2519,1382.5876670984978,198676.30231625176,143.69888220773325,115.84139396498954
6086,5024,4383,92960.17844646463,1744369.8158712836,18.764699519976272,59.090159357555265
6086,5033,5844,92960.17844646463,1792594.5031782568,19.28346667504091,70.3131968009805
6086,5013,5844,92960.17844646463,1647474.7129708596,17.72237037948064,54.677172393067565
6086,6065,5844,92960.17844646463,130965.6571368039,1.4088361202127688,1.641838392718564
6086,6067,5844,92960.17844646463,173717.55731232226,1.8687308933293996,2.6594966866975973
6086,6073,3865,92960.17844646463,198676.30231625176,2.1372194593050247,3.580326130671639
6133,5024,4082,6145.81730482947,1744369.8158712836,283.8304051928998,175.48323419123756
6133,5033,5341,6145.81730482947,1792594.5031782568,291.6771544395911,205.78102512825785
6133,5013,5341,6145.81730482947,1647474.7129708596,268.064381229857,159.84623636822383
6133,6065,5341,6145.81730482947,130965.6571368039,21.30972182233423,4.892006242348917
6133,6134,5341,6145.81730482947,12521.581755589372,2.037415226409307,1.6133590004765865
6133,6139,5341,6145.81730482947,22085.129097088677,3.5935219030565504,1.692055209277551
6133,6141,5341,6145.81730482947,32991.841503851436,5.368178041661925,2.1159626580445
6133,6143,5341,6145.81730482947,37342.38399229162,6.076064767325161,2.3822855594284698
6133,6067,5341,6145.81730482947,173717.55731232226,28.265981348943214,7.917382698974872
6133,6073,3362,6145.81730482947,198676.30231625176,32.327075873233184,8.928171269680208
6134,5024,4383,12521.581755589372,1744369.8158712836,139.30906253857532,114.90921380566904
6134,5033,5844,12521.581755589372,1792594.5031782568,143.1603880538559,129.80989558851502
6134,5013,5844,12521.581755589372,1647474.7129708596,131.57081470441716,100.94318509666114
6134,6065,5844,12521.581755589372,130965.6571368039,10.45919434885641,3.0311076729345934
6134,6139,5844,12521.581755589372,22085.129097088677,1.7637651159551258,1.0501840021877904
6134,6141,5844,12521.581755589372,32991.841503851436,2.6347982345860235,1.311610841588137
6134,6143,5844,12521.581755589372,37342.38399229162,2.982241758364335,1.4770512702655356
6134,6067,5844,12521.581755589372,173717.55731232226,13.873451509812519,4.909874716625067
6134,6073,3865,12521.581755589372,198676.30231625176,15.866709669292925,5.584834640063544
6139,5024,4383,22085.129097088677,1744369.8158712836,78.98390850254216,105.55852711563134
6139,5033,5844,22085.129097088677,1792594.5031782568,81.16749036411844,123.6068111093763
6139,5013,5844,22085.129097088677,1647474.7129708596,74.59656249815784,96.11952275636628
6139,6065,5844,22085.129097088677,130965.6571368039,5.930038106685469,2.8862634230002118
6139,6141,5844,22085.129097088677,32991.841503851436,1.493848705109019,1.2489343189914628
6139,6143,5844,22085.129097088677,37342.38399229162,1.6908383839700625,1.4064690256073946
6139,6067,5844,22085.129097088677,173717.55731232226,7.8658157961694775,4.675251866717257
6139,6073,3865,22085.129097088677,198676.30231625176,8.995931218823703,5.724892791384007
6141,5024,4383,32991.841503851436,1744369.8158712836,52.87276297285944,82.50224183231602
6141,5033,5844,32991.841503851436,1792594.5031782568,54.33447850945183,98.96982509792112
6141,5013,5844,32991.841503851436,1647474.7129708596,49.93582164179999,76.9612311029971
6141,6065,5844,32991.841503851436,130965.6571368039,3.969637679106669,2.3109809532105112
6141,6143,5844,32991.841503851436,37342.38399229162,1.1318672220200958,1.1261353012888171
6141,6067,5844,32991.841503851436,173717.55731232226,5.265470170619079,3.7433929035536537
6141,6073,3865,32991.841503851436,198676.30231625176,6.021982807266411,4.921884178616866
6143,5024,4383,37342.38399229162,1744369.8158712836,46.71286697258975,74.49063465418948
6143,5033,5844,37342.38399229162,1792594.5031782568,48.00428659156555,87.88448864417454
6143,5013,5844,37342.38399229162,1647474.7129708596,44.118091477794735,68.34101640799115
6143,6065,5844,37342.38399229162,130965.6571368039,3.507158438621337,2.0521343665949248
6143,6067,5844,37342.38399229162,173717.55731232226,4.652021074717184,3.324105815055695
6143,6073,3865,37342.38399229162,198676.30231625176,5.320396854075074,4.059624742438995
6148,5024,2869,107.59252772509159,1744369.8158712836,16212.741281888113,36206.54407961383
6148,5033,3852,107.59252772509159,1792594.5031782568,16660.957234488385,40230.56823145666
6148,5013,3852,107.59252772509159,1647474.7129708596,15312.16663280096,31057.392458123617
6148,6065,3852,107.59252772509159,130965.6571368039,1217.2374783445252,998.224836247279
6148,6139,3852,107.59252772509159,22085.129097088677,205.2663838655983,345.3933616189806
6148,6141,3852,107.59252772509159,32991.841503851436,306.63692174003484,436.3556823122412
6148,6143,3852,107.59252772509159,37342.38399229162,347.0722807786867,489.23147038056794
6148,6067,3852,107.59252772509159,173717.55731232226,1614.5875646326106,1637.643632624957
6148,6073,2532,107.59252772509159,198676.30231625176,1846.5622707915857,1847.0017959141865
6155,5024,3093,2618.893736907651,1744369.8158712836,666.0712465298452,694.138105329818
6155,5033,4098,2618.893736907651,1792594.5031782568,684.4853908791749,832.7110928296212
6155,5013,4098,2618.893736907651,1647474.7129708596,629.0727606673236,641.9369695645328
6155,6065,4098,2618.893736907651,130965.6571368039,50.00800730901213,20.622048762303855
6155,6139,4098,2618.893736907651,22085.129097088677,8.432999317935844,7.113851013712189
6155,6141,4098,2618.893736907651,32991.841503851436,12.597625111283701,8.952574530099652
6155,6143,4098,2618.893736907651,37342.38399229162,14.258838938759283,10.07230472101625
6155,6159,4093,2618.893736907651,4173.528422564736,1.593622667368235,1.0828672928074152
6155,6067,4098,2618.893736907651,173717.55731232226,66.33241924410619,33.519112547921964
6155,6073,2625,2618.893736907651,198676.30231625176,75.86268183253806,38.91619836655113
6159,5024,3352,4173.528422564736,1744369.8158712836,417.9604495898762,657.1937229439714
6159,5033,4404,4173.528422564736,1792594.5031782568,429.5153456931925,780.1230280089158
6159,5013,4404,4173.528422564736,1647474.7129708596,394.74385847322105,602.6637318169943
6159,6065,4404,4173.528422564736,130965.6571368039,31.38008032453324,19.173103140326205
6159,6139,4404,4173.528422564736,22085.129097088677,5.291716471291412,6.617617620956012
6159,6141,4404,4173.528422564736,32991.841503851436,7.905023798442743,8.309518436377314
6159,6143,4404,4173.528422564736,37342.38399229162,8.947437326746133,9.351682813898291
6159,6067,4404,4173.528422564736,173717.55731232226,41.623667008734195,31.094954615440198
6159,6073,2825,4173.528422564736,198676.30231625176,47.603917405254016,38.394034551146405
6163,5024,3046,572.2952680323862,1744369.8158712836,3048.024181413588,4263.208213321435
6163,5033,4043,572.2952680323862,1792594.5031782568,3132.2895772690786,5044.1420635873465
6163,5013,4043,572.2952680323862,1647474.7129708596,2878.7145464876166,3890.906984024782
6163,6065,4043,572.2952680323862,130965.6571368039,228.8428097388926,125.0103678712378
6163,6141,4043,572.2952680323862,32991.841503851436,57.648286377207,54.394868598843935
6163,6143,4043,572.2952680323862,37342.38399229162,65.25020575598822,61.10974625166225
6163,6067,4043,572.2952680323862,173717.55731232226,303.54533230648974,203.5719091268497
6163,6073,2614,572.2952680323862,198676.30231625176,347.15698943191103,233.50201053794814
6162,5024,2914,122.32661194338856,1744369.8158712836,14259.937295398644,21150.46051854374
6162,5033,3864,122.32661194338856,1792594.5031782568,14654.166208803774,23646.618670084474
6162,5013,3864,122.32661194338856,1647474.7129708596,13467.835712913338,18248.878701896054
6162,6065,3864,122.32661194338856,130965.6571368039,1070.6227782832193,587.4015135259066
6162,6139,3864,122.32661194338856,22085.129097088677,180.5423100192576,202.97997691674374
6162,6141,3864,122.32661194338856,32991.841503851436,269.70289603965904,256.27874909284037
6162,6143,3864,122.32661194338856,37342.38399229162,305.26786771118356,287.88152699204636
6162,6159,3861,122.32661194338856,4173.528422564736,34.117910700381366,31.233986484231362
6162,6067,3864,122.32661194338856,173717.55731232226,1420.1125540264034,960.7017135771665
6162,6073,2476,122.32661194338856,198676.30231625176,1624.146203020787,1125.1184730492773
6167,5024,2888,1312.480429520441,1744369.8158712836,1329.0634866903486,2648.2861718269924
6167,5033,3820,1312.480429520441,1792594.5031782568,1365.806653462438,3314.8481978185914
6167,5013,3820,1312.480429520441,1647474.7129708596,1255.237545578352,2553.4670330486206
6167,6065,3820,1312.480429520441,130965.6571368039,99.78484569454237,82.39632186040343
6167,6141,3820,1312.480429520441,32991.841503851436,25.137015959854057,35.952726720191954
6167,6143,3820,1312.480429520441,37342.38399229162,28.451764424354824,40.35093419058411
6167,6067,3820,1312.480429520441,173717.55731232226,132.3582077149873,134.65380220947927
6167,6073,2451,1312.480429520441,198676.30231625176,151.37467793622253,180.08023633850144
6171,5024,3182,1535.5766469376645,1744369.8158712836,1135.970528954062,1168.7367687227566
6171,5033,4238,1535.5766469376645,1792594.5031782568,1167.375465596688,1310.1018692447888
6171,5013,4238,1535.5766469376645,1647474.7129708596,1072.8703879785803,1010.4308624192535
6171,6065,4238,1535.5766469376645,130965.6571368039,85.28760670982017,32.30734746126807
6171,6141,4238,1535.5766469376645,32991.841503851436,21.48498518106906,14.035843461003058
6171,6143,4238,1535.5766469376645,37342.38399229162,24.31815049203956,15.796231680252609
6171,6175,4121,1535.5766469376645,3639.0070998853444,2.3697984123048905,1.7958564232213035
6171,6067,4238,1535.5766469376645,173717.55731232226,113.12854858711209,52.53727181588254
6171,6073,2775,1535.5766469376645,198676.30231625176,129.3822113747715,62.04845114668055
6175,5024,3128,3639.0070998853444,1744369.8158712836,479.3532323490779,630.612210811846
6175,5033,4162,3639.0070998853444,1792594.5031782568,492.60538767147136,726.9382925524915
6175,5013,4162,3639.0070998853444,1647474.7129708596,452.72643546718206,560.4960563120007
6175,6065,4162,3639.0070998853444,130965.6571368039,35.98939313444326,17.968864884237288
6175,6141,4162,3639.0070998853444,32991.841503851436,9.066165741993448,7.8069797817741975
6175,6143,4162,3639.0070998853444,37342.38399229162,10.261695832763884,8.783875537934723
6175,6067,4162,3639.0070998853444,173717.55731232226,47.73762527635509,29.225172405103695
6175,6073,2707,3639.0070998853444,198676.30231625176,54.59629422611226,36.82209528895942
6178,5024,3040,875.4537770875472,1744369.8158712836,1992.5321719148205,6965.972986172488
6178,5033,3974,875.4537770875472,1792594.5031782568,2047.6175328660368,8397.137726809127
6178,5013,3974,875.4537770875472,1647474.7129708596,1881.8523102974843,6481.24755446949
6178,6065,3974,875.4537770875472,130965.6571368039,149.59745513064027,208.46196771260122
6178,6141,3974,875.4537770875472,32991.841503851436,37.685417971018914,90.6168212463151
6178,6143,3974,875.4537770875472,37342.38399229162,42.654889349523366,101.85269405715309
6178,6067,3974,875.4537770875472,173717.55731232226,198.43144419371228,339.37092974906176
6178,6073,2542,875.4537770875472,198676.30231625176,226.94093910612452,440.6998537178805
6180,5024,3134,991.8012884481029,1744369.8158712836,1758.7896246845414,4789.882531851333
6180,5033,4111,991.8012884481029,1792594.5031782568,1807.4129606981815,5897.658114717336
6180,5013,4111,991.8012884481029,1647474.7129708596,1661.0935397641051,4549.66020488798
6180,6065,4111,991.8012884481029,130965.6571368039,132.0482829193832,146.12274769162863
6180,6143,4111,991.8012884481029,37342.38399229162,37.6510742900145,71.25984608484555
6180,6067,4111,991.8012884481029,173717.55731232226,175.1535910828898,237.44144888123188
6180,6073,2621,991.8012884481029,198676.30231625176,200.31865720514006,347.8630969471125
6181,5024,2806,972.1599592521748,1744369.8158712836,1794.323865398781,3627.097026640215
6181,5033,3681,972.1599592521748,1792594.5031782568,1843.9295777591929,5102.848185302755
6181,5013,3681,972.1599592521748,1647474.7129708596,1694.6539479348282,3938.531237463096
6181,6067,3681,972.1599592521748,173717.55731232226,178.6923598930704,208.9249173010502
6181,6073,2345,972.1599592521748,198676.30231625176,204.36585607689676,367.6367119769546
6545,5024,3222,403.15344115623395,1744369.8158712836,4326.8136590090235,2798.1533153165483
6545,5033,4212,403.15344115623395,1792594.5031782568,4446.432351010426,3358.761753913662
6545,5013,4212,403.15344115623395,1647474.7129708596,4086.4706704373984,2592.3680917130487
6545,6065,4212,403.15344115623395,130965.6571368039,324.85312976914616,82.8254937018511
6545,6076,4212,403.15344115623395,41910.45050034254,103.95657390432888,47.45244381699445
6545,6077,4212,403.15344115623395,46395.052798464065,115.08038394861326,37.86479939480946
6545,6086,4212,403.15344115623395,92960.17844646463,230.5826242729249,50.42668770359105
6545,6084,4212,403.15344115623395,70829.89619532558,175.68967287538763,48.92295622178072
6545,6067,4212,403.15344115623395,173717.55731232226,430.8968734437803,134.58950842756403
6545,6073,2685,403.15344115623395,198676.30231625176,492.8056715737143,173.7519575099674
6046,5024,2834,3590.6216986171667,1744369.8158712836,485.81275397045636,6507.114330932334
6046,5033,3740,3590.6216986171667,1792594.5031782568,499.24348863279783,9101.912476976851
6046,5013,3740,3590.6216986171667,1647474.7129708596,458.82714784610727,7024.821477778525
6049,5024,2882,2186.991405386971,1744369.8158712836,797.6116465636641,2367.4124638584613
6049,5033,3824,2186.991405386971,1792594.5031782568,819.6623447000109,3018.8853175979402
6049,5013,3824,2186.991405386971,1647474.7129708596,753.3064414029335,2329.548484841167
6053,5024,2946,1529.5604815167824,1744369.8158712836,1140.43860112121,3338.773346250251
6053,5033,3867,1529.5604815167824,1792594.5031782568,1171.9670616755461,4362.01974046571
6053,5013,3867,1529.5604815167824,1647474.7129708596,1077.0902706228053,3366.531567979701
6058,5024,2808,805.8096250464321,1744369.8158712836,2164.741846774007,4903.367887574412
6058,5033,3684,805.8096250464321,1792594.5031782568,2224.5881005392116,6398.196581397613
6058,5013,3684,805.8096250464321,1647474.7129708596,2044.496195830286,4930.773235963516
6058,6060,3615,805.8096250464321,6790.977093847704,8.427520449952924,15.094002359285977
6096,5024,2878,4003.3045547071015,1744369.8158712836,435.7324785145928,2315.332620644955
6096,5033,3793,4003.3045547071015,1792594.5031782568,447.7786984931029,3091.87059858979
6096,5013,3793,4003.3045547071015,1647474.7129708596,411.5286984683072,2384.9679256702857
6096,6065,3793,4003.3045547071015,130965.6571368039,32.71438766326533,76.68434361340736
6096,6086,3793,4003.3045547071015,92960.17844646463,23.22086096026886,46.95235131958429
6096,6084,3793,4003.3045547071015,70829.89619532558,17.692857295117232,45.55021621630368
6096,6067,3793,4003.3045547071015,173717.55731232226,43.393540246161,125.67619989269375
6096,6073,2476,4003.3045547071015,198676.30231625176,49.628075906102964,177.79268703606868
6097,5024,2768,2893.4860384559424,1744369.8158712836,602.8609755456555,5782.866279715251
6097,5033,3610,2893.4860384559424,1792594.5031782568,619.5276145637955,7377.351517548448
6097,5013,3610,2893.4860384559424,1647474.7129708596,569.373652084392,5697.56439061569
6097,6065,3610,2893.4860384559424,130965.6571368039,45.26223918007616,185.81200666622252
6097,6086,3610,2893.4860384559424,92960.17844646463,32.12739830466615,113.68714588055516
6097,6084,3610,2893.4860384559424,70829.89619532558,24.479086905538587,110.5446504131423
6097,6067,3610,2893.4860384559424,173717.55731232226,60.03746173422822,305.80333131570006
6097,6073,2309,2893.4860384559424,198676.30231625176,68.66330083357578,428.0943832577393
6121,5024,3134,2167.639256424359,1744369.8158712836,804.7325267345077,5234.596502354526
6121,5033,4175,2167.639256424359,1792594.5031782568,826.9800880683629,6787.41077214324
6121,5013,4175,2167.639256424359,1647474.7129708596,760.0317756232467,5232.650455002127
6121,6065,4175,2167.639256424359,130965.6571368039,60.41856676504328,167.4205244323232
6121,6086,4175,2167.639256424359,92960.17844646463,42.8854469999808,102.02208174741702
6121,6067,4175,2167.639256424359,173717.55731232226,80.14135968310474,272.39757750985405
6121,6073,2751,2167.639256424359,198676.30231625176,91.65561184935326,518.5629181513954
6084,5024,4383,70829.89619532558,1744369.8158712836,24.627592437251142,58.11975796238154
6084,5033,5844,70829.89619532558,1792594.5031782568,25.308444590048108,72.52800816431274
6084,5013,5844,70829.89619532558,1647474.7129708596,23.259595191664065,56.39946107059435
6084,6065,5844,70829.89619532558,130965.6571368039,1.849016646525129,1.6935550333264549
6084,6086,5844,70829.89619532558,92960.17844646463,1.3124426751962337,1.0314992272304329
6084,6067,5844,70829.89619532558,173717.55731232226,2.452602172863085,2.7432687771504685
6084,6073,3865,70829.89619532558,198676.30231625176,2.8049780246517346,3.8844681568456334
6127,5024,2379,584.7831007138446,1744369.8158712836,2982.934721851455,15519.712895816392
6127,5033,3126,584.7831007138446,1792594.5031782568,3065.400660501367,19809.875612092957
6127,5013,3126,584.7831007138446,1647474.7129708596,2817.240633253231,15369.593887689893
6127,6065,3126,584.7831007138446,130965.6571368039,223.95595388603763,518.7890370606451
6127,6086,3126,584.7831007138446,92960.17844646463,158.96522716369225,316.19805858464986
6127,6067,3126,584.7831007138446,173717.55731232226,297.06323096591757,861.2875480966406
6128,5024,2634,2069.94476284554,1744369.8158712836,842.7132197833673,188897.31879355438
6128,5033,3532,2069.94476284554,1792594.5031782568,866.0107918599665,238127.4253840749
6128,5013,3532,2069.94476284554,1647474.7129708596,795.9027422094523,183467.31652436208
6128,6065,3532,2069.94476284554,130965.6571368039,63.27012173830486,5943.9581309157065
6128,6086,3532,2069.94476284554,92960.17844646463,44.90949715908016,3642.8137300416347
6128,6067,3532,2069.94476284554,173717.55731232226,83.923764745062,9812.628113541286
6128,6073,2309,2069.94476284554,198676.30231625176,95.98145123598985,22407.98842545614
6229,5024,2868,1014.108416897599,1744369.8158712836,1720.1019011435972,1016.1431931973501
6229,5033,3808,1014.108416897599,1792594.5031782568,1767.6556799146126,1149.0928910856087
6229,5013,3808,1014.108416897599,1647474.7129708596,1624.5548163488083,872.835855131553
6229,6231,3753,1014.108416897599,5158.205315297731,5.0864436477885855,3.8409703450866797
6218,5024,3000,5008.5828148455175,1744369.8158712836,348.2761252745875,209.17483367009302
6218,5033,4017,5008.5828148455175,1792594.5031782568,357.9045349644572,221.0487737865872
6218,5013,4017,5008.5828148455175,1647474.7129708596,328.9303129994614,169.55258420185788
6218,6211,3985,5008.5828148455175,10252.602756645145,2.047006735369588,1.3850362794439186
6218,6073,2614,5008.5828148455175,198676.30231625176,39.667169269393355,9.311904900949303
6211,5024,3024,10252.602756645145,1744369.8158712836,170.13921803814,134.55783326719816
6211,5033,4080,10252.602756645145,1792594.5031782568,174.84287119350262,160.10987042499679
6211,5013,4080,10252.602756645145,1647474.7129708596,160.68843708033666,122.87688264252795
6211,6073,2672,10252.602756645145,198676.30231625176,19.3781332440176,7.361106423622892
6237,5024,2827,1354.23941390254,1744369.8158712836,1288.0808208383899,1405.4790603638608
6237,5033,3774,1354.23941390254,1792594.5031782568,1323.6909846040442,1477.2445547927862
6237,5013,3774,1354.23941390254,1647474.7129708596,1216.5313577924137,1121.746215796315
6237,6231,3745,1354.23941390254,5158.205315297731,3.808931613083999,4.947984446308177
6231,5024,2914,5158.205315297731,1744369.8158712836,338.17378511436755,298.4149410653716
6231,5033,3875,5158.205315297731,1792594.5031782568,347.52290643839723,300.2946418928197
6231,5013,3875,5158.205315297731,1647474.7129708596,319.38913096090425,229.81591424965148
6239,5024,2903,2812.04010800298,1744369.8158712836,620.3218122340647,295.2595286261353
6239,5033,3888,2812.04010800298,1792594.5031782568,637.4711719354883,347.1611042550834
6239,5013,3888,2812.04010800298,1647474.7129708596,585.8645857440642,265.4675228429309
6060,5024,2949,6790.977093847704,1744369.8158712836,256.86580763931573,364.55935816351666
6060,5033,3963,6790.977093847704,1792594.5031782568,263.96709610495674,431.89936468889636
6060,5013,3963,6790.977093847704,1647474.7129708596,242.59759533917318,331.9550859687059
6103,5024,2864,1421.2929337417293,1744369.8158712836,1227.3119597372615,1602.7414698992557
6103,5033,3808,1421.2929337417293,1792594.5031782568,1261.2421131645467,1979.1737021642111
6103,5013,3808,1421.2929337417293,1647474.7129708596,1159.1380452681763,1523.8065311032979
6103,6065,3808,1421.2929337417293,130965.6571368039,92.1454360516805,49.12670174422223
6103,6086,3808,1421.2929337417293,92960.17844646463,65.40536172352273,30.03709372102994
6103,6067,3808,1421.2929337417293,173717.55731232226,122.22502004213116,80.44953493065378
6103,6105,3722,1421.2929337417293,3002.9172818959155,2.1128067343516332,1.327619903299309
6103,6108,3794,1421.2929337417293,7752.508787588971,5.454546774660685,5.047749628684184
6103,6073,2463,1421.2929337417293,198676.30231625176,139.78561181839683,124.47800105234998
6105,5024,2895,3002.9172818959155,1744369.8158712836,580.8917303143169,1306.9212899314969
6105,5033,3861,3002.9172818959155,1792594.5031782568,596.9510096017324,1498.319711905864
6105,5013,3861,3002.9172818959155,1647474.7129708596,548.6247399830852,1151.9343579265428
6105,6065,3861,3002.9172818959155,130965.6571368039,43.612808759792976,37.100072052890894
6105,6086,3861,3002.9172818959155,92960.17844646463,30.956623083461523,22.69896588413961
6105,6067,3861,3002.9172818959155,173717.55731232226,57.849597909218566,60.75229676617011
6105,6108,3831,3002.9172818959155,7752.508787588971,2.581659120058866,3.8091092670389695
6105,6073,2538,3002.9172818959155,198676.30231625176,66.16109724834509,70.78312776110383
6116,5024,2964,1188.0109285727601,1744369.8158712836,1468.3112536404997,1693.7934782177501
6116,5033,3912,1188.0109285727601,1792594.5031782568,1508.9040513556763,2171.825782268665
6116,5013,3912,1188.0109285727601,1647474.7129708596,1386.7504695012235,1674.9533085917387
6116,6065,3912,1188.0109285727601,130965.6571368039,110.2394380278488,53.82572181984874
6116,6086,3912,1188.0109285727601,92960.17844646463,78.24858863726459,32.885691818146626
6116,6067,3912,1188.0109285727601,173717.55731232226,146.22555494588016,87.88344195561466
6116,6108,3862,1188.0109285727601,7752.508787588971,6.525620767565327,5.519699438073524
6116,6073,2526,1188.0109285727601,198676.30231625176,167.23440629871592,132.1717815188653
6108,5024,3077,7752.508787588971,1744369.8158712836,225.00713816201713,321.7331594833089
6108,5033,4075,7752.508787588971,1792594.5031782568,231.2276647848539,397.8844568656055
6108,5013,4075,7752.508787588971,1647474.7129708596,212.5085902009308,306.56770620519467
6108,6065,4075,7752.508787588971,130965.6571368039,16.893325854266358,9.847243748913252
6108,6086,4075,7752.508787588971,92960.17844646463,11.99098008057534,5.999346966300904
6108,6067,4075,7752.508787588971,173717.55731232226,22.40791491786859,16.023374646317468
6108,6073,2636,7752.508787588971,198676.30231625176,25.627355964344552,22.102009469744683
6067,5024,4383,173717.55731232226,1744369.8158712836,10.041413446397515,22.173441425247635
6067,5033,5844,173717.55731232226,1792594.5031782568,10.319017437917331,26.438535213326848
6067,5013,5844,173717.55731232226,1647474.7129708596,9.483639641610363,20.55921809060886
6067,6073,3865,173717.55731232226,198676.30231625176,1.1436742801941246,1.2381859522327456
6190,5024,3010,2153.837172675731,1744369.8158712836,809.8893630404928,1327.642594031969
6190,5033,3961,2153.837172675731,1792594.5031782568,832.2794897960188,1618.8612739708844
6190,5013,3961,2153.837172675731,1647474.7129708596,764.9021633906463,1246.9756996657543
6190,6067,3961,2153.837172675731,173717.55731232226,80.65491649794093,65.43963363314617
6190,6187,3938,2153.837172675731,27454.68544718896,12.74687139561333,14.311421592487942
6190,6073,2562,2153.837172675731,198676.30231625176,92.24295356989983,73.23244474171956
6194,5024,2840,4823.696051740671,1744369.8158712836,361.6251515768315,722.3755012890101
6194,5033,3757,4823.696051740671,1792594.5031782568,371.62260721866676,890.5666157796243
6194,5013,3757,4823.696051740671,1647474.7129708596,341.5378364016851,686.3290169569915
6194,6067,3757,4823.696051740671,173717.55731232226,36.01337137517917,36.25101341272342
6194,6073,2433,4823.696051740671,198676.30231625176,41.18756658487173,55.096100236967985
6197,5024,2693,1056.0642718210217,1744369.8158712836,1651.7648238050738,2144.514175495397
6197,5033,3669,1056.0642718210217,1792594.5031782568,1697.429362028507,2518.2812491257528
6197,5013,3669,1056.0642718210217,1647474.7129708596,1560.0136818662,1930.5906088791774
6197,6067,3669,1056.0642718210217,173717.55731232226,164.495250855114,102.77029671495663
6197,6194,3583,1056.0642718210217,4823.696051740671,4.5676159874464295,2.840483174352437
6197,6073,2421,1056.0642718210217,198676.30231625176,188.12898761707447,122.81175263381273
6187,5024,3201,27454.68544718896,1744369.8158712836,63.536324946308454,96.92383273427781
6187,5033,4241,27454.68544718896,1792594.5031782568,65.29284433531171,114.83938755875643
6187,5013,4241,27454.68544718896,1647474.7129708596,60.00705111482316,88.49836751972292
6187,6067,4241,27454.68544718896,173717.55731232226,6.3274284328072286,4.60179422194123
6187,6073,2724,27454.68544718896,198676.30231625176,7.236517158370646,4.953874065367374
6557,5033,2693,468.25024000732344,1792594.5031782568,3828.283148664741,5742.70415070507
6557,5013,2693,468.25024000732344,1647474.7129708596,3518.3638409776213,4478.618034585411
6557,6067,2693,468.25024000732344,173717.55731232226,370.99299150301624,240.6014585531759
6557,6194,2688,468.25024000732344,4823.696051740671,10.301534606079919,7.151419103909025
6207,5024,2854,1428.5101364081058,1744369.8158712836,1221.1112622955452,3483.383095160146
6207,5033,3798,1428.5101364081058,1792594.5031782568,1254.8699918123207,4140.810304180909
6207,5013,3798,1428.5101364081058,1647474.7129708596,1153.2817800742566,3192.6285349634295
6207,6067,3798,1428.5101364081058,173717.55731232226,121.60750762967882,168.39533170129292
6207,6073,2460,1428.5101364081058,198676.30231625176,139.07937875457446,215.29012097310564
6228,5033,2298,225.15773209433442,1792594.5031782568,7961.505414467458,5455.338685110523
6228,5013,2298,225.15773209433442,1647474.7129708596,7316.980401457484,3987.1463209004496
6228,6073,2298,225.15773209433442,198676.30231625176,882.3872068182508,238.16905406771073
6184,5024,2438,13152.768619173616,1744369.8158712836,132.62377423171623,165.13662436581623
6184,5033,3392,13152.768619173616,1792594.5031782568,136.2902788820507,193.96406831272608
6184,5013,3392,13152.768619173616,1647474.7129708596,125.25687637880533,147.3610673952803
6184,6067,3392,13152.768619173616,173717.55731232226,13.207679868942822,7.6291409204761536
6184,6187,3380,13152.768619173616,27454.68544718896,2.087369301636352,1.7465836170887057
6184,6073,2533,13152.768619173616,198676.30231625176,15.105283767147615,10.292905519618643
5105,5024,4383,24383.56239491145,1744369.8158712836,71.53875990799902,36.25373813351127
5105,5033,5844,24383.56239491145,1792594.5031782568,73.51651387708424,42.98899391396467
5105,5013,5844,24383.56239491145,1647474.7129708596,67.56497210246307,33.429238580795136
5250,5024,4383,18360.168881939622,1744369.8158712836,95.00837530896412,37.857625776631885
5250,5033,5844,18360.168881939622,1792594.5031782568,97.63496810432834,44.726916376653676
5250,5013,5844,18360.168881939622,1647474.7129708596,89.73091280175717,34.780687390144486
5250,5254,5844,18360.168881939622,23052.444760655064,1.2555682308200935,1.2490469294322184
6073,5024,2404,198676.30231625176,1744369.8158712836,8.77995913722315,19.41690068166606
6073,5033,3865,198676.30231625176,1792594.5031782568,9.022689079066991,23.422178498353755
6073,5013,3865,198676.30231625176,1647474.7129708596,8.292255763590864,17.57114033324009
5254,5024,4383,23052.444760655064,1744369.8158712836,75.66962350338217,30.604253581389305
5254,5033,5844,23052.444760655064,1792594.5031782568,77.761578947053,35.80883577928115
5254,5013,5844,23052.444760655064,1647474.7129708596,71.46637721404281,27.845781107644054
5262,5024,4383,779.9048756472256,1744369.8158712836,2236.644327199096,683.0196460334619
5262,5033,5844,779.9048756472256,1792594.5031782568,2298.4783903173097,791.8143072750976
5262,5013,5844,779.9048756472256,1647474.7129708596,2112.404684742684,615.7331674837767
5262,5250,5844,779.9048756472256,18360.168881939622,23.54154904686668,17.703306452139067
5262,5254,5844,779.9048756472256,23052.444760655064,29.558021087538858,22.11226056484188
5262,5263,4086,779.9048756472256,2770.3900918459426,3.5522153769674256,3.835137983611208
5263,5024,3994,2770.3900918459426,1744369.8158712836,629.647723981351,179.57152728664295
5263,5033,4086,2770.3900918459426,1792594.5031782568,647.0549069802046,209.33935710164596
5263,5013,4086,2770.3900918459426,1647474.7129708596,594.672467902572,166.06311795185127
5263,5250,4086,2770.3900918459426,18360.168881939622,6.6272865095709435,4.7477421942241325
5263,5254,4086,2770.3900918459426,23052.444760655064,8.321010397959862,5.870530153285153
5277,5024,4383,1995.807034571471,1744369.8158712836,874.0172700342373,397.6295644847373
5277,5033,5844,1995.807034571471,1792594.5031782568,898.1802710015767,474.4390775278561
5277,5013,5844,1995.807034571471,1647474.7129708596,825.4679357438965,368.93482891161614
5277,5254,5844,1995.807034571471,23052.444760655064,11.550437673251695,13.249218166494112
5280,5024,4383,1186.0813624105617,1744369.8158712836,1470.699963049812,578.6662793793721
5280,5033,5844,1186.0813624105617,1792594.5031782568,1511.3587988053646,666.327196891944
5280,5013,5844,1186.0813624105617,1647474.7129708596,1389.0064924572912,518.1514804080455
5280,5287,5844,1186.0813624105617,4842.1555214294385,4.082481754530199,3.452321993897169
5287,5024,4383,4842.1555214294385,1744369.8158712836,360.2465489081056,162.71319220220772
5287,5033,5844,4842.1555214294385,1792594.5031782568,370.20589182750376,193.00841522599623
5287,5013,5844,4842.1555214294385,1647474.7129708596,340.2358114438492,150.08781953827196
5292,5024,4383,504.1754482151041,1744369.8158712836,3459.846809373106,1066.035801447881
5292,5033,5844,504.1754482151041,1792594.5031782568,3555.4974156802946,1264.1809916967395
5292,5013,5844,504.1754482151041,1647474.7129708596,3267.661522994218,983.0564554572754
5292,5287,5844,504.1754482151041,4842.1555214294385,9.604108130556083,6.5498749897329205
5313,5024,2112,1612.0762083839284,1744369.8158712836,1082.0641150829815,390.74147415986585
5313,5033,3573,1612.0762083839284,1792594.5031782568,1111.978759971462,508.2393984663628
5313,5013,3573,1612.0762083839284,1647474.7129708596,1021.9583319962383,381.13809574401193
5313,5311,3573,1612.0762083839284,21392.875665729447,13.27038731449014,11.345705427572867
5311,5024,4383,21392.875665729447,1744369.8158712836,81.53975384738463,38.722960326035626
5311,5033,5844,21392.875665729447,1792594.5031782568,83.79399437402066,45.530605649614856
5311,5013,5844,21392.875665729447,1647474.7129708596,77.01043743315209,35.405654806325806
5607,5600,5844,515.0354500909992,15407.334946535913,29.915096026523344,36.00179302697576
5604,5600,5844,755.4398093906826,15407.334946535913,20.395185367531866,14.414414130624658
5597,5600,5844,10794.301474572414,15407.334946535913,1.4273582207084161,1.5208101159347909
5611,5600,5844,155.40744855230514,15407.334946535913,99.14154752595594,52.27568392535057
5611,5613,5844,155.40744855230514,618.1905040669925,3.9778692065646357,3.3182181307460317
5613,5600,5844,618.1905040669925,15407.334946535913,24.923279871128916,15.75414329786616
5635,5600,5844,755.6381328510832,15407.334946535913,20.389832482914546,19.129860079497156
5190,5024,4383,327.41893934140245,1744369.8158712836,5327.638710760146,2877.2005249438844
5190,5033,5844,327.41893934140245,1792594.5031782568,5474.926119985697,3473.88919892071
5190,5013,5844,327.41893934140245,1647474.7129708596,5031.702552957769,2701.3768004522635
5171,5024,4383,1055.5572170230348,1744369.8158712836,1652.5582770310568,915.8654987379264
5171,5033,5844,1055.5572170230348,1792594.5031782568,1698.2447509893138,1114.35598876085
5171,5013,5844,1055.5572170230348,1647474.7129708596,1560.763060876223,866.5490587376424
5171,5105,5844,1055.5572170230348,24383.56239491145,23.100180645517145,25.921890402716762
5199,5024,4383,329.0995705277469,1744369.8158712836,5300.431760132647,4446.034830446779
5199,5033,5844,329.0995705277469,1792594.5031782568,5446.967008506383,5171.261240959879
5199,5013,5844,329.0995705277469,1647474.7129708596,5006.006876061719,4021.2926623414296
5202,5024,4357,90.2841949310959,1744369.8158712836,19320.87689548067,10103.328479117206
5202,5033,5818,90.2841949310959,1792594.5031782568,19855.020079055357,11634.84517123604
5202,5013,5818,90.2841949310959,1647474.7129708596,18247.65358131839,9047.003822031878
5208,5024,4383,995.8781624622885,1744369.8158712836,1751.5895835674967,880.4089265562812
5208,5033,5844,995.8781624622885,1792594.5031782568,1800.0138679073987,1089.2643164691815
5208,5013,5844,995.8781624622885,1647474.7129708596,1654.2934417775682,847.0371924886199
5208,5211,5844,995.8781624622885,4007.5876325459312,4.024174626580075,2.689386208622614
5216,5024,3929,724.5081270048396,1744369.8158712836,2407.6607988962305,1392.5949033876734
5216,5033,5259,724.5081270048396,1792594.5031782568,2474.222767643685,1665.6390683851716
5216,5013,5259,724.5081270048396,1647474.7129708596,2273.921646374927,1293.8746127514362
5216,5211,5259,724.5081270048396,4007.5876325459312,5.5314598734917455,4.194520708207163
5211,5024,4383,4007.5876325459312,1744369.8158712836,435.2667928469288,323.7879074854302
5211,5033,5844,4007.5876325459312,1792594.5031782568,447.3001385223513,405.0233889713649
5211,5013,5844,4007.5876325459312,1647474.7129708596,411.0888804006653,314.95557974264887
5217,5024,4333,288.5352978488451,1744369.8158712836,6045.602839154557,5606.352100167357
5217,5033,5794,288.5352978488451,1792594.5031782568,6212.739018563138,6917.805133932146
5217,5013,5794,288.5352978488451,1647474.7129708596,5709.785683947485,5380.862794340755
5217,5211,5794,288.5352978488451,4007.5876325459312,13.889418946050007,17.111585199614648
5238,5033,2944,1174.2292845580287,1792594.5031782568,1526.6136918506306,1668.1887359284187
5238,5013,2944,1174.2292845580287,1647474.7129708596,1403.0264230643481,1294.2395042286291
5238,5239,2941,1174.2292845580287,2061.803355012302,1.7558779891853487,1.5730415871792112
5239,5024,4220,2061.803355012302,1744369.8158712836,846.0408271383745,710.1260263796295
5239,5033,5681,2061.803355012302,1792594.5031782568,869.4303939415023,866.2752543189303
5239,5013,5681,2061.803355012302,1647474.7129708596,799.0455098279874,673.8064812359972
5085,5024,4383,1752.0096924586908,1744369.8158712836,995.6393639713913,436.74941979513903
5085,5033,5844,1752.0096924586908,1792594.5031782568,1023.1647181486828,508.3101438316312
5085,5013,5844,1752.0096924586908,1647474.7129708596,940.3342459018411,395.2737555382989
5085,5105,5844,1752.0096924586908,24383.56239491145,13.917481449941448,11.824192602621254
5085,5092,5844,1752.0096924586908,5198.23082640502,2.967010313230664,2.248102885009407
5085,5094,5844,1752.0096924586908,9347.515600429317,5.335310438443658,4.738781562926621
5122,5024,4383,1174.515432480688,1744369.8158712836,1485.1825422055197,544.9345389231538
5122,5033,5844,1174.515432480688,1792594.5031782568,1526.2417620108465,633.4079527983287
5122,5013,5844,1174.515432480688,1647474.7129708596,1402.6846028674452,492.55271280470737
5122,5105,5844,1174.515432480688,24383.56239491145,20.760529594243856,14.734188803440933
5122,5092,5844,1174.515432480688,5198.23082640502,4.425851447031107,2.8013728692093323
5122,5094,5844,1174.515432480688,9347.515600429317,7.958614541731883,5.905020714137149
5092,5024,4383,5198.23082640502,1744369.8158712836,335.5699033237527,193.1217593984545
5092,5033,5844,5198.23082640502,1792594.5031782568,344.847037971566,226.10626373957268
5092,5013,5844,5198.23082640502,1647474.7129708596,316.92988787691377,175.8254740804022
5092,5105,5844,5198.23082640502,24383.56239491145,4.690742525524703,5.259631434782745
5092,5094,5844,5198.23082640502,9347.515600429317,1.7982109514928657,2.107902442777566
5128,5024,4347,137.29602612891068,1744369.8158712836,12705.173376492712,5056.66944608703
5128,5033,5808,137.29602612891068,1792594.5031782568,13056.41942975935,6037.406081691174
5128,5013,5808,137.29602612891068,1647474.7129708596,11999.434793720864,4693.384530414561
5128,5105,5808,137.29602612891068,24383.56239491145,177.59845701591618,140.70000186094654
5128,5094,5808,137.29602612891068,9347.515600429317,68.08292901101667,56.38924130388524
5132,5024,4383,2710.8443467468587,1744369.8158712836,643.4784121650547,306.63477423142
5132,5033,5844,2710.8443467468587,1792594.5031782568,661.267957095897,359.13109747221966
5132,5013,5844,2710.8443467468587,1647474.7129708596,607.7348981500569,279.2686696322458
5132,5105,5844,2710.8443467468587,24383.56239491145,8.994822009671221,8.354024246088683
5132,5094,5844,2710.8443467468587,9347.515600429317,3.448193405736031,3.3480422219129746
5132,5135,5844,2710.8443467468587,3349.9770379460983,1.2357688636628028,1.2727509025501742
5135,5024,4383,3349.9770379460983,1744369.8158712836,520.7109768551646,243.0556008302586
5135,5033,5844,3349.9770379460983,1792594.5031782568,535.1065045739277,282.16919489323413
5135,5013,5844,3349.9770379460983,1647474.7129708596,491.7868672857953,219.42130944294226
5135,5105,5844,3349.9770379460983,24383.56239491145,7.278725232654501,6.563754328792827
5135,5094,5844,3349.9770379460983,9347.515600429317,2.790322290137357,2.63055576327198
5094,5024,4383,9347.515600429317,1744369.8158712836,186.61320188555422,92.06728464384656
5094,5033,5844,9347.515600429317,1792594.5031782568,191.77229328142826,107.26600014829638
5094,5013,5844,9347.515600429317,1647474.7129708596,176.247334949106,83.41252921018415
5094,5105,5844,9347.515600429317,24383.56239491145,2.6085607595874514,2.4951968023018045
5148,5024,4383,926.8204048503437,1744369.8158712836,1882.1012212748508,1008.6290894887511
5148,5033,5844,926.8204048503437,1792594.5031782568,1934.1336183332219,1182.9595350231007
5148,5013,5844,926.8204048503437,1647474.7129708596,1777.555505197236,919.896767225056
5148,5105,5844,926.8204048503437,24383.56239491145,26.30883207502184,27.517730175090804
5148,5151,5844,926.8204048503437,2472.468603725209,2.667689005103902,2.7807080689298616
5148,5765,4017,926.8204048503437,5278.2013417847365,5.694955909647914,5.744639818778748
5151,5024,4383,2472.468603725209,1744369.8158712836,705.517478864275,359.32960432018785
5151,5033,5844,2472.468603725209,1792594.5031782568,725.02215012049,425.4166585269612
5151,5013,5844,2472.468603725209,1647474.7129708596,666.3278597304123,330.8138590683029
5151,5105,5844,2472.468603725209,24383.56239491145,9.862031153064319,9.895943584498905
5151,5765,4017,2472.468603725209,5278.2013417847365,2.1347900369016606,2.077720708711111
5160,5024,4383,773.6872051820467,1744369.8158712836,2254.618926340959,1191.7902738418231
5160,5033,5844,773.6872051820467,1792594.5031782568,2316.9499135719375,1287.9302322329659
5160,5013,5844,773.6872051820467,1647474.7129708596,2129.380842718231,1001.5244156423197
5160,5105,5844,773.6872051820467,24383.56239491145,31.51604709447671,29.95953417310822
5160,5151,5844,773.6872051820467,2472.468603725209,3.1956953497032994,3.0274560396683246
5160,5765,4017,773.6872051820467,5278.2013417847365,6.822138593519572,6.967402331278321
5765,5024,4017,5278.2013417847365,1744369.8158712836,330.48565276622315,179.01494433158953
5765,5033,4017,5278.2013417847365,1792594.5031782568,339.6222286912838,208.13453907252008
5765,5013,4017,5278.2013417847365,1647474.7129708596,312.1280539127356,165.1264909222886
5765,5105,4017,5278.2013417847365,24383.56239491145,4.619672652856124,4.771542813834619
5167,5024,3588,240.1698785561182,1744369.8158712836,7263.066569206319,5194.267512428701
5167,5033,4820,240.1698785561182,1792594.5031782568,7463.860638791131,6258.7382856296335
5167,5013,4820,240.1698785561182,1647474.7129708596,6859.622542490939,4844.759466752876
5167,5105,4820,240.1698785561182,24383.56239491145,101.52631354732512,150.61333562964714
5167,5765,3278,240.1698785561182,5278.2013417847365,21.976949705420406,31.758162831866724
5736,5024,4383,1029.2614187025242,1744369.8158712836,1694.7782013147032,938.3208636285652
5736,5033,5844,1029.2614187025242,1792594.5031782568,1741.6318834120705,1113.5730892327185
5736,5013,5844,1029.2614187025242,1647474.7129708596,1600.6377806793228,865.940257909154
5736,5105,5844,1029.2614187025242,24383.56239491145,23.690349168677773,25.903678775580325
5166,5024,4383,616.7725826773301,1744369.8158712836,2828.2220462835744,1745.4743916414118
5166,5033,5844,616.7725826773301,1792594.5031782568,2906.4108125507714,2115.902157495041
5166,5013,5844,616.7725826773301,1647474.7129708596,2671.121835246607,1645.3745853666926
5166,5105,5844,616.7725826773301,24383.56239491145,39.53412178126588,49.21962495167176
5166,5765,4017,616.7725826773301,5278.2013417847365,8.557775572436677,10.20911751045726
5237,5024,3063,391.2468521901827,1744369.8158712836,4458.489074369232,3216.8904482734183
5237,5033,4179,391.2468521901827,1792594.5031782568,4581.748052778933,3809.6863332505845
5237,5013,4179,391.2468521901827,1647474.7129708596,4210.831866757185,2923.72699966352
5024,5033,4383,1744369.8158712836,1792594.5031782568,1.0276459079194085,1.155093773895235
6506,5024,4383,524.9357971837101,1744369.8158712836,3323.0155482439163,2655.219222506362
6506,5033,5844,524.9357971837101,1792594.5031782568,3414.8833301054306,3056.871922837217
6506,5013,5844,524.9357971837101,1647474.7129708596,3138.4308744223404,2377.0944959533927
4032,4033,5844,1325.2688624057907,3399.0192212780526,2.564777093689303,3.765380213322367
4032,4034,5844,1325.2688624057907,4888.40466812891,3.6886135385802983,5.895881025313784
4033,4034,5844,3399.0192212780526,4888.40466812891,1.438180942763495,1.5658129302463135
4036,4032,5844,184.30147828503206,1325.2688624057907,7.190766317979239,10.18386330700812
4036,4033,5844,184.30147828503206,3399.0192212780526,18.442712738425723,38.34611739138806
4036,4034,5844,184.30147828503206,4888.40466812891,26.523957993265423,60.042846436178465
5013,5024,4383,1647474.7129708596,1744369.8158712836,1.058814318749509,1.0942983463975973
5013,5033,5844,1647474.7129708596,1792594.5031782568,1.0880862019094093,1.2859698796329015
4148,4141,5844,272.86380723179525,1299.3705362271346,4.761974662045713,4.23407185935555
4043,4033,5443,133.85427150703023,3399.0192212780526,25.39343110241746,27.694140328343273
4043,4034,5443,133.85427150703023,4888.40466812891,36.5203486828746,43.89974368683884
4145,4141,5114,131.33950284845184,1299.3705362271346,9.893219542078166,7.682822297431515
4038,4033,3606,613.7049010488839,3399.0192212780526,5.538523833635325,5.65124499024443
4038,4034,3606,613.7049010488839,4888.40466812891,7.965399428575738,9.531049312676936
