gauge_id,gauge_type,n_paired,rho_all,n_paired_open_water,rho_open_water
10002,0,3516,0.8938377167182706,2937,0.9270593240495775
10006,0,5830,0.9200903741672902,2943,0.9959327340243754
1001,0,5,,0,
10010,0,4634,0.9642533184529148,2175,0.9650878477951511
10015,0,5844,0.6515168866364831,2944,0.9968982604798134
10021,0,5844,0.8347071733438352,2944,0.9952417861469861
10024,0,5119,0.8274881796915279,2576,0.967319877460765
10031,0,5074,0.9302372071531554,2929,0.9808219305904269
10042,0,5844,0.9822048868234001,2944,0.9961596621205222
10044,0,5844,0.6880062899131747,2944,0.9969483251676982
10048,0,5844,0.928584977064192,2944,0.9908860952905459
10058,0,5844,0.9029069511537007,2944,0.8741581613075897
10059,0,5527,0.975902123678996,2813,0.9939328278585162
10060,0,5844,0.5383365327875935,2944,0.5967990625098564
10062,0,5844,0.8450326403939794,2944,0.99170934164898
10066,0,5844,0.5087430345194521,2944,0.9415791044850023
10071,0,3652,0.773010860087659,1840,0.9819193376414311
10073,0,5844,-0.07469666693871467,2944,0.9875533235637318
10075,0,5844,0.5558695550817226,2944,0.7147422998848931
10078,0,5844,0.768753391654105,2944,0.9702272044796987
1010,0,5723,0.7124808504192122,2944,0.9362025256506261
10100,0,5844,0.24946984864723049,2944,0.6335774383253083
10103,0,5740,0.48511923233558835,2840,0.443419167191048
10108,0,5844,0.451790779775906,2944,0.9231246836198056
10110,0,5844,0.5821519418013081,2944,0.9690942232886804
10111,0,5806,0.5616189743995395,2915,0.9145008970770727
10112,0,5844,0.6554704462949527,2944,0.9653812195383663
10117,0,5844,0.5470451160908518,2944,0.909615283892574
10120,0,5844,0.3290711276011811,2944,0.7588433821510386
10122,0,5844,0.5688896812858732,2944,0.9318695744520262
10126,0,5844,0.25403117534556385,2944,0.9926185050930858
10127,0,5831,-0.3651229410516977,2934,-0.5974581297683608
10132,0,2141,0.7888478975879993,1104,0.9971398830739289
10133,0,5844,0.8255200835273118,2944,0.998355935023615
10134,0,2147,0.800118924374977,1099,0.9898463814597784
10137,0,5841,0.5372084350807993,2944,0.9905789603127004
10138,0,4305,0.884314318740793,2192,0.9908427273451382
10139,0,5479,0.42315294839758255,2760,0.9223101726476033
10144,0,5844,-0.42296202681364814,2944,-0.6063888425684293
10148,0,5844,0.5756203914038573,2944,0.9227035857333232
10150,0,5844,0.7850808976374485,2944,0.9748439709133456
10151,0,5844,0.5352242759446607,2944,0.7905000432991678
10153,0,5832,0.8151399303061194,2941,0.8719837903807213
10168,0,5807,-0.15428898143419512,2940,-0.601066117607577
10172,0,5706,0.2772724202729538,2944,0.7289756258238087
10174,0,5770,0.6358294060749107,2913,0.8929819565456002
10175,0,2161,0.6093171130671021,1104,0.9685605424627511
10176,0,5816,0.4011974750875827,2936,-0.06829554901538058
10177,0,5844,0.4768769814271754,2944,0.9613181058897263
10184,0,5844,0.5265135396620274,2944,0.9119699480381703
10187,0,1056,0.8899579187985548,886,0.8864057062348608
10188,0,5844,0.8063796399539335,2944,0.9437931387997363
10194,0,5844,0.034301638083727826,2944,0.542711016466059
10198,0,5844,0.7959284719236537,2944,0.7522136939534401
10202,0,5844,0.613840198453225,2944,0.9745487024776014
10204,0,5844,0.026521047051655384,2944,0.4338615704842777
10205,0,5844,0.4203143723572205,2944,0.9767247815452601
10208,0,5844,0.40755428602301313,2944,0.7963123397064158
10209,0,5844,0.6614531633248584,2944,0.9359399940869807
10211,0,5844,0.550711790088285,2944,0.9551827184308466
10215,0,2482,0.4489908464792288,1334,0.5767718651241942
10216,0,5114,0.7250666265152101,2576,0.9729891201640676
10219,0,5844,0.6300476197041998,2944,0.905050260690359
10220,0,5844,0.7420652429823147,2944,0.9428815681960776
10221,0,5479,0.7434103609171693,2760,0.9678975191536666
10223,0,5114,0.2931361376077684,2576,0.42974833788304057
10225,0,3477,0.7601951298850088,1783,0.979352836104332
10231,0,5844,0.8471132102110748,2944,0.9816378442136936
10232,0,5844,0.04842890550817154,2944,0.9993554989701782
10233,0,2132,-0.26033218039308,742,0.9970130734316338
10240,0,5479,0.9468474470811964,2760,0.998654836895786
10246,0,5114,0.6403545082758583,2576,0.9940901395837202
10251,0,5832,0.382804821440775,2937,0.5144213050270592
10257,0,1976,0.8329991561923756,1104,0.9671273842989502
10259,0,2212,-0.011862280873454416,1288,0.9917594671656241
10264,0,5479,0.27545955550772316,2760,0.9877818868276572
10266,0,5609,0.48107265727338744,2915,0.9579601297630113
10276,0,5114,0.4551553295394844,2576,0.9202337264584135
10277,0,4337,0.6789971206018367,2024,0.9711469517305357
10279,0,5844,0.5353376453344431,2944,0.9899667686162628
10287,0,4822,0.47682130152570307,2478,0.8717409909502654
10292,0,5114,0.3838211371348884,2576,0.9845501864673755
10298,0,5003,0.6469286374850242,2531,0.8086179468991975
10301,0,5844,0.3929941120047669,2944,0.9332553122201839
10305,0,5467,0.45030988448422987,2754,0.5995516906049881
10306,0,3273,0.8957982690054458,2274,0.9551537449329766
10308,0,5471,0.4381391469450706,2754,0.6639668823535436
10310,0,2789,0.8961012121303411,2085,0.9290673255388864
10315,0,5844,0.3823734927624326,2944,0.9942502248894384
10317,0,5283,0.7474221675747031,2743,0.9543705423135753
10319,0,1095,0.5513274104311655,552,0.997910096536255
10322,0,5778,0.8110910779736047,2944,0.994696100963343
10323,0,5844,0.6069657153746445,2944,0.9899813855237076
10328,0,5479,0.794855690796481,2760,0.9801376149733261
10329,0,5840,0.872088038952026,2943,0.9763898837989535
10331,0,5844,0.7497893620797976,2944,0.9645144374364747
10332,0,2967,0.5093033885824765,1472,0.8959877456304257
10338,0,5478,0.5140741916919961,2760,0.9731556604064325
10341,0,5524,0.6350211062155796,2760,0.8440498235148269
10342,0,5595,0.6232512849040697,2800,0.8847341627427977
10343,0,5442,0.6928985712903126,2760,0.8085708556504759
10349,0,5844,0.2184775977753773,2944,0.9834359895625953
10357,0,5844,0.8143488401473986,2944,0.9587538495813389
10369,0,5844,0.7290169116908439,2944,0.9140658521171298
10378,0,5808,0.8099707539076282,2944,0.9025909944843862
10379,0,5844,0.619725518349593,2944,0.9730248691128713
10380,0,5844,0.3840833142579348,2944,0.9847168377720751
10384,0,5844,0.30260482404740224,2944,0.9957618260480872
10385,0,5844,0.25808182643576805,2944,0.9982174511466184
10387,0,5844,0.5280507804806892,2944,0.994180200354507
10392,0,5844,0.39456980557919413,2944,0.6165895092390168
10394,0,5844,0.43038765136149626,2944,0.9149089964615962
10396,0,5844,0.5023886910546781,2944,0.8243571183196698
10400,0,5770,0.5942394724586836,2904,0.5999453403358636
10402,0,5844,0.67122474787495,2944,0.9177254287036832
10404,0,5811,0.6543882404194641,2944,0.7265674975269002
10407,0,5844,0.3267437731064688,2944,0.9526393045425936
10411,0,5783,0.7003333628588897,2883,0.9689876065644428
10413,0,3926,0.4648827880222078,1993,0.9807464188256054
10414,0,5844,0.6866776001188104,2944,0.5949542379735426
10416,0,5479,0.5174503784879048,2760,0.979955184418325
10418,0,730,0.29837091795359627,368,0.8274442276051776
10423,0,5844,0.3074084670813677,2944,0.9623557677888852
10424,0,5844,0.5149581354905428,2944,0.9838060611869163
10426,0,5844,0.7868789848799979,2944,0.9825802654926751
10428,0,5844,0.8597734883757903,2944,0.9696546325837643
10430,0,5844,0.9111871189846126,2944,0.9750970267769349
10432,0,5844,0.9023621539088464,2944,0.9904634521981678
10441,0,5844,0.8226903039735691,2944,0.9907717198605089
10444,0,5479,0.9363103377527315,2760,0.980807036857022
10453,0,5844,0.8030653158987008,2944,0.9677208636244665
10455,0,5844,0.7230426246083347,2944,0.979584131096154
10460,0,5520,0.5131063077108852,2760,0.9854077487294025
10461,0,5535,0.7099598574761912,2760,0.9668606347280886
10464,0,5510,0.7523472718998148,2760,0.9920331947142802
10466,0,4151,0.7597273253258731,2037,0.9724729273632917
10468,0,5844,0.7760064252267022,2944,0.9632605947753026
10475,0,5844,0.8042618071063034,2944,0.99465490659821
10476,0,5844,0.8263682671253494,2944,0.9870554990204942
10478,0,5844,0.9262157302525648,2944,0.98750303816212
10488,0,5479,0.7106701698076996,2760,0.9711774948508657
10489,0,5844,0.8312237810515806,2944,0.9738640044796676
10497,0,1826,0.7579851993737559,920,0.905264160751204
10503,0,1775,0.9447007425470955,1089,0.9575153878973692
10505,0,2191,0.8785142125817211,1104,0.8805305923702423
10507,0,1307,0.7639678122251273,720,0.8599613200683658
10509,0,2556,0.8578574296414571,1288,0.9118107319667794
10511,0,5740,0.5693100062318518,2859,0.8329667034598951
10519,0,5764,0.3996446875988147,2944,0.5673202736171067
10524,0,2445,0.9365559746855786,2040,0.9305420838281155
10532,0,3433,0.9125882808202902,2655,0.9236412970248744
10539,0,5844,0.5910679875413227,2944,0.8405974613026018
10548,0,5838,0.6325647394695332,2938,0.9272364682989298
10549,0,5844,0.6622917321120876,2944,0.9862579653914114
10554,0,5844,0.44462884118740853,2944,0.5374092152422094
10556,0,4963,0.8772508855325887,2545,0.8911118440254673
10557,0,5079,0.3639404548811469,2574,0.4359199567886128
10560,0,2126,-0.11718134792859987,1099,0.3746275112819908
10566,0,5114,-0.1504859469574631,2576,0.9558554644060971
10567,0,5844,0.4724276879963375,2944,0.9948334881869352
10570,0,5844,0.2716779473333631,2944,0.8952555432586223
10571,0,5844,0.7142640594418944,2944,0.9893498468491749
10573,0,3947,0.9999999967795449,1953,0.9999999778473755
10579,0,5739,0.6831933327320098,2848,0.8570756464565529
10582,0,2023,0.2913856526854214,996,0.8117242040054639
10583,0,5844,0.48769963829001417,2944,0.9679129558468437
10584,0,5844,-0.02792310286204984,2944,0.956824346512234
10585,0,4359,0.4517953938946594,2208,0.5429331079895545
10586,0,5844,0.7437856548310479,2944,0.8826812893689134
10587,0,5844,0.8563689720789877,2944,0.9576572253690641
10589,0,4537,0.14688608363830646,2208,0.9539492891558723
10591,0,5701,0.7630282712086306,2847,0.9988054771675675
10594,0,5844,0.9991485398804881,2944,0.9993109143552611
10595,0,5844,0.6445512685599772,2944,0.9583213838231908
10608,0,2131,0.15134742366567594,1104,0.6411769253407736
10620,0,5660,0.34430242646620973,2821,0.7487415961340252
10623,0,5843,0.8003196142666391,2944,0.8976953751432758
10625,0,4153,0.871301295775672,2944,0.953065856782152
10632,0,5844,0.8151360483618839,2944,0.9818097928874027
10641,0,5844,0.9467572893417433,2944,0.9922574492619599
10644,0,1826,0.2947754775313402,920,0.44019392019410064
10651,0,5844,0.8123618991175243,2944,0.9870640886734461
10653,0,5844,0.4301106576370178,2944,0.9223865704783688
10660,0,4588,0.586144588121527,2344,0.855163685561882
10678,0,5522,0.8866955447629946,2760,0.9930763826770004
10688,0,5844,0.7596268597222882,2944,0.9450762110079548
10693,0,5460,0.8244874273618149,2922,0.9659312932692682
10694,0,5478,0.9495203834623314,2760,0.9877500765083592
10701,0,5844,0.3077030381892418,2944,0.866966525867498
10705,0,5059,0.06828753662965595,2516,0.81723774241616
10713,0,5844,-0.08701136925124135,2944,0.2928222805926783
1081,0,2451,0.5539100027868369,2431,0.5594216108693796
1101,0,943,0.6330992429344516,904,0.6222841317579139
1102,0,2741,0.04510703695786904,2564,0.16574385215119022
1104,0,723,0.8482608287793538,723,0.8482608287793538
11048,0,5841,0.024770238542207754,2942,-0.28619532092940075
1105,0,999,0.5717204368127958,999,0.5717204368127958
11056,0,5832,0.8048237810594818,2944,0.9274046256524571
11061,0,5598,0.8893174082763939,2944,0.9515370719368652
1107,0,824,0.45984354528044435,824,0.45984354528044435
1127,0,2500,0.6292269588807201,2500,0.6292269588807201
11306,0,5844,0.9175862809885938,2944,0.9895644960036173
11308,0,5844,0.8703842638058946,2944,0.986274965172508
11309,0,5837,0.42165053240507516,2941,0.6906074665020564
11312,0,5844,0.8900286945684232,2944,0.9976071062896397
11313,0,5844,0.9421926298442962,2944,0.9942240485260069
11315,0,5843,0.6319487521826198,2944,0.9214623660122533
11327,0,5844,0.9269182102519599,2944,0.9460833599363568
11332,0,5840,0.7589720322493636,2940,0.8982985645750797
11334,0,5630,0.9805784354802812,2791,0.9908228370178123
11335,0,5755,0.9228426330402077,2937,0.9876934542612057
11337,0,5844,0.8821457462682404,2944,0.9630391584837075
11345,0,5844,0.8455204575029841,2944,0.8946596046429135
11350,0,5844,0.8737207537773369,2944,0.9964844575508908
11351,0,5844,0.8089693921641711,2944,0.9934881339168316
11352,0,5844,0.7678374463581014,2944,0.99259618394445
11353,0,5844,0.8332617104624794,2944,0.945461431000108
11357,0,5844,0.8741662476876372,2944,0.9665008233260757
11358,0,5844,0.9150534365009781,2944,0.9915666118145998
11364,0,5828,0.7686669091866072,2944,0.8739264220741048
11365,0,5842,0.7723495878347126,2943,0.928650917153949
11368,0,5844,0.8992377772649799,2944,0.8885148649637068
11369,0,5113,0.7603589906082893,2576,0.9176607349862396
11370,0,5844,0.665825517745534,2944,0.881533353689623
11372,0,5527,0.8478541709708377,2825,0.8440448121152783
11374,0,5844,0.7820350524356368,2944,0.7913826735548345
11379,0,5844,0.6680235539307997,2944,0.8071153557005157
11381,0,5844,0.8048049107187207,2944,0.8948765536453105
11384,0,5750,0.8118083842194805,2944,0.907148473308915
11385,0,5844,0.9380293011078988,2944,0.9768494702009156
11386,0,5536,0.9022391292995598,2728,0.9774550749297461
11390,0,5750,0.7889713306603086,2894,0.9346530817053869
11411,0,5721,0.6832876065947943,2944,0.979768521398265
11412,0,5842,0.16188172169400183,2942,0.1800676058565909
11414,0,5834,0.15566078239228706,2941,0.24166811638264368
11415,0,5844,0.7905506964604037,2944,0.9791008020969522
11473,0,5844,0.6307972347158126,2944,0.8322362405190978
11487,0,5660,0.5933923108940706,2821,0.8660537538811035
11490,0,442,0.6991987449966726,184,
11491,0,5844,0.8649349064828394,2944,0.8187063794911054
11493,0,5751,0.3795942913749556,2904,0.4216913599429727
11496,0,5787,0.7367246289807199,2944,0.8956671119573577
11499,0,5816,0.8518400640966756,2935,0.9051906128025761
11500,0,5844,0.5076877672269055,2944,0.8169791619141372
11502,0,5844,0.9182110461487782,2944,0.9910976186942242
1151,0,5844,0.7210311680757432,2944,0.9049559482658578
11520,0,1004,0.6432820648741892,536,0.9165256407052363
11524,0,5844,0.935433566483469,2944,0.9823903982815401
11526,0,5277,0.9033198874995209,2686,0.9057992436060169
11527,0,5570,0.7061105662565608,2852,0.9749295654352418
11534,0,2191,0.49344652823671886,1104,0.8965724816685012
11536,0,5478,0.4647268889807355,2760,0.8757633665806753
11538,0,5844,0.7400973218743254,2944,0.9822964774421865
11542,0,4878,0.9316773135333835,2578,0.9737466809496632
11544,0,5434,0.9234676108599826,2865,0.9807652146740294
11545,0,5288,0.9424545509476643,2729,0.9290717705539248
11548,0,1254,0.8993571056261749,736,0.88607553798058
11551,0,5482,0.4368678964772342,2865,0.9114004146046509
11555,0,5476,0.917586382600908,2935,0.8931677651151056
11556,0,5828,0.5274663362637091,2944,0.8187200184778664
11558,0,5843,0.8084384450782808,2944,0.9218255544849593
11563,0,3302,0.8534051317545638,2515,0.8922106520506397
11571,0,5844,0.7932899289596157,2944,0.9010932178971591
11574,0,5237,0.64931332342099,2576,0.8849340605166991
11575,0,4747,0.7875785496358778,2392,0.9230214316725657
11586,0,5844,0.9164060102701911,2944,0.9957185833529113
11590,0,2840,0.8779165182781035,1390,0.9561863606730254
11592,0,4980,0.8876592831704168,2390,0.9287379321700133
11612,0,365,-0.12038965428308034,184,
11619,0,5730,0.6732157505983275,2944,0.98919235755692
11620,0,5844,0.8680481408778044,2944,0.8838207378916656
11622,0,5844,0.9274840593192017,2944,0.9947359786163271
11623,0,5844,0.46351050104454244,2944,0.9212220714450138
11626,0,4319,0.34290117247698054,2205,0.8166772840127295
11628,0,5844,0.8575756563380618,2944,0.9587750775959123
11634,0,5844,0.39855722858618964,2944,0.912384016604133
11637,0,5844,0.7605533449096981,2944,0.7129300698610671
11639,0,4749,0.5925834032637565,2392,0.906640503678075
11675,0,5844,0.9550224736462825,2944,0.9664158168525582
11676,0,5844,0.6861356965371588,2944,0.9096448118883999
1176,0,3624,0.8037930931049303,2146,0.9161562410082728
11801,0,5844,0.9063167419010948,2944,0.9588030293558389
11805,0,4483,0.3196703201657724,2331,0.7844195420698404
11807,0,2341,0.6869775365556158,1296,0.7604969236555958
12010,0,5844,0.57072291688275,2944,0.9072568913368051
12014,0,5802,0.3354154511380848,2919,0.4809096878700868
12018,0,5639,0.5569816656927213,2917,0.5215517269307517
12022,0,5355,0.9374094271169142,2937,0.9688598437008532
12040,0,4627,0.6516420856207327,2944,0.7984633456479245
12043,0,5844,0.7575527165252586,2944,0.9834299617895161
12059,0,5844,0.31145365176368556,2944,0.5884577137850192
12061,0,5844,0.7670445001334492,2944,0.9626217672606755
12092,0,5488,0.18334018139378117,2771,0.5508851028128109
12098,0,5687,0.1772086588754962,2933,-0.38237695994885684
12115,0,5844,0.501794718281535,2944,0.8721363616875419
12123,0,5817,0.5039297776225801,2917,0.9856657330734163
12125,0,5842,-0.5741072951580973,2944,-0.8986880108283548
12127,0,5834,0.7904748413410265,2935,0.9944076573801446
12129,0,5779,0.6581237772280576,2930,0.9495737388774282
12136,0,5773,0.880862713149006,2944,0.9240401796946086
12155,0,5844,0.280822412136875,2944,0.7446404222013308
1217,0,2642,0.40220099304943474,2585,0.3717046658567837
12189,0,5844,0.5613742640180213,2944,0.9960485797463163
12202,0,5809,0.5349685764355857,2909,0.9280884529205633
12222,0,5478,0.917398274170409,2760,0.9710304351182876
12239,0,5818,0.6038253793737314,2939,0.7304646478739322
12244,0,5818,0.8188271864429528,2941,0.9316251128151803
12279,0,5760,0.3520570976029087,2907,0.22830892150287024
12305,0,5844,0.8549261027837348,2944,0.9858606180608034
12315,0,5844,0.8281129023144693,2944,0.9579181620496013
12320,0,5844,0.7165156288812959,2944,0.98631478096679
12346,0,5589,0.503952139296192,2760,0.964923033563117
12354,0,5844,0.9109440050645924,2944,0.968449359358297
12383,0,5800,0.43755580933306676,2929,0.48902800976162364
12401,0,5677,0.6246402273351223,2883,0.893900196219892
12402,0,5784,0.8146232512666712,2944,0.9344472721660514
12407,0,5844,0.7773717735299595,2944,0.89679228254003
12412,0,5844,0.9675799978006843,2944,0.99786117125081
12415,0,3704,0.9609117180586748,2460,0.9956518079116657
12417,0,5844,0.5541177628226478,2944,0.9888517683412597
12422,0,1095,-0.03910801708304913,552,0.983275376610263
12430,0,5844,0.16299401371242286,2944,0.9840087013911479
12476,0,5844,0.9782962508791266,2944,0.9973490543287049
12498,0,5844,0.39881398344663377,2944,0.9797540706661391
12511,0,5844,0.8938632399568684,2944,0.977874172852038
12528,0,4006,0.8896673501674919,2846,0.9709149596813172
12554,0,5844,0.7156668447991232,2944,0.9605485802769801
12606,0,5844,0.388449011485127,2944,0.517764065629721
12611,0,5844,0.7920019239168594,2944,0.9947817594407733
12613,0,4350,0.8508381265694241,2944,0.9261516354980619
12614,0,5844,0.4772955670003681,2944,0.7294025692214663
12617,0,5253,0.3635138237185782,2683,0.5346871026757088
12620,0,5479,0.04155162129589561,2760,0.6188413716282017
12631,0,5844,0.7613308437557182,2944,0.9899799151358418
12651,0,5844,0.7019189875672087,2944,0.9429477407570644
12652,0,5478,0.590516443240962,2760,0.8035651089068199
1342,0,4399,0.6156387954521727,2766,0.8022620595305971
1368,0,874,0.6908060400393652,823,0.6361877952621098
1421,0,2679,0.9392822934181232,2675,0.9400272432588014
1425,0,1705,0.9196080685621865,1705,0.9196080685621865
1534,0,3066,0.5806117280490173,2940,0.6057828795867268
1538,0,2730,0.49297706656022633,2595,0.502966011850149
1556,0,5844,0.20840213087295922,2944,0.6103242296560375
1563,0,3060,0.7243089656609338,2944,0.7627116209377053
1566,0,5844,0.7629413399482985,2944,0.9467426894613684
1576,0,5844,-0.07628040887628906,2944,0.9201414430120888
1578,0,5844,0.8678326536602751,2944,0.9602294677292728
1593,0,2677,0.6100968238530898,2530,0.6533892973404444
1596,0,5842,0.8590215233411441,2943,0.9336854657029997
1608,0,3153,0.7083156514415839,2925,0.7870415330531141
1619,0,3344,0.831077641379211,2731,0.7635495720306552
1625,0,876,0.6510759989595777,876,0.6510759989595777
1801,0,5765,0.9508230758133728,2944,0.9884835676971466
19008,0,5788,0.7651240664060618,2944,0.6254798218622017
19016,0,5720,0.2424619352100522,2911,-0.03356263514370997
19039,0,5832,0.7313248290338452,2938,0.9628812087612011
19049,0,5844,0.5901114647722575,2944,0.7890203024481015
19050,0,5844,0.6946472443219446,2944,0.9218666860755238
19063,0,5844,0.6636276410971046,2944,0.8720289715367795
19087,0,5479,0.4357962170037311,2760,0.7361621743642257
19088,0,4081,0.8111335606551038,2944,0.7910495355619637
19092,0,5844,0.23500644799735318,2944,0.800963476414257
19106,0,5828,0.6085816724576134,2944,0.7570160467689628
19108,0,5844,0.7628465503236458,2944,0.8334226876922943
19111,0,5844,0.4665904859008043,2944,0.7031366875285288
19114,0,3811,0.7883917104644225,2699,0.805455377913612
19115,0,5777,0.576490271706375,2944,0.7680120299085368
19118,0,5844,0.8810731483509706,2944,0.9144014630883336
19121,0,1792,0.8886189128486323,1287,0.8056216306481097
19122,0,5844,0.6037725445877262,2944,0.9276344926926252
19123,0,5844,0.6109957448630778,2944,0.8041289104100187
19127,0,5844,0.6659522366236357,2944,0.7582529213526842
19128,0,5844,0.7511836654678029,2944,0.8015338263285884
19135,0,5844,0.8435563303059462,2944,0.8975045553004614
19143,0,550,0.7094929357251809,129,
19153,0,5844,0.45969413503392176,2944,0.9084935816735263
19154,0,5844,0.6441134708046174,2944,0.8753415752501638
19158,0,5844,0.7662528907451186,2944,0.9760960465386287
19159,0,5844,0.7143138754371583,2944,0.983504282686563
19167,0,5844,0.8273636052551138,2944,0.9575043178258388
19169,0,4864,0.1622908781235038,2713,0.11547060011690786
19170,0,5844,0.830707102229068,2944,0.8764231779497172
19172,0,5804,0.680652081112059,2913,0.7870059003766985
19183,0,5844,0.6853944010340591,2944,0.6548956183591707
19185,0,5844,0.8766087692121447,2944,0.8993132398645517
19190,0,3650,0.7720288550508435,2219,0.7678609273469446
19197,0,5768,0.025593466507590236,2898,-0.4659848510642963
19235,0,485,0.8548443498008323,64,
19313,0,5844,0.5412925962273465,2944,0.8152548575578371
19381,0,4653,0.29126322261774945,2944,0.6296955129477781
19382,0,5844,0.8469528609713303,2944,0.8493914608026757
19383,0,5844,0.2242463477244077,2944,0.171687429902581
2007,0,3821,0.9313555088337654,1876,0.986620696030874
2010,0,5844,0.9633190289234592,2944,0.9536343424821154
2013,0,929,-0.28890595944804637,0,
2014,0,1233,0.40849689714820836,0,
2017,0,5142,0.7926643380588678,2927,0.9883260998459426
2021,0,2979,0.9606271685516151,2876,0.9620890578769207
2026,0,5844,0.4105451501523677,2944,0.9336593731353304
2027,0,5664,0.5252786857149848,2825,0.700901455917737
2030,0,2337,0.5736703818390366,1160,0.9105891346715415
2032,0,1033,0.9671684534776337,1004,0.9681037026334025
2034,0,5844,0.7987989391098732,2944,0.8880000877652472
2040,0,5844,0.6218090383209831,2944,0.9146708456154516
2043,0,5844,-0.169551495187953,2944,0.8216994306341915
2048,0,4442,-0.05168279234900244,2565,0.7686612313732907
2057,0,5532,0.9284657353129395,2760,0.9657395086451376
2058,0,5844,0.9114671989485468,2944,0.9178078421229912
2062,0,5782,-0.22570556583794238,2944,0.8933202812428377
2087,0,2178,0.8614562136093329,928,0.9736201751297426
2090,0,5844,0.6461132067667213,2944,0.9861049244847133
2091,0,3833,0.5846275928499275,1870,0.9819414655758412
2092,0,1947,0.5173888931565872,920,0.9490840153608129
2094,0,2960,0.9724703565255068,1472,0.9712517933574706
2095,0,2616,0.940423965259868,1227,0.9641005120683891
2097,0,1826,0.9366788315816656,920,0.913138707245552
2102,0,5844,0.974541825291523,2944,0.9847635833750572
2103,0,5844,0.30327981895890144,2944,0.8189726214264852
2106,0,5844,0.9185742756845313,2944,0.9889032630095712
2107,0,5844,0.5644399024211277,2944,0.7462273472908684
2108,0,3592,0.9905282636409254,2579,0.9929345808785556
2109,0,365,0.997665034497887,184,
2111,0,5844,0.5833874676714317,2944,0.7782200640481818
2115,0,5844,0.9731997091038029,2944,0.9838082774803248
2122,0,4145,0.5212765010244925,2061,0.8701710709761904
2126,0,5844,0.9312961758161242,2944,0.9947107890789332
2128,0,5844,0.824904819878231,2944,0.7650308624963358
2131,0,5844,0.9716360595762603,2944,0.9821488840488247
2139,0,1727,0.6206690657923654,920,0.9942565916977226
2148,0,5526,0.9774972358202338,2654,0.9719281621972721
2152,0,5844,-0.06805547117091362,2944,0.9829020219716046
2155,0,5844,0.3268436611294342,2944,0.5648845603374094
2164,0,5844,0.5838050062457385,2944,0.9402609757758973
2180,0,5844,0.6829374567699343,2944,0.9917565654693329
2187,0,3953,0.6059604912925666,2047,0.7790023442708345
2190,0,3703,0.16492417767267792,1950,0.7016495917092955
2191,0,4028,0.3659345624462979,2069,0.723646198257611
2192,0,5709,0.6618122836511581,2867,0.7033595918497995
2193,0,5626,0.3292897492165563,2943,0.770237590525998
2198,0,5844,-0.3325252053867374,2944,0.8450547053215852
2199,0,4485,0.32309311830654247,2555,0.7551044556209732
2202,0,5800,0.16776754678491831,2900,0.3081111094122756
2203,0,5826,0.5396032350514259,2944,0.923427233425025
2206,0,5748,-0.4009936616340562,2848,0.48589385069427393
2208,0,5767,-0.09700171104260907,2867,0.7012867528895909
2212,0,2551,0.41092577599294977,1288,0.762269900833578
2219,0,1826,0.7151152314148285,920,0.9108083453336481
2221,0,2619,0.3218767392801995,2199,0.4322775672941113
2222,0,2161,0.814287664008079,2105,0.813860749374411
2226,0,3126,0.7858376645957563,1503,0.9243915755846861
2227,0,5122,0.6367441804698326,2584,0.743553354691556
2229,0,5569,0.7199804852491104,2760,0.8628958560968975
2241,0,2889,0.7361848906304492,2811,0.7453655705453531
2253,0,5844,0.6520611941194723,2944,0.8069737648916342
2258,0,1116,0.34856770409284205,644,0.44286714226098817
2269,0,4865,0.5931361265620816,2423,0.9740957634164197
2270,0,5844,0.37297645274006597,2944,0.9855706539494279
2271,0,1977,0.9574401629304624,951,0.9615543010958086
2272,0,1977,0.5947313492384638,951,0.7041959277392268
2275,0,4748,0.2937274713127229,2392,0.9318383769844152
2276,0,1180,0.7525164516670888,720,0.9887927065818528
2277,0,970,0.7749837426857562,552,0.8039631271289253
2279,0,2801,0.8561670270329118,1472,0.9817875003329456
3001,0,5844,0.7821554317052233,2944,0.9558126760319687
3003,0,5844,0.12525947603919085,2944,0.9803674356021225
3008,0,5844,0.5615028161129809,2944,0.9776133212073196
3014,0,5844,0.8686201855548711,2944,0.9862724927448576
3017,0,5844,0.8034603326530035,2944,0.9797448976457205
3021,0,5842,0.7752009860522943,2942,0.9769128725561119
3029,0,5826,0.9489568560808125,2943,0.984288956035727
3036,0,5842,0.9516030184238471,2942,0.9876708868172548
3042,0,5844,0.9632243485752654,2944,0.9889959609968123
3056,0,5549,0.5478066916388938,2944,0.9765117372302456
3057,0,3083,0.9255648543526669,2602,0.9631207633492291
3059,0,5844,-0.3044843798844819,2944,0.9649906648029337
3068,0,5844,0.3763891829335426,2944,0.9249380361853041
3073,0,5844,0.42597131423894663,2944,0.9739150427776367
3074,0,5844,0.1400600309289477,2944,0.9244190130040633
3076,0,5844,-0.008306281648347501,2944,0.9357938087656263
3079,0,5844,0.729760378413082,2944,0.9750464296639723
3083,0,5844,0.026971198727226017,2944,0.9296159071060043
3085,0,5844,0.47718872294691145,2944,0.9867966734135358
3087,0,5844,0.6736617656281054,2944,0.9871486092058825
3088,0,842,0.8763314524130422,418,0.9982621903439599
3095,0,4117,0.9578257090940573,2944,0.976439051733981
3096,0,4237,0.9184675092750734,2944,0.9799062158314811
3099,0,1810,0.9693186320292272,1288,0.9782216735176545
3100,0,1761,0.9719328056875857,1285,0.9822577647089683
3102,0,5844,0.9706056958659712,2944,0.9726550296925388
3106,0,5833,0.8727570958239922,2944,0.9816815224597399
3110,0,3127,0.8572300088413398,2893,0.9005296260595013
3113,0,3715,0.8330883957084424,2940,0.9650828889119442
3115,0,1594,0.8775595183714695,1301,0.9681324502480676
3117,0,1707,0.9125423865418586,1349,0.9794801939505161
3118,0,1595,0.938019327996913,1288,0.983795754380353
3119,0,3478,0.9052393283815333,2938,0.9699457364789081
3120,0,3491,0.9108111331005557,2942,0.9484837703410113
3122,0,1679,0.9744754249281413,1285,0.9762672147438581
3123,0,1503,0.9698268331836575,1102,0.9740035686949733
3124,0,1603,0.8164563003091608,1288,0.8868346047071617
3126,0,1884,0.7240450112421839,1312,0.8393541797172633
3127,0,2738,0.8949695482221169,1349,0.9481797786262766
3128,0,1757,0.9058689229280487,1349,0.9132913549108984
3130,0,1401,0.20726476409891176,1099,0.4758566176901721
3131,0,3572,0.8917562710799152,2944,0.9393486048582982
3133,0,3381,0.2976364920848879,2937,0.5818020848844336
3135,0,5844,0.16633184631179418,2944,0.8786363886065555
3136,0,5844,-0.08065091757920168,2944,0.8205966507043808
3147,0,5844,0.9359178226683978,2944,0.8177593217976291
3150,0,5813,0.6609237762723462,2944,0.968832825398515
3155,0,5715,0.6516041503568738,2914,0.9744712400604432
3156,0,5844,0.6839390330235006,2944,0.9426121703063496
3157,0,5399,0.45901583941627994,2517,0.9002032952788647
3159,0,5844,-0.1624341521778763,2944,0.9223816583454097
3160,0,4230,0.8872680436337427,2944,0.9488075540906958
3161,0,2968,-0.5872898120518311,2836,-0.6162843883272386
3163,0,5001,0.9474456125866655,2944,0.9851041715004651
3169,0,5844,0.9687646163588661,2944,0.9812270961251552
3171,0,3890,0.8757219733224006,2944,0.9567046459156969
3175,0,4404,0.9040348175870476,2919,0.9330200561098123
3178,0,5844,0.3952550699491785,2944,0.8797120647050294
3180,0,5842,0.9015378502582025,2942,0.9704703995013
3198,0,2557,0.7977034712515172,1288,0.9566649884794326
3201,0,5844,-0.053303113654884195,2944,0.818977746761805
3202,0,2161,0.5904324243879552,1073,0.9439059457729223
3203,0,1683,0.9652000448612811,1648,0.9643975304564015
3207,0,3736,0.955322995924637,2889,0.9854185026706931
3210,0,5418,0.3481261810913325,2715,0.9470770448736681
3214,0,2943,0.7091651004992668,2841,0.731235077541037
3218,0,5841,0.8082928033848892,2942,0.9524981427660208
3219,0,5844,0.8221741738383398,2944,0.9722189794794768
3220,0,5645,0.9154858771684079,2911,0.9586966353397983
3222,0,5844,0.9761692293296065,2944,0.9903586053954201
3225,0,5800,0.9764738744044684,2944,0.9885082378673921
3229,0,5844,0.974084438007242,2944,0.9927636655409716
3232,0,1431,0.4751038702384817,1295,0.6944393886012648
3234,0,5479,-0.10328872711299712,2760,0.6379358881702051
3237,0,3439,0.6934822405732964,2913,0.8114462779508381
3245,0,3114,0.9450578645056956,2907,0.9751877783468251
3246,0,3133,0.8062226373866276,2907,0.8710513089188379
3247,0,5844,0.9787299439517975,2944,0.9857138971710341
3248,0,5479,0.9633899168219331,2760,0.9691990157581052
3250,0,2760,0.8247228370324385,2344,0.8734378480752258
3252,0,4598,0.6994157426039368,2937,0.9029492555544743
3254,0,3569,0.35170542884114425,2925,0.7819476376310416
3257,0,3513,0.9645245403797162,2760,0.9725850898079894
3258,0,3656,0.3553453616929138,2858,0.7562462596570604
3259,0,1895,0.9549639914090561,1891,0.9591246099637875
3261,0,4159,0.24909860184382934,2915,0.8072823780975176
3263,0,2931,0.8490944683900065,2700,0.9037089364226982
3264,0,5843,0.9425476803353869,2944,0.97885149433933
3271,0,5844,0.9446481607919579,2944,0.9880373228107854
3277,0,5765,0.9761140149749821,2875,0.9987783846301409
3281,0,1256,0.9689048014285355,941,0.9720339506569123
3283,0,2360,0.8914171507169198,2265,0.9170986813076715
3291,0,5844,0.5271521780236893,2944,0.9239511228424566
3292,0,5844,0.548658355590203,2944,0.9371068674518414
3293,0,5843,0.5685199054440817,2944,0.9329812077577483
3307,0,3156,0.9710274193803746,2838,0.978928374247404
3310,0,5844,0.954366893886057,2944,0.9774930959044836
3315,0,5844,0.8529629802113403,2944,0.9875809531467101
3321,0,5844,0.8503591651856636,2944,0.9671977805632832
3329,0,5844,0.5652053754978488,2944,0.9027280326470857
3334,0,5844,0.8765467627856397,2944,0.9917333145998175
3341,0,4891,0.9863054881286031,2918,0.9928687897116931
3344,0,4084,0.9863368886009466,2916,0.9899975998882083
3355,0,5550,0.988403722392618,2929,0.9959463286595527
3357,0,2542,0.9076616054076697,2473,0.9121566235027218
3359,0,1295,0.8164069701246901,1160,0.8542297103079397
3360,0,2843,0.9043876333484722,2743,0.938109767318499
3362,0,1480,0.8826189704687885,1018,0.9824846800950802
3365,0,3789,0.922765544741165,2796,0.9337958676075895
3366,0,5602,0.948535739979322,2902,0.9712087847952218
3367,0,5774,0.936875817551146,2944,0.9621534740880304
3383,0,3991,0.9547935148257415,2887,0.9658802158073682
3388,0,1256,0.9776423807210027,1182,0.9862971984035357
3390,0,3557,0.7404241886994869,2915,0.8601870322775892
3398,0,2060,0.802423758998179,2058,0.8019416968560954
3403,0,2860,0.9602236899063121,2513,0.9739076533456446
3404,0,3636,0.9351684126518575,2795,0.9807702030131517
3405,0,4687,0.9417454683874809,2827,0.9636566418772866
3407,0,5844,0.8439523460475067,2944,0.9597168224171149
3414,0,4934,0.9194124611452921,2867,0.9852395082180863
3421,0,183,,183,
3424,0,3236,0.9654605555924967,2800,0.9679458423895266
3430,0,3591,0.9013379173184072,2814,0.9364597986085201
3431,0,2300,0.9548521814621004,2276,0.9548311937258895
3433,0,1486,0.7264933495228408,1479,0.7356986670338895
3443,0,3548,0.9710959817011054,2833,0.9720920049634723
3445,0,3912,0.9532838070306309,2762,0.9701353484247013
3479,0,2778,0.9635723984435078,2752,0.9627752994914612
3480,0,2023,0.8636939878366308,2023,0.8636939878366308
3483,0,3499,0.9658140518518864,2742,0.980225039479634
3488,0,5810,0.3696290878580779,2940,0.7499885578561422
3489,0,5760,0.6107216083460881,2944,0.963825473245566
3499,0,2669,0.883285611472323,2253,0.8681635700943553
3501,0,870,0.7147558607078494,870,0.7147558607078494
3507,0,5591,0.689241358374315,2908,0.8722616202556498
3510,0,2132,0.9412468472051021,2132,0.9412468472051021
3515,0,2565,0.5498905676838384,2565,0.5498905676838384
3516,0,2601,0.4208542462957291,2601,0.4208542462957291
3518,0,3756,0.8743937776366365,2858,0.9467507863380487
3527,0,2469,0.6606099192065924,2469,0.6606099192065924
3554,0,5213,0.33161673292291344,2576,0.9105061118168336
3560,0,3724,0.9695820588238834,2886,0.9754013700178277
3564,0,3426,0.4712109120976359,2944,0.7616067645429606
3569,0,5844,0.5736188938419778,2944,0.899741160201943
3577,0,5844,0.6970999485266756,2944,0.971234076676845
3578,0,1471,0.8627547266246834,1104,0.9874544025851717
3579,0,4186,0.9751626474243731,2918,0.9860115452547311
3581,0,5571,0.4293777129595944,2772,0.9689761443747024
3582,0,303,,303,
3597,0,4082,0.8787715948198577,2930,0.9668338483077165
3599,0,3026,0.7420145952358866,2834,0.7725290867071853
3602,0,3305,0.5668552150689319,2925,0.6063009209653619
3603,0,5844,0.937182773233923,2944,0.9790146102793582
3607,0,2738,-0.35314221453774636,1349,0.9038592540660645
3616,0,1817,0.9391413023918282,1642,0.9419717427693192
3625,0,4046,0.9028709222238274,2918,0.9703671349985632
3627,0,4152,0.4916966988955614,2925,0.8046161029269667
3630,0,5843,0.41083201585715917,2944,0.9015222922822941
3637,0,5844,-0.15060708510126766,2944,0.9811133878882096
3641,0,2708,0.07384443374887004,1319,0.9711049598956929
3655,0,3366,0.8010950824122277,2936,0.8934788622589112
3659,0,2690,0.805856790823817,2538,0.8572331094347465
3669,0,5700,0.3611091189192945,2821,0.9484985717748036
3801,0,2793,0.9220700681975503,2406,0.945239158532584
3809,0,536,0.7551584595076846,536,0.7551584595076846
3811,0,5358,0.9449652163204905,2760,0.9628794937178308
3821,0,3988,0.9447264456444092,1632,0.9581273906416977
3881,0,4420,0.9072576751656962,2475,0.9544254101915578
4005,0,5844,0.4482173146194541,2944,0.6757839527421572
4012,0,5844,0.43897422526674296,2944,0.813867265722576
4027,0,5844,-0.09736579563708372,2944,0.8152891191633855
4032,0,5844,0.8521743933691331,2944,0.9152421887377519
4033,0,5844,0.6786374881234493,2944,0.9602977556349624
4034,0,5844,0.5287874632088168,2944,0.9766012390282726
4036,0,5844,0.29469440279496895,2944,0.9422742230488996
4038,0,3606,0.37860035627644123,1840,0.9720031681122402
4043,0,5443,0.8729671914867245,2760,0.9063406467927054
4058,0,2871,0.7175382053849946,1472,0.9230056593039754
4068,0,5844,-0.26675869180067896,2944,0.7493806304111178
4071,0,5844,-0.314975755385668,2944,0.8932189416322011
4085,0,5844,0.1963613578594431,2944,0.9684341324615844
4090,0,5844,0.48536096284000485,2944,0.9603193708871208
4095,0,5844,0.21249284115521364,2944,0.9970078243414445
4102,0,5844,0.3083317145604993,2944,0.9291157384637633
4105,0,5844,0.5099567625165973,2944,0.9287339011254157
4107,0,5844,0.5713238053314308,2944,0.6534832711021314
4116,0,5844,0.7231748619190794,2944,0.9189958329620391
4141,0,5844,0.2701269216792269,2944,0.9965747901766895
4145,0,5070,0.660307250699677,2576,0.994590295556242
4148,0,5844,0.1461159467009063,2944,0.9205233258874663
4158,0,5831,0.7407363719022838,2934,0.9894868391689673
4159,0,5844,0.16321925350879052,2944,0.7088607719043315
4160,0,5844,0.503424285572964,2944,0.991973888731009
4173,0,5844,0.06946527257193875,2944,0.9887415909820391
4175,0,5844,0.6414342635952051,2944,0.9753994573118459
4179,0,3902,0.8214994886035888,2944,0.9413527861523979
4181,0,5844,0.619610570413569,2944,0.9667149019817811
4197,0,5844,-0.0799685936276672,2944,0.39562244269569696
4212,0,5722,0.6196008697575275,2883,0.6913685944708876
4215,0,5844,-0.05976323758862365,2944,0.20933591552687641
4226,0,5844,0.774996573016681,2944,0.8605277046797071
4235,0,5844,0.45567893237729934,2944,0.7038447231988858
4238,0,5844,0.28068345543380907,2944,0.9483026146508204
4240,0,5844,0.607331243640229,2944,0.7947161163099464
48002,0,5804,0.8985972577556495,2944,0.9432956316790624
48006,0,5844,0.6232926350275954,2944,0.8310400591656766
48011,0,2678,0.7564280287246746,1349,0.7989570864744506
48021,0,5838,0.9118929684041533,2938,0.9892646964701574
48028,0,2192,0.7840472733237844,1104,0.910716820800841
48029,0,5844,0.9230925401216383,2944,0.9746848073738348
48030,0,5844,0.9630856655117572,2944,0.9947891356318691
48038,0,5844,0.9882305539254296,2944,0.9958571036503783
48043,0,3288,0.99724477715435,1656,0.9983908992945147
48055,0,5844,0.949797187947336,2944,0.9772460187017006
48056,0,2556,0.9598163841321504,1288,0.9798456278649953
48058,0,5779,0.14815278895037956,2901,0.2052541267481537
48069,0,5844,0.5576105680113197,2944,0.9751850522226718
48071,0,5844,0.5284750465918173,2944,0.9682125692247896
48075,0,5844,0.8998503317052106,2944,0.9956735393213515
48079,0,5844,0.9081065350971044,2944,0.9880536173986161
48085,0,5844,0.8430083099455887,2944,0.8573102619948273
48088,0,5799,0.7486606607002311,2899,0.875507568930285
48089,0,5844,0.876583236103977,2944,0.9472057460496797
48090,0,5844,0.8734385616163033,2944,0.9858030078344139
48091,0,5844,0.8766330259975125,2944,0.8487725726362044
48097,0,5510,0.9438921403822988,2821,0.9999548699203415
48099,0,5600,0.9635380959072649,2821,0.9969655573473044
48110,0,5600,0.90014487886123,2821,0.9433764219989587
48123,0,5600,0.693029130542332,2821,0.987987176049636
49001,0,5478,0.08425470760753584,2760,0.0627446332380921
49014,0,5844,0.8955717425890604,2944,0.9429125724284576
49017,0,5461,0.9405149728110734,2760,0.9928732014214191
49030,0,5779,0.5348402577955972,2940,0.9837669966158783
49047,0,5844,0.9270792421851312,2944,0.9145163714283825
49048,0,4863,0.9114413325367287,2446,0.8716987683601929
49052,0,5844,0.7944834840775097,2944,0.9944255654989118
49053,0,5844,0.7527646031381737,2944,0.8885688142643373
49054,0,5844,0.9610268965832138,2944,0.9868404320274997
49055,0,5388,0.9783539475993046,2931,0.98949637413233
49058,0,5844,0.8345873810811247,2944,0.8901475196987476
49070,0,5844,0.993960326079535,2944,0.9998968092675082
49090,0,5844,0.9285402773588683,2944,0.9800572525807075
49093,0,5844,0.9625441867639847,2944,0.9931023201039104
49094,0,5822,0.8270287801741287,2922,0.8637946835693474
49095,0,5844,0.7739248128268004,2944,0.8328872058703385
49099,0,2578,0.9766669083878,1356,0.9955738589470212
49103,0,5671,0.9312938940677966,2922,0.965372285376845
49110,0,5844,0.5247103382186491,2944,0.4078606569720213
49114,0,5844,0.8415326981048401,2944,0.9643266665183075
49120,0,5844,0.7024574581336421,2944,0.971171244794267
49123,0,5807,0.9279957081731123,2912,0.9852479700322105
49125,0,5819,0.829686044310095,2919,0.9986725653686559
49126,0,5844,0.8858289550160102,2944,0.9982754377640686
49127,0,5844,0.9103525025100387,2944,0.9829712056536046
49128,0,5844,0.8235178790224577,2944,0.9905863511418015
49129,0,5844,0.8698464083625888,2944,0.9153058766084555
49130,0,5844,0.971944859055311,2944,0.9831866150815693
49135,0,5844,0.8086495562990114,2944,0.8966297715272884
49149,0,5844,0.9953483831754741,2944,0.9995965027810204
5013,0,5844,0.8833964860840913,2944,0.9971038023787252
5024,0,4377,0.6285486375244644,2207,0.968958364218439
5033,0,5837,0.4659975807929359,2941,0.9318770910446161
5036,0,5655,0.6215426134911438,2944,0.9824530462991724
5052,0,4425,0.9677804436308345,2944,0.9911696851231263
5055,0,5844,0.42564536411448595,2944,0.9904546679578268
5063,0,5844,0.811949574447095,2944,0.9791093478287608
5072,0,5844,0.9079165594825079,2944,0.9653186705394857
5074,0,5844,0.7280378018096391,2944,0.9848173479863792
5081,0,4634,0.44177322562089805,2760,0.9494189704784002
5082,0,5351,0.8557067121637895,2944,0.9112759563560252
5085,0,5844,0.8014754717727113,2944,0.9933668306594244
5092,0,5844,0.8039297148918476,2944,0.9846803275847509
5094,0,5844,0.9044441339548239,2944,0.9892217874666467
5105,0,5844,0.9319176508988417,2944,0.9939888698078256
5120,0,1096,0.5635146785246262,552,0.9888622072854167
5122,0,5844,0.935056954973176,2944,0.9726059501386003
5128,0,5808,0.8299641433707778,2944,0.8477979003018801
5132,0,5844,0.8525853813498677,2944,0.929947138675945
5135,0,5844,0.6967501851751282,2944,0.8987192090550148
5148,0,5844,0.7092350872919321,2944,0.9586842737359177
5151,0,5844,0.748301452589347,2944,0.956171137839822
5155,0,1819,0.826018293038694,913,0.9340611834799162
5160,0,5844,0.5621393591886918,2944,0.9641564187250155
5166,0,5844,0.9092529223336314,2944,0.9733751704822036
5167,0,4816,0.8749954542251246,2940,0.9652496627999392
5171,0,5838,0.8624008681661187,2942,0.9651530285323443
5190,0,5844,0.45451279774810827,2944,0.6233215591163705
5199,0,5844,0.5585707682138868,2944,0.814558132565359
5202,0,5818,0.8457246323019001,2944,0.9741374313353046
5208,0,5844,0.7423470838585312,2944,0.9940860365698234
5211,0,5844,0.9579448520371728,2944,0.997447029775906
5216,0,5205,0.9340587016417946,2944,0.9622401120196838
5217,0,5794,0.8183922520342136,2944,0.9592946545618686
5237,0,4160,0.9435043545644207,2689,0.9887827795116886
5238,0,2940,0.7516941436983771,1472,0.9953224985141764
5239,0,5681,0.9071741000183304,2944,0.9538001532136593
5250,0,5844,0.8032828485476735,2944,0.9832916154975183
5254,0,5844,0.9709167723502887,2944,0.9965917237216642
5262,0,5844,0.6843548090324948,2944,0.9951910429030182
5263,0,4086,0.3921922649099192,2024,0.9995382170202484
5277,0,5844,0.7397206157488526,2944,0.9962688691967522
5280,0,5844,0.5935803664420248,2944,0.7540549760988382
5287,0,5844,0.7404655679243368,2944,0.996949274228817
5292,0,5844,0.33223861793915305,2944,0.9456296155375903
5311,0,5844,0.9434195525843725,2944,0.9999382592421877
5313,0,3573,0.1713902500657773,1821,0.9970215307009893
5319,0,4134,0.7766418569612886,2944,0.9368671668074633
5321,0,3988,0.9321366792687511,2944,0.9922714115807565
5328,0,5844,0.9563595632315233,2944,0.992119729961551
5336,0,5844,0.5805685371616804,2944,0.999787476440793
5347,0,5844,0.9287398926512253,2944,0.9886435863027039
5348,0,1422,0.7222690430871025,736,0.8691573494138359
5352,0,5844,0.8946908005670231,2944,0.8884121782185281
5354,0,5844,0.5451236017279758,2944,0.9318670780390055
5358,0,5844,0.9767965036704821,2944,0.9966589262267446
5370,0,5224,-0.08314432413304688,2752,0.9805671312539989
5383,0,5740,0.9709879335114137,2919,0.99563903172617
5403,0,5822,0.2676657406812222,2922,0.9944335900364839
5415,0,3207,0.9454499525415273,2476,0.9951508080697349
5420,0,4904,0.06785910334491875,2650,0.4515161652009084
5440,0,4748,0.9822090617674538,2392,0.9796649925363868
5449,0,5844,0.9728608797888614,2944,0.9929323829034357
5453,0,5844,0.8944509119940708,2944,0.9762529351273529
5458,0,5844,0.9887079209352785,2944,0.9957501490694798
5459,0,5844,0.9894065227755745,2944,0.9907636690989431
5461,0,5844,0.815478246051061,2944,0.898950828095068
5507,0,5844,0.6132491088955726,2944,0.8298026189413342
5529,0,5163,0.6326894477477596,2566,0.7646506338239091
5539,0,5485,0.8353624810468805,2757,0.8304811748469908
5552,0,5844,0.5520508641655952,2944,0.5251832835526745
5555,0,5844,0.6952562250329449,2944,0.8220132699220518
5580,0,5842,0.4365080518966488,2944,0.45450703817767757
5583,0,5844,0.9388312591976999,2944,0.952539558220838
5589,0,5844,0.9240030262184827,2944,0.9796517921538178
5597,0,5844,0.8979662455568302,2944,0.9788512219716005
5600,0,5844,0.8584305293246082,2944,0.987873532643786
5604,0,5844,0.8064390325238391,2944,0.9858094460704894
5607,0,5844,0.453059200612924,2944,0.8307467175741257
5611,0,5844,0.6820989628004135,2944,0.9298183375239583
5613,0,5827,-0.19323308631993347,2934,-0.14395251325262634
5635,0,5820,0.7213255451916861,2930,0.9483601307484145
5642,0,5844,0.6003527178508361,2944,0.6489702605841007
5652,0,5844,0.6307703298875967,2944,0.6835463966266172
5662,0,5844,0.46507374485474917,2944,0.5051920850527638
5663,0,1854,0.8184654195259164,1104,0.9522977805200995
5664,0,5844,0.3253138757754499,2944,0.4654299911227914
5673,0,4748,0.4961434032543717,2760,0.5645459047223023
5674,0,4578,0.7656010177202774,2760,0.9311234794252913
5675,0,4084,0.5969074663818389,2893,0.6032563003186494
5733,0,5844,0.5080412419600703,2944,0.9902685355004102
5736,0,5844,0.9772022657203141,2944,0.997636890931685
5740,0,4571,0.10350673764158148,2944,0.7250511848209024
5745,0,424,0.9103405717538281,282,
5746,0,5740,0.7702906389519516,2869,0.9839446547882853
5749,0,5427,0.5137797470491628,2913,0.9175491807524937
5758,0,5844,0.9392610530766692,2944,0.9999754360078318
5759,0,5344,0.6912098984396244,2686,0.836283978637047
5765,0,3927,0.9656465670645918,2024,0.9979904130417931
6046,0,3732,0.7892209625123566,2944,0.8601150963353058
6049,0,3818,0.8329117630682885,2944,0.9623664880106277
6053,0,3867,0.9091096923177175,2944,0.9771586327169047
6058,0,3671,0.7981021929818434,2944,0.9190949009397167
6060,0,3963,0.6522413871398269,2944,0.9519351617999642
6065,0,5828,0.8149167228816289,2943,0.9475077604880584
6067,0,5838,0.9099589572940782,2944,0.9952069112870352
6073,0,3865,0.9035496838121333,1932,0.9932260484777612
6074,0,1765,0.852640354490455,920,0.994349887942997
6076,0,5841,0.9476946597885063,2944,0.9570756161095056
6077,0,5844,0.8133033463810393,2944,0.968472115961268
6084,0,5844,0.7022577432707019,2944,0.9950319268908971
6086,0,5844,0.6179148358159243,2944,0.9778414501068803
6089,0,5844,0.5334092251097641,2944,0.9410196780444076
6091,0,3460,0.8888807262960211,2717,0.9253247523377057
6092,0,3937,0.6179620494444186,2944,0.9392566764149609
6096,0,3746,0.7094235751773188,2915,0.8131141900031447
6097,0,3602,0.8474179029631536,2841,0.9688279719805433
6103,0,3808,0.6202032579114263,2944,0.7015043480911446
6105,0,3861,0.6586373518646355,2944,0.8920653504884805
6108,0,4075,0.6135976615517421,2944,0.9703507965010533
6116,0,3912,0.8374147332388149,2944,0.9795515469515901
6121,0,4162,0.6841282602870883,2944,0.8131576646615145
6127,0,3098,0.6806228370193075,2653,0.7273239867019738
6128,0,3532,0.5781934304952635,2944,0.6338295743471821
6133,0,5341,0.22401986124946838,2944,0.9301827407472213
6134,0,5844,0.36572144632226117,2944,0.9616322662065944
6139,0,5844,0.7143444041097546,2944,0.9939015342385256
6141,0,5844,0.5881250206658503,2944,0.929204915192687
6143,0,5844,0.37686087195134427,2944,0.9903968398361238
6148,0,3852,0.6451688476289754,2944,0.8466345098849036
6151,0,1907,0.2114294186016977,1441,0.45802388692977414
6155,0,4098,0.8762005987594006,2944,0.9775850980908436
6159,0,4404,0.3293220569412044,2944,0.7672517422313048
6162,0,3864,0.3975187613544311,2944,0.7555149458219298
6163,0,4043,0.47077218753549116,2944,0.9097530311147235
6164,0,1295,0.6001231489085461,976,0.7002172315847975
6167,0,3820,0.698484167996939,2944,0.9428069675879905
6171,0,4238,0.46574133599688106,2944,0.9309366432339505
6175,0,4160,0.5135784483321413,2944,0.9630457599125142
6178,0,3974,0.6938552843418228,2944,0.9187459673381295
6180,0,4091,0.5596340592238424,2939,0.9294102891437825
6181,0,3681,0.7545877923887888,2944,0.9374477713762791
6183,0,421,0.9696098517155173,307,
6184,0,3373,0.8964889436286244,2576,0.8936997406777454
6187,0,4241,0.9417656577714911,2944,0.9838904905364881
6190,0,3961,0.7467722194616508,2944,0.9824267113328141
6194,0,3757,0.8661737389016313,2944,0.9560121586693177
6197,0,3669,0.7171084824990102,2944,0.9192018283376651
6207,0,3798,0.6525279266601824,2944,0.8569899014496155
6211,0,4080,0.875326520377857,2944,0.9900921332533937
6218,0,4017,0.6486911511556205,2944,0.9662987007532423
6228,0,2287,0.528772894764886,1840,0.9019918668958589
6229,0,3808,0.6220317435253021,2943,0.9261549937862402
6231,0,3865,0.840600564321699,2944,0.9695159066324435
6235,0,989,0.8532197907114807,889,0.9722890978496305
6237,0,3774,0.6635298559845371,2944,0.875833381671357
6239,0,3888,0.8205082923841933,2944,0.9762897730865238
6246,0,1499,0.8568292493215399,1104,0.9664221840288177
6250,0,3483,0.6447899586403614,2740,0.8614179986184668
6256,0,5844,-0.2286717736417303,2944,0.790022516632255
6259,0,5844,-0.17427714532188554,2944,0.7614655663057404
6295,0,5844,0.5970752229439803,2944,0.9997780686918106
6299,0,2733,0.8767165329398854,2229,0.9847663710167224
6302,0,2774,0.9009523632636485,2114,0.9730289304464282
6319,0,5015,0.9108439646055846,2944,0.990378837250348
6323,0,3496,0.7421421399756525,2944,0.907216641832569
6329,0,3683,0.6344864824788536,2760,0.9182387956914179
6331,0,4134,0.8787154854282361,2937,0.9526304049591339
6334,0,2834,-0.5232384034537072,2019,-0.750768724751405
6345,0,5844,0.9137701074067742,2944,0.9930319074357886
6349,0,5844,0.38231062829834717,2944,0.9921620496383435
6373,0,5114,0.9675572424829275,2576,0.9434605612467715
6387,0,5844,0.9099520732663585,2944,0.9900482131705097
6403,0,4230,0.8111291396377562,2944,0.9641347032115863
6407,0,5844,-0.13601265876381943,2944,0.9311195200204737
6411,0,5844,-0.24470111558045374,2944,0.8275449460050711
6414,0,5844,-0.11963388947386383,2944,0.8189643823788343
6424,0,5844,0.35964510754303053,2944,0.9887878773370311
6437,0,4056,0.68878456735288,2760,0.8400654234915859
6443,0,5844,0.04197112550772117,2944,0.9782703265837452
6444,0,3932,0.894379105616495,2944,0.9417892251802797
6456,0,1827,0.947620066611934,920,0.9837762504102462
6473,0,5844,0.7709330940731236,2944,0.9999999735415106
6479,0,5479,0.9107612356451789,2760,0.9897446418214958
6485,0,5731,0.866883111455327,2944,0.9834519097465743
6488,0,3880,0.5292614292200238,2576,0.9714909584078352
6491,0,5844,0.8962641298776225,2944,0.9908821400094436
6492,0,4383,0.8310948485676762,2208,0.9804047765046411
6496,0,4383,-0.17657521464514797,2208,0.9601445286031616
6497,0,1369,0.9203388670596914,705,0.9981640598792225
6506,0,5844,0.21200375101785104,2944,0.9273903296417088
6507,0,5692,0.300607571618312,2944,0.9559882875526753
6528,0,3574,0.8679386548376408,2899,0.8672168591893681
6529,0,314,,236,
6535,0,4118,0.862281032852614,2944,0.9495026372374858
6545,0,4212,0.10192707174091953,2944,0.8549269282990688
6549,0,5844,0.07130521903425201,2944,0.8398186698764258
6550,0,3887,0.8492856453831383,2944,0.970536995182023
6551,0,2950,0.8968160879949728,2044,0.930684516535999
6556,0,1575,0.636648786869366,1288,0.7917832402202417
6557,0,2693,0.5477064858435556,2208,0.5615281736308032
6562,0,5844,0.2147330536832636,2944,0.3393104810692316
6563,0,5820,0.9680465684148934,2920,0.9645821298798861
6564,0,1546,0.9245543092239091,767,0.9860013915841628
6568,0,4056,0.6397092518173173,2942,0.6669518077729132
6573,0,424,0.6950704325109538,337,
6574,0,5419,0.8067461917850863,2760,0.8145645045865337
70002,0,5147,0.9929803465078412,2944,0.998604758051718
70011,0,5844,0.7995838207520363,2944,0.9979309029158117
70016,0,3712,0.9054697728558522,1840,0.9631611857197642
70021,0,5761,0.7782838007790461,2944,0.9897601823429221
70025,0,5640,0.9481608575644084,2925,0.9915446992078738
70027,0,5654,0.9048706734523131,2944,0.9984881722152296
7003,0,5844,0.18545216320774607,2944,0.9453386204747876
70031,0,5643,0.9940827709910899,2852,0.9969875588987486
70036,0,5765,0.6431463928014344,2944,0.9725857026594498
7004,0,5799,-0.4713156691937649,2944,0.8405223338261456
70043,0,5387,0.6798684984366988,2931,0.997888392687751
7006,0,4824,0.6460504324559292,2944,0.9795457009281562
70066,0,5692,0.6088139991008318,2944,0.9926899282129306
70072,0,4773,0.7029167698577987,2917,0.9969753966937428
7008,0,5755,0.01815266149696261,2938,0.6817019069529433
70085,0,4680,0.8212052300955314,2557,0.9578031420802982
7009,0,5844,0.1746552764967936,2944,0.9794381056361333
70091,0,5457,0.8775552164811576,2944,0.9992324099315817
70098,0,5583,0.5462404575218249,2944,0.9883409444817283
70102,0,5844,0.9659117280782837,2944,0.961690980089116
7011,0,5844,0.9477503026205016,2944,0.9883866147043459
70117,0,5844,0.8963501123645293,2944,0.9624108229968275
70118,0,5793,0.8649886996240435,2893,0.9688200264928465
7012,0,5844,0.8732773115402083,2944,0.9809349508888716
70120,0,5789,0.9584689602082815,2944,0.9766602988306153
70121,0,4961,0.8952452007737862,2545,0.9499520116017189
70129,0,5844,0.9375615958514716,2944,0.9364571928341807
70135,0,5275,0.932204145357219,2760,0.9502051960635276
70139,0,5764,0.8897614878918283,2944,0.90072600596741
70147,0,5844,0.617845450906429,2944,0.9842809620899963
7015,0,5844,0.8661834283005037,2944,0.9614890187364691
70150,0,5574,0.7304829064577596,2944,0.9569516327740261
70152,0,5811,0.6348576670683806,2944,0.9746106977775499
70153,0,5075,0.6964222492606731,2562,0.8000173841457096
70156,0,5630,0.6181703798999586,2791,0.8676055589379286
70158,0,5844,0.6238541136618132,2944,0.9790179596688716
7016,0,5844,0.9466573072192277,2944,0.947925237369225
70163,0,5006,0.6195144793949554,2576,0.9805426283584144
70167,0,5801,0.7725176237306213,2944,0.9911550865468772
70169,0,2922,0.8340792067848519,1472,0.9883415709321308
7017,0,2738,0.9403801845538552,1349,0.9581858730440658
70175,0,5844,0.8401756566998626,2944,0.9778319451283808
70176,0,5365,0.5959728779530049,2815,0.9859781950704707
70180,0,5432,0.6911913624268529,2944,0.993172371495071
7020,0,5674,0.5931746167389433,2913,0.9333922860061381
70200,0,576,0.5017635516154471,184,
70205,0,4628,0.700609393353477,2392,0.9454754974395273
70206,0,5844,0.7082907555082695,2944,0.9077015066252546
70207,0,5176,0.7701311198246705,2944,0.9904991389905032
70209,0,5844,0.6314593111876052,2944,0.9803976080173834
70211,0,5844,0.6463751900582584,2944,0.9904635650486336
70212,0,5844,0.7064072583385894,2944,0.9947555931408699
70213,0,5844,0.6387773783480674,2944,0.9900390625447997
70215,0,4604,0.5978059590730774,2758,0.9623700905869498
70217,0,5844,0.5941911834228499,2944,0.9801347400357694
7022,0,5844,0.7137826980411116,2944,0.9327397874088886
70221,0,5783,0.642313694956051,2944,0.9734681223559544
70227,0,1828,0.9551257976223101,1407,0.9697085906308264
70230,0,5457,0.7932773802280659,2592,0.8829693013509772
70231,0,5844,0.8748512635553634,2944,0.8895799944224362
70238,0,5770,0.4985922994886441,2873,0.9909230458540228
7024,0,5844,0.9595702055143903,2944,0.9929790598488272
70242,0,5842,0.5976226572578708,2942,0.9953956033138842
70246,0,5844,0.49505271460015066,2944,0.9764519803585883
70248,0,5844,0.8880192988018033,2944,0.9936370631087167
70250,0,5844,0.5093474722510515,2944,0.9893428555555648
70252,0,5816,0.5932473881648511,2916,0.9816050746033805
70270,0,5479,0.38891037980512005,2760,0.9957230113556423
70271,0,5733,0.30471709742811787,2944,0.9583355022550564
70273,0,2557,0.847558208725333,1288,0.9466670975207204
70274,0,1461,0.6445437043817834,736,0.9999699977981094
70275,0,5279,0.7303123879380454,2576,0.9941082785228205
7028,0,3834,0.7909566448884319,1901,0.9976575325043766
70284,0,5774,0.711068342058257,2905,0.9751000866006707
70288,0,5844,0.6251821797000033,2944,0.9552941094690183
7029,0,5844,0.36796417903394063,2944,0.9964713855008086
70291,0,5144,0.740975022142623,2674,0.9614522231959028
70292,0,3411,0.9155113767169036,1775,0.9746831578655414
70293,0,4613,0.6948581388029409,2116,0.9700784803136355
70295,0,5707,0.7150226544322793,2923,0.888236532080489
70298,0,5799,0.8637005063377917,2944,0.9933731253195747
70299,0,3893,0.7362278633525586,1840,0.9967556942114908
70302,0,5835,0.5528374297330494,2944,0.97686431780125
70309,0,1075,0.8065308835168963,491,0.8377559240660462
7031,0,5844,0.33319924688120206,2944,0.9096573759165004
70311,0,5406,0.5430632954346126,2713,0.31459601625522093
70325,0,5819,0.8732899866886684,2944,0.9051586314120152
70328,0,5844,0.55069718693734,2944,0.9771971466262445
7033,0,2010,0.7907587166270164,1043,0.9652039615908686
70331,0,5844,0.6029547732148931,2944,0.9845856339853616
70334,0,5788,0.6839778430261195,2938,0.6517238683683012
70339,0,5844,0.5252943603632194,2944,0.9720711292765604
7034,0,5844,0.6747884526352228,2944,0.9667764846883092
70340,0,5844,0.5319756438419273,2944,0.9880617264030199
70345,0,5844,0.4403533711204254,2944,0.9894986077040944
70348,0,5844,0.5739678883373126,2944,0.995643455569857
7036,0,5844,0.2900521481529205,2944,0.9735584322132432
70361,0,5209,0.6869781871003628,2837,0.9806349608151996
70362,0,1778,0.6116243436070354,606,0.972924168693529
70363,0,2057,0.3599628285823858,1031,0.9639585930379898
70366,0,2950,0.6826351164855251,1103,0.9916679939518505
70374,0,5761,0.22336333311823198,2944,0.9361979147253705
70376,0,5144,0.3505506867841167,2847,0.8972922202908161
70377,0,5339,0.4602285429928547,2918,0.971420034482582
70378,0,5844,0.6035755159154932,2944,0.9861987159238431
70382,0,5840,0.532967150553047,2940,0.9826695758732041
7039,0,5844,0.10080225956807856,2944,0.9670370031301709
70390,0,5589,0.706305148347771,2818,0.9688514042777219
70393,0,5265,0.5478192893881214,2747,0.9634871672602007
70394,0,3909,0.7539888850145863,2308,0.9791807746654418
70399,0,5661,0.4940301512776658,2882,0.9197664125125956
70403,0,5693,0.5421515911218125,2921,0.9419402236061653
70408,0,5337,0.3219740778612343,2739,0.9688097054218318
7041,0,5844,0.7235876645876705,2944,0.8775843800020894
70410,0,5837,0.7738996745262365,2937,0.9935543817852115
70414,0,5835,0.626254468776656,2935,0.9820910376160811
7042,0,1461,0.9004723347192262,736,0.9972939482305969
70421,0,1450,0.8239099278630883,1174,0.981634943042105
70442,0,4429,0.38677992367063413,2592,0.9717698370695865
70444,0,5844,0.5040910287899318,2944,0.9786032538733855
70458,0,5748,0.12593093723963103,2895,0.8957388480186794
70459,0,5479,0.5074883969173578,2760,0.7260559128065798
70466,0,5844,0.8001981193745287,2944,0.9264728780246755
7047,0,5844,0.9356186773132338,2944,0.9958288688316003
70486,0,5083,0.7076166380241146,2576,0.9368023904152409
70494,0,5479,0.7509307072302134,2760,0.915139648946085
70497,0,2813,0.7570599855536193,1438,0.9121545763231422
70499,0,5813,0.879462475497674,2944,0.9313487772818163
70505,0,1998,0.721382736038383,1113,0.9400137049428269
70509,0,5042,0.6227457317916306,2567,0.9771175725463912
7051,0,5323,0.831051506911252,2941,0.9970603173037892
70512,0,5844,0.46302396928774964,2944,0.972911418959266
70517,0,5844,0.6844909261151664,2944,0.9849043010158165
70522,0,5844,0.09146126907536063,2944,0.9724446269866981
7053,0,5842,0.9205637905481099,2944,0.9978732722723589
70530,0,1400,0.4921811306522455,736,0.9363924364121888
70531,0,5844,0.4262338882130374,2944,0.9419475216913176
70533,0,5844,0.7466620117274346,2944,0.9715518204202616
70540,0,5461,0.7375836894926605,2760,0.9440860139521161
70542,0,5828,0.9214352193539161,2944,0.9690480814488036
70549,0,5025,0.8208523569713708,2481,0.8126006071300835
70557,0,5479,0.9607626683057987,2760,0.9931648274853391
70559,0,5844,0.26064942220594056,2944,0.9763598727149487
7056,0,5844,0.4838178623658747,2944,0.9756773373880411
70566,0,5844,0.7013568671420276,2944,0.9297641174513035
70567,0,1938,0.7808795117614776,1062,0.8871217904366939
70569,0,5070,0.6537422383254098,2669,0.976868219238722
70574,0,5844,0.9761183955280249,2944,0.9796602989541463
70575,0,5541,0.9003918508953731,2821,0.9050141607500936
70576,0,1599,0.77030658571042,762,0.9859760650138599
70579,0,5835,0.6120095514135123,2935,0.9733658491190049
70583,0,5844,0.9542249208413108,2944,0.9585701839143334
70584,0,5623,0.7508178822816964,2944,0.8767054283000421
70586,0,5844,0.8826957175305404,2944,0.9445021228540348
70587,0,5781,0.4563340682215603,2896,0.19872471526767704
70589,0,5844,0.013356715460910856,2944,0.8293656921914806
70596,0,5799,0.7776102437831655,2903,0.9929531018074248
70597,0,5844,0.7953274262648469,2944,0.9708933513140511
7060,0,5844,0.8234453185249636,2944,0.9746279383772574
70601,0,5844,0.46146485269154847,2944,0.9739745491377109
70605,0,5844,0.8013824769534768,2944,0.9939382654407544
70609,0,5844,0.7937296421776825,2944,0.9838806045117727
70611,0,5536,0.6384714212156664,2884,0.6623731370872371
70614,0,5844,0.9276780700288269,2944,0.9410859791211995
70615,0,2305,0.7570368498508202,1283,0.9888018791526028
70616,0,5555,0.8467623362489369,2936,0.8467013634045016
70617,0,5844,0.17336536867467042,2944,0.9645973812922094
70619,0,3083,0.861752508684934,1656,0.9999998962829453
7062,0,4567,0.7221461035393983,2944,0.8815601078317421
70620,0,2657,0.5891612270472796,1389,0.9040613766797247
70623,0,4654,0.8573227496852165,2704,0.9790242120355312
70624,0,5622,0.9081247133429583,2944,0.9937096275834711
70629,0,2142,0.3245550425859612,1102,0.33303828622251735
7063,0,5531,0.4995069665060435,2944,0.7282591983304344
70638,0,1095,0.7784525255089513,552,0.8030188358872817
7064,0,4428,0.40460441518188384,2944,0.9655709632851673
7066,0,5844,-0.042174784122822995,2944,0.9762218363428418
7072,0,5844,0.7017534994051446,2944,0.9945874194726949
7076,0,5844,0.6868275608423351,2944,0.996561324736865
7080,0,5844,0.037481559062385955,2944,0.9818259324931375
70801,0,5143,0.2864897483725614,2886,0.30918905487079884
70827,0,5762,0.8348175180736104,2923,0.9601636558436402
70842,0,2456,0.6387999658381351,2178,0.5503727402779285
70844,0,5454,0.6179931672595322,2767,0.9722993259328121
70850,0,5844,0.8372637451661425,2944,0.9813968506360979
7087,0,5844,-0.26402922578443777,2944,0.9480363002360965
7091,0,4331,-0.021450688602020106,2944,0.6456601678540531
7093,0,3410,0.2765813336310292,2441,0.42692491183323145
7096,0,4912,0.24758157234309539,2944,0.957334714262281
7098,0,5502,0.41577691489261287,2944,0.9960698103662425
7099,0,5844,0.6194896280248283,2944,0.9169485304680797
71010,0,2002,0.9999992092041685,975,0.9999947223413486
71018,0,3802,0.8148575918953894,2910,0.9827262062418256
7102,0,5792,0.4495209790864508,2944,0.9901215144223374
7104,0,4494,0.021297735651507825,2944,0.9461108561478371
71044,0,5796,0.2239626702613219,2944,0.9606817374663026
71067,0,5813,0.7683494846210304,2944,0.9512759658423423
71068,0,4397,0.9699877619288119,2643,0.9896565010146658
71077,0,840,0.999569082148931,826,0.9999684053931035
7108,0,3845,0.8145074408036764,2944,0.9247535984145505
71085,0,5817,0.9623736502618214,2944,0.9918467474507097
71086,0,5844,0.9771244563708362,2944,0.9961016750455095
71090,0,1705,0.9888918908006431,880,0.999936745503342
71092,0,4933,0.8619797214811817,2932,0.9989679854523938
71096,0,3113,0.9662433958120376,2270,0.986221258116064
71098,0,2425,0.6880883612707305,1288,0.9997161528400779
71104,0,5696,0.9211102299264751,2934,0.9968332486858968
71109,0,5655,0.6564957690609824,2933,0.9879302715429431
71117,0,2051,0.8390813423319716,1024,0.949255652419431
7112,0,5425,0.23380499720838974,2804,0.9275909357681961
71126,0,3503,0.7351538216334905,2690,0.9696498654256942
71131,0,4225,0.9037718627465011,2691,0.8879598786833509
71139,0,3646,0.9809810440211785,2783,0.9943301731865747
71140,0,5240,0.399141383512623,2876,0.9303574918426208
71141,0,1627,0.956867818754634,822,0.9827816195209222
71146,0,5844,0.8758575481831088,2944,0.9944196540934043
71153,0,4241,0.9134292601572412,2463,0.9568468641741319
71165,0,5679,0.6969344272873703,2907,0.9475999536175213
71168,0,5315,0.7565375266189865,2902,0.9594092982049625
7118,0,2667,0.6302988728559407,1288,0.9792265525354578
71185,0,5844,0.16017281264765468,2944,0.9250184359567188
71186,0,5844,0.35407668009685184,2944,0.961952653892245
7119,0,4012,0.5009940523999011,2944,0.7678188767209289
71193,0,5844,0.9850655723288891,2944,0.999779213700915
71199,0,5844,0.9720104879158328,2944,0.9999946412084084
71239,0,5283,0.7523476494649098,2760,0.5003495468341982
7124,0,3957,0.8380190427545893,2944,0.9741223922212326
71241,0,5817,0.8615948798626395,2944,0.9644071708116461
71245,0,5825,0.9885937695544121,2925,0.9926168543492303
71258,0,5817,0.985796099172263,2942,0.999863367438038
71260,0,4793,0.6470399502329779,2484,0.9993509352623126
71267,0,5765,0.7293623512863419,2865,0.9814171470267832
71268,0,5844,0.9144491139576081,2944,0.9717388843551761
71277,0,5827,0.7263834749802972,2940,0.7845832333273758
71288,0,1028,0.7955912524014697,986,0.7747571000965091
7130,0,5844,0.07830631406477247,2944,0.7513820455801563
7133,0,3722,0.4738222549720077,2944,0.9094555404986345
7135,0,3913,-0.01027992860455397,2923,-0.06630128040767347
7138,0,1684,0.5236035005126715,1328,0.767532707953663
7142,0,5844,0.2974383489087961,2944,0.9668158410510336
7143,0,1900,0.42254382649649447,1349,0.812706272713846
7148,0,5844,-0.10174974299239932,2944,0.9807719794534275
7152,0,5844,-0.006316164711178249,2944,0.9930251204973014
7156,0,5844,-0.17251307818784806,2944,0.9297098966133222
7161,0,5844,0.004866955346645157,2944,0.8663853470897046
7167,0,5844,0.295952265757118,2944,0.9936197256717388
7168,0,5844,0.4205491185126186,2944,0.9998705388700502
7171,0,5844,0.5098437914631796,2944,0.41160992929419404
7172,0,5844,0.3210142637296126,2944,0.9530269394041305
7174,0,5844,0.6735836312237989,2944,0.9160209009575823
7176,0,5844,0.5748799776300777,2944,0.6156916144905302
7180,0,5844,0.5292754047258321,2944,0.6805321806194508
7183,0,2108,-0.4495469542743928,1134,0.8671452678013165
7185,0,5844,0.08076769817727636,2944,0.9356018920913045
7187,0,5844,0.3398546392003222,2944,0.9771638750516983
7190,0,4126,0.6047988494961084,2940,0.836253336849993
7197,0,5173,-0.14018501346952306,2944,0.8569239928356721
7200,0,5844,0.5361909862999369,2944,0.7263442410069778
72002,0,3855,0.8972180894380652,1907,0.9463171737249911
72004,0,5844,0.957837918884758,2944,0.9487823567790246
72007,0,5844,0.9557627274222265,2944,0.939267072211284
72008,0,5844,0.8826645968470965,2944,0.9631906839491209
7202,0,5844,0.4165692274166403,2944,0.9645864428137251
7203,0,5844,-0.1480541634407765,2944,0.9786878457466429
72039,0,4049,0.9059134407191248,2024,0.9960791395561712
72043,0,5844,0.9434071364958965,2944,0.9041372181677086
72055,0,5844,0.9171057421295612,2944,0.8581291817104381
72064,0,5844,0.6662069096505481,2944,0.8084862749845303
72076,0,5844,0.9523184605733382,2944,0.9269784835342911
72083,0,5837,0.589936437222831,2937,0.6383479868765954
72090,0,5479,0.9887070182824336,2760,0.9935158770504376
72095,0,5198,0.9117175942967677,2600,0.977400038240439
72096,0,5844,0.9333946240594839,2944,0.9903241198940185
72098,0,5799,0.8818973711352459,2944,0.9720944326320372
72102,0,5844,0.9381250916686135,2944,0.9108580488540858
72104,0,5829,0.7673417057666065,2932,0.708600189714286
72106,0,5844,0.6396376249451525,2944,0.8824532669212385
72109,0,5844,0.8829506457570528,2944,0.9949374820196546
72110,0,5844,0.8977992598576638,2944,0.9438621302549849
72113,0,5844,0.9342655349839749,2944,0.9697378250062438
72130,0,5651,0.639893042639715,2932,0.9499874941753008
72142,0,4018,0.843610713258426,2024,0.9911707936598414
72144,0,5844,0.8882677389983216,2944,0.9597851561315915
72145,0,2192,0.9099698878827398,1104,0.9873780364095555
72148,0,5844,0.8484164885728288,2944,0.9787430538588335
72154,0,2465,0.832658800956713,1257,0.9901557336005912
72155,0,5670,0.8643553290480526,2831,0.9981202590351788
72156,0,5357,0.8814223847262206,2699,0.9181583025837821
72158,0,2192,0.8760155457828385,1104,0.9910000939141973
72162,0,5387,0.9615109917705583,2729,0.984117179720818
72172,0,5844,0.9353967330693258,2944,0.969040986156581
72173,0,2616,0.9291994780060722,1288,0.9834330347463011
72179,0,5844,0.6889111906882568,2944,0.5900228704699978
72188,0,5844,0.8794391353490434,2944,0.9907884558258027
72191,0,1977,0.5433259747346175,951,0.6053279927397502
72192,0,5816,0.798016720454329,2916,0.706849010054989
72198,0,5844,0.9391417824404574,2944,0.98508167007274
72227,0,2375,0.8476552744954714,1257,0.794477243496474
72239,0,5272,0.9265323905900529,2760,0.9894520184097908
72246,0,5844,0.957675660688237,2944,0.9241894751173472
72269,0,5833,-0.3912609940768491,2944,-0.807116274801416
72281,0,5835,0.7171988899791928,2937,0.2909754404022936
72285,0,5842,0.921460219210381,2942,0.9395578299202203
72327,0,5844,0.9356291201394871,2944,0.932447369763322
72366,0,5114,0.9494863143263365,2576,0.9174340715389451
72423,0,5844,0.938409156190392,2944,0.9623182650741791
72427,0,5255,0.9148557004010048,2522,0.9671071115412383
72450,0,5754,0.9240246084364468,2864,0.9302726823875928
72454,0,5844,0.9188372508399013,2944,0.8491025674510133
72459,0,5826,0.9532212641613587,2931,0.9377995323409556
72467,0,244,,123,
72477,0,182,,61,
72478,0,3592,0.9572419906093526,1840,0.9914661324780476
72481,0,5844,0.9263674591635198,2944,0.9909520336170821
72502,0,4229,0.9683313520681944,2119,0.9348029414721849
72504,0,3918,0.9825187965489975,1985,0.9460011589111331
72508,0,5844,0.9761840475826601,2944,0.9636103979605795
72510,0,974,0.9262444424977258,491,0.9838414691884135
72518,0,5844,0.9488280625914514,2944,0.9526044941829463
72519,0,5844,0.9819845701858634,2944,0.9807909400050624
72523,0,1596,0.9598387222982343,750,0.9738421571889301
72552,0,3501,0.8725512711300429,1779,0.9428855046670176
72559,0,5815,0.8908196823952053,2916,0.9239266446589994
72566,0,5843,0.9603696662677325,2943,0.9180178489676298
72569,0,5844,0.9728192145623927,2944,0.9755510602518509
72577,0,5387,0.7999632837765811,2729,0.945039513208375
72584,0,2122,0.8503788010424788,1104,0.8329645832941488
72585,0,5844,0.8640119874815707,2944,0.7119678094279852
72588,0,5844,0.9741326963646462,2944,0.9786603202887132
72590,0,2161,0.9028473526090869,1104,0.8747761487051856
72592,0,5844,0.9306978051907366,2944,0.96441982485727
72601,0,1046,0.8276589723011781,552,0.8529799123853037
72603,0,5813,0.9772999598958919,2944,0.9823366067966472
72610,0,5822,0.6548929164912358,2944,0.9696553086888138
72617,0,3844,0.8219258152779967,1911,0.9738081124921264
72623,0,5844,0.9813853935089893,2944,0.9701226998036706
72625,0,5844,0.9598372123244883,2944,0.99999917066969
72641,0,182,,61,
72649,0,5844,0.8953387685818596,2944,0.8677935023325593
72654,0,5844,0.8684962248288502,2944,0.7986570607391108
72660,0,5844,0.8944606604344297,2944,0.9634975306621616
72661,0,5844,0.8354347772929465,2944,0.9451487229490331
72668,0,5844,0.916756846758003,2944,0.8641816280257728
72682,0,5844,0.9592053569477442,2944,0.9536172768178461
72696,0,5844,0.9461858002383712,2944,0.9073655652550155
72697,0,2008,0.9612433277740507,981,0.8959341251171906
72716,0,5844,0.9413207979927904,2944,0.9779889754828316
72721,0,5844,0.9720306772102381,2944,0.9754496565728544
72727,0,731,0.9327224317112358,368,0.9939933745150406
72729,0,5206,0.5415987371353865,2607,0.4131978343395408
72731,0,4808,0.9542688777751802,2392,0.9985769744986569
72738,0,5844,0.9300244743884887,2944,0.9185929180623112
72739,0,5844,0.8641200047823087,2944,0.9340950427512605
72740,0,242,,123,
72744,0,5844,0.8778510758165183,2944,0.8850439080137906
72745,0,5581,0.9632195915829883,2776,0.969848815755258
72748,0,5844,0.9544851352729379,2944,0.9537366038428817
72751,0,91,,0,
72752,0,5844,0.9720415826022475,2944,0.9733216896010963
72753,0,5844,0.920727892508017,2944,0.8983287430720484
72760,0,5844,0.9130193399394619,2944,0.9830145049288692
72761,0,5844,0.941764609709398,2944,0.9122481041525926
72762,0,2192,0.8907045505646043,1104,0.9058586188906494
72763,0,1735,0.9831759694501331,889,0.9844093499032839
72818,0,4592,-0.02401164215733302,2356,0.7164521720345727
73110,0,5828,0.7052452666257704,2934,0.12624861417132513
73186,0,5113,0.7947477207823769,2576,0.7487304000168339
73190,0,5478,0.9629968908684199,2760,0.9763448819484393
73208,0,182,,61,
74362,0,1258,0.9814001385799108,653,0.9588161285574318
74410,0,5843,0.9680374935071312,2944,0.946849015889117
74412,0,2192,0.9133042752695669,1104,0.8984828030892276
74413,0,3287,0.9501910502539223,1656,0.856747404569522
74416,0,5843,0.8451673145948941,2944,0.6556017906875552
74422,0,365,0.8575730766214138,184,
74425,0,5844,0.8929263138950448,2944,0.7627665645793238
74428,0,2635,0.9242421729990353,1244,0.8689459741427178
74431,0,1157,0.9411062592073901,552,0.8368475064471439
74434,0,5690,0.9181943312462391,2882,0.8807899512405617
74438,0,5844,0.8379658197320679,2944,0.659226861296231
74443,0,2192,0.9351595647085822,1104,0.8998505459821531
74804,0,5844,0.9442125269411598,2944,0.9286818166968255
75006,0,5844,0.816654622120522,2944,0.9929775752613419
75033,0,5014,0.8049150372905226,2537,0.7174426350701357
75058,0,5716,-0.5937084156244473,2941,-0.899864493874907
75074,0,5844,0.773594918979416,2944,0.6681355490879247
75079,0,5844,0.9028164550427853,2944,0.9191106077913046
75106,0,5844,0.858065086859357,2944,0.7943858674307006
75108,0,5844,0.9248636446606926,2944,0.936561916254636
75110,0,5844,0.9284019136461283,2944,0.9153655183863918
75111,0,5843,0.7710017241666802,2943,0.6972107092417009
75119,0,5645,0.8734080954903547,2806,0.7852798199337527
75121,0,5844,0.981876634318646,2944,0.9867117784459457
75128,0,366,0.8638975452921893,184,
75150,0,3979,0.7514801795443411,1689,0.9953649844448946
75151,0,5462,0.5064855572212998,2744,0.1641721653641322
75156,0,5783,0.9094746285832911,2883,0.9875187084499903
75158,0,192,,71,
75168,0,5479,0.8489445872888488,2760,0.9957682418929663
75169,0,2459,0.7240966833803888,1288,0.9601331551333108
75176,0,5479,0.8519923048282526,2760,0.9884462116792488
75190,0,5114,0.6595967253904484,2576,0.7854394192645401
75196,0,5455,0.94601568063808,2736,0.961232849600697
75198,0,4726,0.9480621767539948,2237,0.9817424916225126
75200,0,5349,0.9090876514457146,2729,0.9657924937104179
75201,0,5479,0.9176634701582016,2760,0.9852841421947985
75202,0,5844,0.8506911212289419,2944,0.8742384036409718
75203,0,5844,0.7380432390369003,2944,0.7639302800891925
75206,0,5101,0.8548932890910572,2262,0.9996798131421252
75208,0,5786,0.7820428583280736,2917,0.9789462057274195
75209,0,5769,0.9425275081615158,2899,0.963552794546948
75210,0,5844,0.8834302971703962,2944,0.9794655627139365
75211,0,5730,0.9200607039365641,2830,0.9184948663270461
75217,0,5844,0.7609480971424396,2944,0.7855466216490821
75219,0,5844,0.5781894717998535,2944,0.5652030765269377
75221,0,5843,0.827150659704911,2944,0.7711550270006158
75222,0,5844,0.7431492909379278,2944,0.8408859448784447
75225,0,5844,0.8993214926023263,2944,0.9381975470472642
75227,0,5844,0.911733553062478,2944,0.9348638539045083
75235,0,5844,0.8444081860440731,2944,0.7393550299949087
75236,0,5844,0.6844388501266312,2944,0.6518234937004145
75238,0,5844,0.8816460455780469,2944,0.8814744991948806
75239,0,5843,0.8921049764471217,2943,0.8957231371218215
75241,0,5829,-0.029427853571294346,2939,-0.28603632361192277
75254,0,5814,0.8341251013154694,2914,0.8077736099060766
75257,0,5691,0.9798199504359293,2882,0.9685182409377644
75259,0,5844,0.7686442857221989,2944,0.7837018021304692
75263,0,5843,0.6072785852173521,2944,0.7023007076292572
75265,0,4748,0.9321587101421357,2392,0.9377196986519617
75266,0,5844,0.6983848817010906,2944,0.8056521416832003
75267,0,5113,0.472497223304338,2576,0.3364877226632129
75271,0,5843,0.36679344188738155,2943,0.25984125190178614
75273,0,5813,0.8548352330925214,2913,0.6869815815242791
75274,0,5844,0.628074878682899,2944,0.788337291777955
75280,0,5844,0.7794993554102814,2944,0.9615001772098078
75284,0,3277,0.895236229513195,1646,0.852254041236201
75286,0,5844,0.8437119246150709,2944,0.9135188016517835
75287,0,5462,0.5224524563003827,2749,0.34768605662831414
75288,0,2557,0.837959345488886,1288,0.873084257851732
75289,0,5782,0.5328298776967584,2882,0.9747535429694345
75290,0,5813,0.7643138691974402,2913,0.9811658345290722
75291,0,5844,0.8385665303457771,2944,0.9198106963894718
75292,0,5776,-0.25077458389061674,2941,-0.4989755649813251
75293,0,5842,0.804737929486921,2943,0.9204157240307121
75296,0,5844,0.9633604113458818,2944,0.987240573534344
75297,0,5844,0.6724796291001494,2944,0.7483624935991886
75299,0,5479,0.44579575997305565,2760,0.6342550933066408
75300,0,5479,0.37803945188347476,2760,0.7141895831890168
75301,0,5479,0.7007577945405977,2760,0.9131980605856747
75303,0,5386,0.41307780607644995,2728,0.013446274008745472
75306,0,4990,0.9140535087638003,2572,0.85866364462262
75309,0,5114,0.7794601061993861,2576,0.6957288030058816
75311,0,5771,0.7163175269028683,2892,0.6471415098632206
75314,0,5841,-0.7252169882840692,2944,-0.9984357805126888
75317,0,5843,-0.7900597838574276,2944,-0.9886778673408261
75320,0,5835,0.8327667465055798,2937,0.9426235253754266
75326,0,5832,0.4263604952527481,2938,-0.002429664586330628
75328,0,5469,0.3278418196638555,2759,-0.19566078270849818
75332,0,4360,0.020879928831835315,2205,0.14750696609573546
75333,0,5114,0.7382015073366117,2576,0.7428504982397381
75336,0,5114,0.6363481692349492,2576,0.8002667000895294
75337,0,5114,0.185875044096826,2576,-0.2331507766348389
75339,0,5114,0.7465577803573543,2576,0.6962751180214077
75343,0,5114,0.6224185663943168,2576,0.3980956600128442
75348,0,5114,0.640204694211131,2576,0.544509340954644
75359,0,5844,0.9410710689534701,2944,0.9448146207204083
75361,0,5844,0.8859760606355221,2944,0.8470567273292502
75367,0,5844,0.9102647010379665,2944,0.8834748763850808
75368,0,5479,0.7956196319312419,2760,0.7704666522405897
75382,0,5749,0.7163290424581905,2868,0.5152552769552253
75387,0,5844,0.8222213087972621,2944,0.7570234323250604
75388,0,5844,0.8375618895231819,2944,0.8632948283773682
75389,0,5844,0.8363153888657036,2944,0.7829839144371363
75394,0,5844,0.7688933675070028,2944,0.6342226120365437
75402,0,5844,0.8193691431432603,2944,0.7844697569962359
75403,0,2191,0.9874558292629066,1104,0.9952728843463295
75421,0,2191,0.5708424707456803,1104,0.46706630135305627
75427,0,5844,0.9006261972354839,2944,0.9466400092436631
75428,0,5844,0.7467940949632877,2944,0.715925936215598
75450,0,2191,0.9757762051481056,1104,0.9642095204295734
75453,0,5844,0.5318404916529718,2944,0.32122768768020127
75463,0,5844,0.7883180364949927,2944,0.7530672795990954
75465,0,549,0.22565966353535472,307,
75469,0,5114,0.8128086716449023,2576,0.6743954168713492
75477,0,2191,0.9141277194376749,1104,0.9729676764544894
75480,0,5797,0.9771280804556662,2897,0.9926220834592739
75491,0,5844,0.944099600092927,2944,0.9489320520314278
75497,0,5478,0.8345293732907925,2760,0.9479908093707108
75500,0,5843,0.8982599197336377,2944,0.9597747573887082
75501,0,5843,0.8221674470425671,2944,0.872700883270159
75503,0,5479,0.7277118480891497,2760,0.7621564272335206
75505,0,5418,-0.47264187819964787,2760,-0.7954360596948759
75511,0,5819,0.14246894303346322,2919,0.1082014869670788
75512,0,5478,0.9293869973872848,2760,0.9179167054144507
75514,0,1095,0.7019887827610368,552,0.4634430973565903
75518,0,5844,0.6563132851039987,2944,0.6182416972348768
75520,0,5844,0.27859374464986053,2944,0.17851064796634683
75521,0,4445,0.7939049905254982,2239,0.6997026572701494
75527,0,5844,0.426254331799205,2944,0.3898376858128936
75530,0,5843,0.7312479995373763,2944,0.6049492677841078
75536,0,5316,0.723694832649564,2637,0.8170624773822531
75540,0,5479,0.9246458696024373,2760,0.9082997574235553
75543,0,5844,0.3134408343402592,2944,0.31041862523926883
75547,0,5479,0.007309952576283919,2760,-0.03270711851746441
75552,0,5840,-0.4581519879800708,2942,-0.7743596226334177
75553,0,5841,-0.3734683533022957,2943,-0.7896761703854526
75561,0,5844,0.5742897487304954,2944,0.41450172145571784
75573,0,5844,0.7398299722532301,2944,0.8756049078176451
75576,0,5843,0.8889496487052746,2943,0.970545252509886
75579,0,5479,0.33283772690297836,2760,0.16495982070771598
75605,0,4383,0.29513046575739593,2208,0.07695812370686093
75607,0,5477,0.7015052918282494,2760,0.7294229084378832
75608,0,5479,0.8003197622549482,2760,0.8754321467715981
75615,0,5479,0.5253285501223015,2760,0.4881026376480041
75619,0,5843,0.49632411016031824,2944,0.828372489965215
75624,0,5844,0.7126028122331839,2944,0.8747077600261077
75627,0,5479,0.8459932786716882,2760,0.9720974346633201
75631,0,5844,0.16792677255054533,2944,0.11181694248134
75635,0,5843,0.5689241761882426,2944,0.9428613574749956
75643,0,5844,0.44353684929811654,2944,0.8361629622991635
75645,0,5479,0.3196056974737709,2760,0.20210953918203006
75646,0,5478,0.9194228919508824,2760,0.9334885805345009
75648,0,5479,0.9189899417517462,2760,0.8945523358263507
75656,0,5479,0.9535426588261146,2760,0.9499496825489683
75658,0,5479,0.47312642377795183,2760,0.20348665020025664
75664,0,5419,0.7082535165052984,2760,0.5621176108848579
75674,0,5844,0.8847084728005056,2944,0.9366869706711543
75676,0,5099,0.7721452221646882,2564,0.7878671832654299
75678,0,5479,0.8572461586398437,2760,0.9874891891212719
75682,0,5844,0.7565808848259226,2944,0.9503089794105639
75683,0,5476,0.880030521934817,2757,0.9131559384199905
75684,0,5842,0.8393715581123623,2943,0.9976150841269139
75687,0,5451,0.8993066062225954,2732,0.9562831062631021
75692,0,5113,0.7648332255222281,2575,0.6190753246757209
75697,0,5314,0.911670663422742,2674,0.958836616949387
75699,0,5479,0.8618275655838087,2760,0.9697610690364173
75701,0,2191,0.920007988072466,1104,0.9819541943652023
75710,0,5479,0.7879437679301645,2760,0.8646462539796125
75716,0,5479,0.7314153221846434,2760,0.7701870398626017
75718,0,2192,0.7836266506073186,1104,0.8808826986182219
75719,0,1826,0.7318540940899079,920,0.7394171662777596
75720,0,2191,0.7378894686739575,1104,0.7109903267075769
75727,0,5479,0.7639751457623193,2760,0.7889851401848704
75728,0,5844,0.7527835927217057,2944,0.7270874626890066
75740,0,5479,0.7913996151731972,2760,0.8091642834102636
75744,0,2037,0.7833152728113038,1080,0.6738002551619758
75749,0,5844,0.5472006179302882,2944,0.43414782220740633
75751,0,5844,0.7092696059567015,2944,0.5836732916244299
75752,0,5844,0.508709158773252,2944,0.46409852547891334
75755,0,1216,0.9274135905557006,552,0.9953989393055921
75758,0,5843,0.656030988308577,2943,0.5405050253290914
75761,0,1096,0.7368687165150279,552,0.5889179534178683
75772,0,5844,0.7878854276445874,2944,0.7012154514422686
75776,0,5844,0.6557791204400267,2944,0.49922774202036646
75780,0,5844,0.878840283022117,2944,0.8640106010769104
75782,0,3287,0.9815062061787985,1656,0.9631195569797635
75783,0,4748,0.9683311088050912,2392,0.9532554369575703
76007,0,5829,0.6002291804923754,2929,0.9763993435106018
76008,0,5829,0.6597106943577774,2929,0.9828370978371923
76075,0,5844,0.7317283754681431,2944,0.9664813918920263
76076,0,5844,0.8675184593416698,2944,0.9736133000245565
76089,0,5844,0.7671610823501669,2944,0.9842658353163692
76099,0,5844,0.815640136325947,2944,0.9942034916065111
76105,0,1552,0.7542966732637545,736,0.9804451284342676
76112,0,5844,0.6345711252818741,2944,0.9900129817002556
76130,0,5844,0.8356102283678668,2944,0.980347501995867
76133,0,4017,0.5519146564708824,2024,0.9872323401947463
76136,0,4199,0.8330164611662461,2085,0.9454681512371894
76139,0,5844,0.7349136866316137,2944,0.9195239820807084
76141,0,5844,0.8174141505414926,2944,0.9424062477342587
76145,0,5844,0.7652964039147129,2944,0.9071486581426333
76147,0,5630,0.882032940401506,2791,0.9194096935207041
76159,0,5844,0.867983981144321,2944,0.9560134594179756
76165,0,5844,0.9149242987154167,2944,0.9688951270479295
76176,0,5844,0.6615398511870852,2944,0.960311895352024
76180,0,5806,0.5261224263381932,2921,0.7886836547654127
76190,0,5844,0.605556561664916,2944,0.9791807782877173
76200,0,5706,0.6492362109946938,2944,0.7323581185847317
76217,0,5844,0.4170591710000318,2944,0.9783463061896727
76243,0,5844,0.1315452768246216,2944,0.8918564900150019
76253,0,5844,0.8095136645202718,2944,0.8424935422041719
76255,0,5844,0.4384311951117552,2944,0.9424973371660041
76256,0,5844,0.2718440808614896,2944,0.9791944181697211
76263,0,5702,0.33021733602596703,2944,0.9670709306733527
76264,0,5844,0.7416976809554922,2944,0.8277258553010891
76270,0,5813,0.36461785513936895,2944,0.9405533838582052
76275,0,5844,0.32812226260742805,2944,0.9720073303857737
76284,0,5844,0.9275387585262188,2944,0.9299767507000315
76289,0,5841,0.04465970286875315,2943,-0.38311506645727944
76295,0,5828,0.6080619547469663,2932,0.7918415623558405
76317,0,5844,0.46572676472542024,2944,0.4637891377199416
76318,0,5844,0.22333212388932686,2944,0.9418413790930042
76320,0,1827,0.9711428349969868,920,0.9300572951989564
76321,0,5844,0.3634711388523934,2944,0.7827827260876425
76324,0,5844,0.46257707966311223,2944,0.5670770022955545
76325,0,5698,0.4489838744878015,2841,0.538851818913639
76345,0,5410,0.702476137425114,2760,0.860376920595827
76351,0,5685,0.6716418186809505,2896,0.9863450371620539
76355,0,5823,-0.03664231790396855,2939,-0.4219039992573023
76360,0,5844,0.9275255548798451,2944,0.9471364882440911
76363,0,5843,0.38261357525929357,2943,0.9822632229608095
76364,0,5828,-0.5760229546978947,2932,-0.7524945892958301
76367,0,5844,0.6610681487452018,2944,0.9717393300353483
76406,0,5844,0.31895497774290427,2944,0.9186000652828671
76408,0,5844,0.9081339717581484,2944,0.9509522903132999
76416,0,5479,0.5893345032291825,2760,0.9196125162618367
76417,0,5844,0.7565236702763217,2944,0.9897852621119253
76421,0,5844,0.28818226724249546,2944,0.9076464208025208
76423,0,5844,0.7414531197234682,2944,0.9579893919207457
76454,0,5844,0.42529446743403715,2944,0.4378561616160019
76456,0,5844,0.018316306858883944,2944,0.3308990357801422
76461,0,5844,0.6872555502730852,2944,0.8420166489737962
76462,0,5479,0.622788264131029,2760,0.912768174464374
76466,0,5479,0.3975223889612832,2760,0.789130748419843
76470,0,5810,-0.6806354092741417,2919,-0.4687055066676059
76482,0,1581,0.4675541558788756,736,0.5185058309872032
76483,0,5844,0.6612938880788103,2944,0.7482002483801019
76486,0,5844,0.6883803413617483,2944,0.9495542243185471
76489,0,5844,0.2979389858594611,2944,0.7183644630583671
76490,0,5844,0.2923578387956853,2944,0.6169203869423927
76491,0,5804,0.6833584652626405,2944,0.707445235170401
76492,0,4748,0.20689801790305506,2392,-0.12624081898488357
76494,0,5844,0.5096922980187935,2944,0.6049852004473141
76495,0,5844,0.7147293544397957,2944,0.9238867929430283
76499,0,5844,0.3826342799761745,2944,0.7237741150760038
76500,0,5844,0.4785220365352062,2944,0.6681477511614282
76504,0,4748,0.7066428485057199,2392,0.7784655298327388
76512,0,5844,0.5756190063493594,2944,0.9868471900033247
76518,0,5844,0.08425073614628555,2944,0.5631937169745421
76519,0,5844,0.7277491173748464,2944,0.6889436420138368
76520,0,5844,0.22716344367936903,2944,0.42227546512420633
76533,0,5844,0.5277633154902888,2944,0.5751994738478052
76550,0,4748,0.7436382838223576,2392,0.8847756297002775
76553,0,4748,0.7442958754090162,2392,0.9913625833854826
76556,0,4748,-0.10041419805354886,2392,-0.40000065620825265
76557,0,4740,0.7648290767201065,2384,0.8215370449494197
76566,0,4742,0.6745619077136858,2386,0.9912398957116626
76574,0,4742,0.7780807930212601,2386,0.9599973310456223
76584,0,3287,0.5272082138609688,1656,0.9093148737396444
76594,0,4748,0.8577150276419093,2392,0.9373103497410348
76596,0,4748,0.7274883579575765,2392,0.9733327352740122
76597,0,4725,0.8152414874943,2373,0.8195698129047259
76601,0,4748,0.707234728087704,2392,0.6942199834370381
76602,0,4748,0.4896770435145379,2392,0.5730505632252065
76603,0,4748,0.439632283842065,2392,0.4373515736025198
76611,0,4748,0.7803386801025097,2392,0.8619675429914689
76614,0,4748,0.6159854092813948,2392,0.9755054138781505
76619,0,4734,0.780386980542639,2378,0.9877580620389177
76620,0,4748,0.7621266613821708,2392,0.9831790738751612
76622,0,302,,135,
76627,0,4591,0.6797977499817696,2300,0.4570850233238292
76628,0,4748,0.562928942147946,2392,0.7587570139773139
76634,0,4748,0.7506743901895062,2392,0.9646700775945839
76637,0,730,0.38234225662181953,368,0.9907148510125698
76638,0,4734,0.40178502937129,2382,0.20577025620549827
76640,0,4748,0.8471509086944,2392,0.9505992855046643
76642,0,4748,0.7245091219938934,2392,0.9869201510924074
76644,0,5844,0.7394639389699359,2944,0.7317947697058745
76646,0,5844,0.7482714448066629,2944,0.8704696551774957
76648,0,5844,0.2929036294811941,2944,0.09578333453970438
76649,0,5843,0.5785932206828415,2943,0.7298204591045319
76650,0,5844,0.23347668675853514,2944,0.9008751948838231
76651,0,5844,0.41603999336950576,2944,0.8130160087036412
76652,0,5844,0.9046438924538382,2944,0.9477600711377427
76653,0,5844,0.8315212089504006,2944,0.8955161395525977
76654,0,5699,0.8509798910915044,2799,0.8605779246884137
76655,0,4748,0.8916035377961105,2392,0.935747969097971
76656,0,4748,0.6002892968123126,2392,0.9460470107076093
76661,0,5844,0.5256662818541413,2944,0.9211299628352531
76663,0,5634,0.09136994676064353,2752,0.34665916835760263
76664,0,4956,0.20157749534287592,2435,0.9820121301682473
76665,0,4748,0.45943712585517466,2392,0.7990678281217712
76668,0,1461,0.6636256003997829,736,0.9382808600875135
76669,0,5463,0.6607399498854968,2944,0.9144036749805868
76671,0,3287,0.65041691815358,1656,0.5350131307853857
76673,0,5844,0.5538720783670327,2944,0.9193816845428417
76674,0,4748,0.5776752848796814,2392,0.9686322538195001
76675,0,4748,0.9252305440019382,2392,0.986738668881035
76676,0,4748,0.694842106209311,2392,0.990906208785328
76685,0,5844,0.47113247478719034,2944,0.9916700563909226
76688,0,5844,0.42007277906758855,2944,0.9183857306608724
76690,0,5844,0.6182094454347619,2944,0.9871257884606861
76692,0,5844,0.5620393446128708,2944,0.8754889747214478
76695,0,4748,0.6430531458087106,2392,0.9234961513113503
76696,0,4748,0.34291357984949383,2392,0.9363433856246229
76697,0,4748,0.8934599692003573,2392,0.9294759939923788
76700,0,4739,0.8627406100493978,2388,0.9391420272523779
76701,0,5844,0.8086009133088098,2944,0.909111305390313
76702,0,5722,0.6771375042527092,2944,0.6999728009594012
76704,0,5254,0.41044503850542063,2760,0.5789080212181603
76705,0,5478,0.45395399446762835,2760,0.4760560985109776
76706,0,5113,0.6098416125882239,2576,0.7625527436024735
76708,0,1416,0.6814402207779091,736,0.9541549738452413
77112,0,5479,0.8244703605625875,2760,0.9359607054960581
77115,0,5479,0.6620656183473452,2760,0.7894970980272852
77116,0,5456,0.7509902172978676,2737,0.7582246640111863
77124,0,5409,0.7543882313556817,2729,0.7159739678801821
77130,0,5467,-0.15260093633347563,2758,-0.9165461822199593
77132,0,5114,0.8924018273393494,2576,0.9228149287449844
77140,0,5844,0.5625407181287364,2944,0.8528207685021587
77146,0,5844,0.7539272018664704,2944,0.8813022848750344
77152,0,5844,0.7094140504891011,2944,0.7951513397901977
77156,0,5844,0.6524443782054297,2944,0.8178980943786578
77159,0,5819,0.40269455347409133,2944,0.679197093978188
77164,0,5844,0.6893448983135129,2944,0.7125231271298363
77166,0,5844,0.4836938718825934,2944,0.506207327902787
77179,0,5844,0.37736778072941995,2944,0.8180144331707216
77189,0,5844,0.27864431025170555,2944,0.8866152901554143
77193,0,5813,0.49737306558612976,2944,0.39862659478451196
77197,0,5471,0.6339739973167785,2760,0.6891566275227297
77201,0,5368,0.5276104252395077,2650,0.7711568213053043
77209,0,5844,0.2049880850806599,2944,0.20829648795695066
77210,0,5844,0.24347583157611938,2944,0.643587967753432
77212,0,5821,0.5168048678823222,2940,0.4041096696153946
77217,0,5478,0.7870452637612025,2760,0.7981880442185045
77223,0,5844,0.31240968195602437,2944,0.22623546931146649
77231,0,5712,0.6606346240352473,2873,0.6596393668218697
77242,0,5844,0.6723838822009867,2944,0.6769894818981695
77245,0,5844,0.608510108717619,2944,0.8982007262799419
77246,0,5844,0.45847871667420753,2944,0.601471320275938
77250,0,5844,0.6547384149959199,2944,0.8981928738244495
77259,0,5844,0.6081670544992851,2944,0.7912196373812208
77260,0,5844,0.46734474544027604,2944,0.7122185701402041
77266,0,5844,0.8354152532167405,2944,0.8576434052672861
77270,0,5844,0.6891504510100342,2944,0.6968090916382835
77276,0,5194,0.38685158745954995,2677,0.48358984337246125
77285,0,5844,0.4732876667039266,2944,0.6682075865341989
77288,0,5844,0.7694106872059986,2944,0.8845126568423324
77292,0,5844,0.706196225327441,2944,0.8492326697758714
77298,0,5844,0.7533377735404189,2944,0.8711506394791659
77311,0,5558,0.8313910785454405,2723,0.8890052177034345
77327,0,5844,0.7054639243853282,2944,0.6856689452836474
77329,0,5844,0.42400137139242955,2944,0.7364564097376124
77336,0,5824,0.10238134682755567,2938,0.013671024417160412
77339,0,131,,0,
77340,0,184,,0,
77348,0,213,,0,
77362,0,5844,0.49965048991122746,2944,0.490570418685044
77370,0,5844,0.7569658066534027,2944,0.7496448578202506
77397,0,5844,0.7195046637121666,2944,0.6976839921039785
77407,0,5844,0.544551304899797,2944,0.5978156589831524
77409,0,5844,0.5377016322018163,2944,0.8365898599455257
77801,0,5844,0.7145835589246675,2944,0.7878949978530123
78004,0,5844,0.5740834451120436,2944,0.8105307048144398
78011,0,5837,-0.6030253827334413,2942,-0.882599964136825
78013,0,5830,0.4567359803613751,2934,-0.11483007842114358
78016,0,5818,0.8365968462137566,2918,0.9054500095362397
78017,0,5844,0.8040273422266254,2944,0.9950875145217462
78021,0,5844,0.8873178757743523,2944,0.9924713402477341
78050,0,5844,0.6647212998096693,2944,0.6460089827543013
78052,0,5306,0.6204841252002236,2659,0.40795092068610117
78053,0,5479,0.567775878028339,2760,0.46833117651548417
78054,0,5844,0.8151831539705103,2944,0.7770912486017875
78055,0,5834,-0.6236543969603107,2943,-0.7569628437456347
78078,0,5844,0.831192881909114,2944,0.7925093344607502
78082,0,5819,0.6930087628662758,2919,0.7189907162937348
78087,0,5844,0.6549486377270171,2944,0.6508997592671114
78092,0,5844,0.8895993379764814,2944,0.8722042891187846
78106,0,5478,0.9097505625024811,2760,0.8603753163623529
78109,0,4804,0.6169275304949645,2389,0.5283480632134705
78111,0,5844,0.7922287243752564,2944,0.7975219303378649
78112,0,2753,0.9181723323226945,1364,0.9260429363653403
78125,0,2743,-0.3896286420302013,1356,-0.39125861033188924
78130,0,5844,0.5725730370343337,2944,0.3896543539569997
78132,0,5844,0.5789309938663205,2944,0.468312393104953
78135,0,5840,-0.5334098695676562,2944,-0.9266953494767115
78138,0,5844,0.8820424136247819,2944,0.94764735491372
78141,0,5841,-0.3566844621925439,2942,-0.6584370751866362
78142,0,5844,0.9038094816086578,2944,0.931786712132046
78144,0,5820,0.9558505735061684,2920,0.9620524028714033
78146,0,5451,0.7296461601863415,2743,0.7635780204156126
78160,0,5844,0.6385398142940496,2944,0.5411967719437206
78163,0,5844,0.8887799566772325,2944,0.8389531916749651
78164,0,5717,-0.12686249738950126,2825,-0.3412838956430147
78165,0,5806,0.8074277741704612,2909,0.7421639331435201
78170,0,2708,0.36812809379415146,1319,0.33375347992194926
78173,0,5843,0.41358618895105614,2944,0.4343041670097302
78182,0,5599,0.7446135984298264,2722,0.7360176978084064
78188,0,5108,0.9790147338936813,2413,0.9805330295016984
78191,0,5844,0.5954092568242293,2944,0.44900350372120884
78196,0,5844,0.5864382526554794,2944,0.5443335937025938
78202,0,5471,-0.41552887620991724,2754,-0.7409936275718859
78205,0,5803,-0.2882984370730437,2929,-0.4378712973691168
78218,0,4386,0.8898417031087178,1898,0.8457130646990129
78224,0,5843,0.7843961409475111,2943,0.8208440411843145
78225,0,5844,0.7141869770748209,2944,0.6699557030252667
78229,0,5834,0.9004657856738415,2944,0.9009399978918898
78231,0,5844,0.8352799093172593,2944,0.8610039984623697
78234,0,2958,0.4613404754629829,1318,0.21132321893259878
78235,0,3163,0.9066374827153796,1185,0.842852467334658
78252,0,5844,0.6980230345063493,2944,0.7166681226981418
78261,0,5844,0.6111168609100318,2944,0.509856021922591
78275,0,5844,0.7789834511115116,2944,0.7662597047357482
78277,0,5844,0.22169357712821935,2944,0.3833801059347008
78334,0,5839,-0.08071025094922907,2944,0.35273745186452676
78343,0,5844,0.8580440342156737,2944,0.7936878676330966
78345,0,5661,0.35672232222151445,2791,0.5875960863073942
78391,0,5844,0.6066601333352082,2944,0.5885495767693142
78393,0,5844,0.677579113300654,2944,0.6460757890713663
78394,0,5844,0.6698981478247544,2944,0.7192145962822547
78404,0,5844,0.9449915591401921,2944,0.9311604959042281
78410,0,5844,0.6336024383804024,2944,0.6181795453961466
78445,0,365,0.9551359315448297,184,
78453,0,730,0.9996032762716593,368,0.9996426897170172
78456,0,730,0.8931975218202709,368,0.95033796926061
78458,0,730,0.9962812393681478,368,0.9978890377276932
78468,0,730,0.9996527742156821,368,0.9998514236666727
78471,0,365,0.762999804603584,184,
78499,0,5844,0.9370887738078924,2944,0.935527791877341
78501,0,5844,0.9605093988981828,2944,0.9142651486626912
78502,0,5844,0.9622424548231282,2944,0.9477138322689409
78503,0,5844,0.9400356423339717,2944,0.9511003182403035
78504,0,5844,0.9531858966302004,2944,0.9603906322427469
78507,0,5844,0.7079598428920834,2944,0.49832834837519013
78509,0,5776,0.8142601857026258,2876,0.7517045479520231
78510,0,5753,0.8765169642522178,2853,0.8482934688076028
78512,0,5844,0.4963964337671358,2944,0.5364352822599515
78513,0,5844,0.5901619187262236,2944,0.5729338074142509
78515,0,5844,0.8508279392139214,2944,0.84330480391628
78519,0,5844,0.4919725892478518,2944,0.4723135300888064
78529,0,5844,0.9541975852317406,2944,0.9622213219013495
78563,0,5823,0.9200142175459123,2923,0.9380797241100473
78568,0,5574,0.8428218547093105,2676,0.8678770249493796
78590,0,5844,0.896738865307394,2944,0.9319657428812911
78596,0,4746,-0.403117155156955,2392,-0.39141618899748076
78611,0,5844,0.23984549525925528,2944,0.12083340664761405
78613,0,4362,0.8244044511681317,1772,0.7713019122764669
78614,0,5844,0.8261937151864538,2944,0.8563363316804146
78620,0,5844,0.7515524119125728,2944,0.6548705191157282
78623,0,5844,0.9226927121774147,2944,0.9355486896677773
78638,0,730,0.9986779693986501,368,0.9989563823734359
78801,0,5826,0.5448355506814708,2933,0.4927221527165826
79001,0,5843,0.8862181529668915,2944,0.8958652423212435
79006,0,5479,0.9547777471820768,2760,0.9633961249487595
79011,0,5830,0.8416672059880407,2932,0.6875103331174341
79051,0,5844,0.7755103595300685,2944,0.7350455387495989
79244,0,5812,0.9241411082598056,2920,0.8450918942939256
79261,0,5479,0.8156311887136241,2760,0.7653946338043859
79324,0,5813,0.9449955770529902,2944,0.8915481407053054
79335,0,5844,0.9620327008328105,2944,0.9081680819041174
80113,0,5842,0.95389291450794,2942,0.8809836120420772
80118,0,5822,0.721349272074816,2933,0.3899887192174159
8013,0,5786,0.7160207176347384,2927,0.7593217819715103
80148,0,5815,0.6244908342235457,2922,0.13927683260939502
80157,0,5844,0.883707992914505,2944,0.7836477359649366
80160,0,5839,-0.41808142506346824,2943,-0.1836122349833701
80165,0,5844,0.6193849458941358,2944,0.6744046978303321
80172,0,5844,0.5534908099568265,2944,0.4658015540270392
80174,0,5844,0.8696198679977922,2944,0.7338040013168348
80196,0,5844,0.3475711340087473,2944,0.35034044570686185
80197,0,5819,-0.31895350388681076,2931,-0.4857204348988853
80198,0,5844,0.9056949730656151,2944,0.8782208676423341
80204,0,5844,0.822843861057674,2944,0.7959738569365757
80218,0,5800,0.6838604448680492,2944,0.5779507987099857
80220,0,5844,0.3393442640494307,2944,0.19044336376061835
80222,0,5844,0.5634098130521551,2944,0.6019920812853059
80224,0,5844,0.699884871877937,2944,0.7329649586861791
80230,0,5834,0.38500535190092217,2935,0.4352407788179892
80236,0,5807,0.7043421931194217,2935,0.7175622010728554
80405,0,5844,0.4555553980864652,2944,0.4578435940146522
80424,0,5844,0.7838703813508416,2944,0.7771299105764956
80442,0,5676,0.7653006710912625,2806,0.660045648809549
8059,0,5844,0.8074944491058452,2944,0.7818775236980333
80592,0,5844,0.8519904487608714,2944,0.8251627109426247
8084,0,5841,-0.008618459726619378,2942,0.7839872768324553
8091,0,5844,0.08046314133249415,2944,0.9707820727037886
8095,0,5844,0.5445118587159007,2944,0.8151974614252528
8097,0,5844,0.169559013877827,2944,0.94279041797212
8099,0,5843,0.414039084207516,2944,0.9819643524785169
8120,0,5844,-0.006982148383509227,2944,0.9144507069555609
8129,0,5191,0.5871264723485814,2944,0.7899802995820322
8134,0,5843,0.5407792749012069,2943,0.6736520714728592
8139,0,5814,0.6359245026737546,2914,0.9712666575081675
8145,0,5310,0.5411503486849608,2944,0.9569421837312482
8147,0,4112,0.5690389624485012,2944,0.8081238454070636
8150,0,5844,-0.4115597665360431,2944,0.9146164838942948
8155,0,4875,0.8758366311322717,2944,0.9401293921398671
81562,0,2179,0.6212408476598791,968,0.44791120283720953
81565,0,3652,0.40819268598857006,1840,0.42014587557322136
81580,0,3650,0.8816802269672904,1838,0.8037485693142105
81581,0,3551,0.7734827109254893,1740,0.6150974687179909
81592,0,3079,0.9439813465788686,1509,0.8623474813105558
81593,0,3565,0.9425107567953417,1753,0.8609483505303507
81597,0,3652,0.7659601750262571,1840,0.757703385347516
81600,0,3652,0.9352125123615594,1840,0.8555759280883962
81602,0,3652,0.9764399496401495,1840,0.9165164054055084
81604,0,3652,0.941981788806061,1840,0.9098671992589593
8161,0,5844,0.5474956331344194,2944,0.9995977675863468
81616,0,3652,0.8328680844728209,1840,0.799785686216759
8162,0,5844,-0.2843591006805788,2944,0.9676792217663633
81640,0,2557,0.8287926028828002,1288,0.6783541589691726
81648,0,3637,0.7808738896295438,1825,0.6461196323486301
81674,0,3652,0.6837632094139448,1840,0.7136245033078089
81677,0,2743,0.9016859003046593,1090,0.802200672886018
81686,0,1261,0.3180364822394977,539,0.19093646453762114
81691,0,342,,102,
81692,0,273,,67,
81693,0,2061,0.4187615361718213,938,0.2681644651498681
81694,0,2129,0.1748825679675172,905,0.3036398910244204
81697,0,1660,0.25042554812375123,691,0.3584950737207509
81717,0,3609,0.8533846770615086,1815,0.8303900624140463
8172,0,5844,0.7248983418320071,2944,0.9989372135154068
81724,0,3652,0.7386305346592302,1840,0.640029082991962
81730,0,3576,0.6813222911840409,1764,0.7002611697166374
81737,0,3652,0.7719085354873845,1840,0.701809059035522
81741,0,3652,0.7070436986677049,1840,0.6443677872930738
81745,0,2695,0.7943683538425482,1227,0.7329232579224312
81748,0,3652,0.9721885417201249,1840,0.9361861337578504
81750,0,3642,0.9931012916292982,1830,0.9945067455699811
81753,0,2899,0.8835386905813996,1471,0.8799937014997761
81757,0,3652,0.9205649686802052,1840,0.9231260813052773
81767,0,3624,0.4623271204577861,1812,0.44817249927855063
81772,0,3392,0.9782987408766586,1667,0.9069212029982328
8182,0,3270,0.9999541843728308,2760,0.9999345483557155
8184,0,5828,-0.3090099784198394,2944,0.9610361609910775
8186,0,4069,0.7067700044932596,2935,0.9240190794898293
8188,0,5844,0.3923702872356128,2944,0.9371671552075634
8194,0,4074,0.7290288699456304,2786,0.8670025951794263
8198,0,5696,-0.23778497342502922,2797,0.6777846475488075
82001,0,4268,0.9761000145402351,1904,0.9671955680222176
82005,0,275,,184,
82010,0,5414,0.6860054563972761,2698,0.6066017337497982
82013,0,3908,0.6158074968961846,1854,0.5677677750803457
82015,0,730,0.9836063045942441,368,0.9198955836434596
82023,0,5843,0.46842372105052316,2944,0.20765692625203658
82025,0,2922,0.5625267308757368,1472,0.41658732828893513
82026,0,5844,0.7430827728200472,2944,0.6873568317286952
82033,0,5479,0.6038834355463994,2760,0.40892204771751556
82034,0,5479,0.9299487224427514,2760,0.8911693272260618
82039,0,5844,0.9309446085335655,2944,0.8980223354928214
8204,0,4899,0.5957264411186066,2422,0.9745654954356405
82046,0,5844,0.7994110941035681,2944,0.6828880837177962
82050,0,4909,0.7129457194534894,2515,0.7914643560773428
82060,0,5844,0.769648331606919,2944,0.805213640228404
8209,0,5843,0.8431018788261383,2944,0.9932699896752055
8217,0,5842,0.2261399240675145,2944,0.9945099056580267
8219,0,5843,0.35472073125095477,2943,0.7801269639006768
8230,0,5844,0.6516141601172019,2944,0.9902933816358181
8233,0,5844,0.9281193717048148,2944,0.998042992870612
8241,0,5844,0.5686890154383036,2944,0.9932383341372402
8246,0,4792,0.5905222703506474,2944,0.9754748174643276
8249,0,5844,0.7385944137071734,2944,0.889826697134487
8251,0,5844,0.5558324233766754,2944,0.5627609009805408
8254,0,5844,0.21172227219293333,2944,0.9986308321331546
8256,0,5844,0.8726374876046139,2944,0.9697005692624511
8281,0,5844,0.8595077191271185,2944,0.952026535729897
8288,0,5844,0.7024164489800555,2944,0.9817952410399123
8289,0,5844,0.6224284443172137,2944,0.8945291334849664
8290,0,5794,0.13354179862061005,2917,0.28130662297201064
8291,0,5844,0.15284142153079863,2944,0.8845252538901768
8296,0,5844,0.886759426790228,2944,0.979676837274651
83026,0,137,,45,
83028,0,730,0.7231869522101576,368,0.5571236845118074
83035,0,365,0.9741312548721062,184,
83036,0,254,,162,
83040,0,730,0.8709788423938041,368,0.9908170983213599
83045,0,549,0.9282324537328444,276,
83048,0,617,0.733151780029165,316,
83050,0,427,0.6000326585384594,184,
83056,0,730,0.9557927161854987,368,0.9459447703225563
8306,0,5844,0.7128678200903745,2944,0.9651792071263133
83060,0,730,0.9576735736197929,368,0.9763002510909231
83061,0,5844,0.9531101865462598,2944,0.9556072871880751
83063,0,5844,0.9505283909428076,2944,0.9480514336721013
83068,0,730,0.9543661004424561,368,0.8812131247830088
83074,0,730,0.9926223734405756,368,0.9874350319957587
83083,0,730,0.9355517173041844,368,0.9311294801867226
83110,0,5105,0.9531058312414861,2500,0.9552015018337355
8313,0,5844,0.8550204093174391,2944,0.9739751664394386
83137,0,2464,0.9374772614482254,1288,0.9301223651481345
83150,0,3163,0.7514548664616877,1593,0.9121093026951836
83157,0,1378,0.5797779908150417,715,0.7350844726646096
83161,0,5113,0.920168913888518,2576,0.9773165961933434
8317,0,3792,0.07463712144931536,2378,0.9089086419349278
83174,0,5844,0.9404920518274199,2944,0.9972559701927132
83183,0,770,0.2765472609148256,411,0.48178112481952395
83202,0,1461,0.9662120637694056,736,0.9875579034890131
83207,0,5091,0.8572093191910373,2673,0.8383166086357516
8321,0,5844,0.5387930276985317,2944,0.9919966959644817
83214,0,2461,0.9447038706592235,1288,0.8839695337480656
8323,0,4870,0.6166316196098451,2453,0.9888567848888041
83236,0,5843,0.5753126335054828,2944,0.6077738749231408
83249,0,5053,0.4211402467471319,2576,0.3378099434847944
8326,0,3652,0.7409200378734069,1840,0.9742583080623092
83260,0,5844,0.8523811172114325,2944,0.8685828474512289
83262,0,5783,0.9678624843454281,2944,0.8917739866886724
83266,0,5783,0.9252183326014484,2944,0.9278918815761148
83280,0,730,0.9980549116939181,368,0.9995703946344221
83286,0,1826,0.9048610872475702,920,0.953693432514522
83288,0,5844,0.9113456863596368,2944,0.9696510084438085
83314,0,5844,0.96796433143716,2944,0.9722225258499553
83318,0,5844,0.8601426595593219,2944,0.8741956779641701
83323,0,3653,0.9416335193346027,1840,0.9740282265968526
83332,0,365,0.9997225043125053,184,
83333,0,1461,0.9581550744747221,736,0.946315454348728
83335,0,1461,0.9975183090523256,736,0.9976339148313828
83338,0,5835,0.9206100865594137,2938,0.9057467942086148
8334,0,5844,0.7813993552451193,2944,0.9758368185504248
83340,0,5844,0.9715378267511254,2944,0.9784963428894585
83348,0,5844,0.9911062186850633,2944,0.9954134511079036
83350,0,5844,0.8932800235612056,2944,0.9266479299940882
83369,0,5844,0.6166770358916808,2944,0.7006267396016584
83372,0,5844,0.9272465696728432,2944,0.9364325778304087
83374,0,2372,0.9648696095827568,1165,0.8694004773904662
83378,0,3286,0.8835658715086179,1656,0.8384580482390486
83385,0,4125,0.7893442507867132,2070,0.6657747686127055
8339,0,5844,0.370505502471857,2944,0.9849283077915554
83392,0,1095,0.9992387964689158,552,0.9999307441551096
83395,0,5767,-0.4412978957525509,2880,-0.5568459047922529
83409,0,553,0.7843942617378097,367,0.6567014714314761
83411,0,5368,0.15453881060777888,2514,-0.07960487205394667
83415,0,2302,0.8469205984258017,1262,0.6142986691563818
83437,0,5842,0.8679325244088096,2944,0.8136557366796469
83441,0,4007,0.5318739583389152,2023,0.4859022414326343
83454,0,4849,0.9832545315565959,2392,0.9823919809019315
83459,0,5844,0.9334435649095225,2944,0.9366363370498546
83460,0,5594,0.8766191440372245,2852,0.7974766173042216
8347,0,5844,0.5184755892190329,2944,0.9736209966790986
83477,0,2022,0.7741101600863921,1102,0.8678932357346971
83478,0,730,0.9980493620988464,368,0.9999949401601655
83481,0,5247,0.9069982439129354,2596,0.8630882316395614
83486,0,3256,0.8605849719658007,1656,0.8773497542552345
83489,0,730,0.9998940807384797,368,0.9992738585745561
83497,0,2556,0.9961212966905393,1288,0.9956099568820614
8356,0,5844,0.7449179255562131,2944,0.8926241188779493
8359,0,5844,0.5243150692032089,2944,0.8401802157920851
8361,0,5844,0.33505846873726125,2944,0.8706753944404332
8364,0,5844,0.2256751274813647,2944,0.9760145984437288
8367,0,5479,0.28641055620282924,2760,0.8221289021413555
8374,0,5844,-0.2573033325700715,2944,0.9400312427830845
8375,0,5844,0.41119712160319766,2944,0.8856392680807819
8376,0,5795,0.7008461423482383,2938,0.585605602554476
8379,0,5823,-0.14170460211872882,2929,0.7310022266143416
83801,0,2557,0.8814224486140179,1288,0.9207595850475342
83809,0,5844,0.9844702813262047,2944,0.9876781744209446
83813,0,5844,0.9795676630371617,2944,0.982179299821948
83818,0,4148,0.8238695739154586,2120,0.8803263699376983
83829,0,5843,0.9757714430398825,2944,0.9837593695935565
83833,0,4082,0.9141049681455921,2226,0.9175727790753562
8384,0,5844,0.935864327327767,2944,0.9644794081227587
8389,0,5124,0.4847999932280069,2944,0.7743078399587348
84004,0,2913,0.12153067776117285,1472,0.17523623194934115
84008,0,5819,0.912267071907852,2944,0.8152788406244661
84009,0,5113,0.9707290146347142,2576,0.9393761727612999
84011,0,5813,0.8633098807147505,2944,0.8753123954197283
84019,0,5844,0.5118831373966962,2944,0.5091464478979253
84026,0,5844,0.7567805933974071,2944,0.8395011244640098
84029,0,5844,0.8281732060511352,2944,0.8584885473315516
8403,0,5844,0.8244547793548622,2944,0.9439587960331958
84031,0,5844,0.835662172394872,2944,0.8939783445789287
84034,0,5542,0.8332876617118051,2824,0.845878210536096
84037,0,5844,0.9780853455925446,2944,0.984820713196174
84039,0,5220,0.9299725327989922,2622,0.9104152140238383
84043,0,5801,0.21292778013961508,2928,0.24982508542540044
84064,0,4949,0.8204551383598758,2445,0.8922339613774544
84078,0,5844,0.755309692714656,2944,0.8371287966253105
84091,0,5824,0.9035458029332862,2925,0.9171027252990934
8410,0,5844,0.5196546154189314,2944,0.9864311817272229
84108,0,5844,0.9185244165053227,2944,0.895235290041435
8411,0,5741,0.7819480683863943,2902,0.9876247422731596
84119,0,5843,0.7663810678375083,2943,0.7631285598708042
8412,0,5843,0.6293433013214914,2944,0.9942137753367757
84129,0,5844,0.4095229696178543,2944,0.4814582302916398
84134,0,5844,0.8137129962019775,2944,0.891914406168936
84157,0,5844,0.8968913875126172,2944,0.8463924155416832
84165,0,5085,0.0706668500431819,2576,-0.1609872252723269
84173,0,5808,0.3287070063926833,2944,0.4804821720482852
84179,0,5844,0.2410856454168871,2944,0.36195118503795537
84185,0,4749,0.8315426780970463,2392,0.755580464085424
84186,0,365,0.9999999999999999,184,
84192,0,5844,0.7929951661193396,2944,0.7603572407643101
84200,0,5825,0.754879019957395,2927,0.8494224948081032
84213,0,5844,0.6118529322082871,2944,0.6985974729447523
84215,0,5844,0.9195836648856517,2944,0.9038379404664432
84233,0,5840,0.8920027234860253,2944,0.8630795641967458
84243,0,5844,0.4093339905675901,2944,0.3497786840254314
84245,0,5844,0.5583510608886969,2944,0.6647425003284521
84251,0,1095,0.4472898969290315,552,0.6580786191017507
84256,0,321,,184,
84261,0,1095,0.603922802380033,552,0.5171346515809182
84295,0,5844,0.7567430746549251,2944,0.7388561942213075
84299,0,2024,0.296835174875622,970,0.4573162394336997
84302,0,5844,0.9831327414478453,2944,0.9907844332637425
84311,0,287,,200,
84312,0,5838,0.8020169844863052,2943,0.7970879397152552
84315,0,5813,0.6111521978479038,2913,0.6988344997574777
84320,0,1900,0.9128648428227918,1003,0.7921786636152269
84321,0,5813,0.9828227692618127,2913,0.9899729142646566
84336,0,5175,0.6823959088017341,2577,0.7042777770036327
84342,0,5096,0.9265736556798089,2576,0.9576895745203301
84343,0,4635,0.8027043410704235,2310,0.828376280017082
84344,0,3480,0.7731066484807562,1429,0.8565227812932191
84346,0,5114,0.9534451251927577,2576,0.9702610134001058
84347,0,5844,0.21552671331235168,2944,0.31032896281504546
84348,0,1879,0.019414223608768363,983,-0.06827141392033245
84351,0,5576,0.8186479390664523,2847,0.843828820136199
84354,0,5844,0.7683186851946993,2944,0.7868809720109622
84397,0,5600,0.061337463305386336,2839,0.2062022430406128
84398,0,5843,0.8628482876028829,2944,0.8246010720684601
84399,0,5843,0.10777362996598698,2944,0.19840770185758602
84400,0,5844,0.6852288020106028,2944,0.7501780958941885
84401,0,5486,0.6378975212611202,2767,0.6600101123178789
84446,0,5666,0.7976180916755942,2894,0.8143366547812104
84447,0,5844,0.9286417802807617,2944,0.8443547909546572
84448,0,5844,0.47547873185713047,2944,0.39922449895193535
84449,0,5844,0.8312057112449333,2944,0.7123323808300982
84452,0,5813,0.491208194882007,2944,0.522948099557422
84453,0,5736,0.8912777061445737,2944,0.8562970991127475
84454,0,5660,0.8631799091846267,2881,0.8030375344778665
84462,0,914,0.9673763080249752,491,0.9489138757821074
84803,0,5843,0.9609305346496114,2943,0.9921293726407744
84804,0,2511,0.92652834068322,2073,0.8930550118567203
84805,0,161,,143,
84806,0,1923,0.7457788592945347,1655,0.7316968183546179
84822,0,5418,0.868018935609694,2797,0.9478798406751923
84824,0,2620,0.4889547663221904,1410,0.4780041951633513
84827,0,5636,0.2662948280974548,2856,0.1589335092454835
8582,0,5478,0.2648952670342027,2760,0.9537886308620647
9002,0,5844,0.4392944236898792,2944,0.9983041627499195
9022,0,5844,0.976988494305114,2944,0.9858745795619167
9049,0,731,0.9754586418597863,368,0.9900089154649431
9053,0,5844,0.9721829620527461,2944,0.9604951113110476
9079,0,5844,-0.013770073290081479,2944,0.9844968060612681
9092,0,5834,0.13296313393910705,2944,0.9582270379780575
9112,0,5844,0.5454050392634481,2944,0.9933647050876745
9115,0,5844,0.7787243453394435,2944,0.9985360619064539
9116,0,5844,0.663576052308613,2944,0.9959944198490416
9122,0,4664,0.7606363060422726,2167,0.8265527401066143
9124,0,5780,-0.18946620930671576,2898,0.9221058288086984
9125,0,5826,0.31840189925689316,2934,0.9865365164749484
9127,0,5820,0.3915185868105339,2932,0.9955896074328425
9134,0,5610,0.65036760191783,2905,0.8341048721545253
9138,0,4263,0.8984796979155251,2207,0.9024053542322157
9164,0,5820,0.4719229096115944,2932,0.9873401920643495
9166,0,5820,0.23440490254016175,2932,0.9924798330410076
9169,0,5832,0.8382155478220723,2938,0.981761898381746
9189,0,5772,-0.2443537212519349,2911,-0.5196292852255596
9191,0,5820,0.6846807035922106,2932,0.99293395396259
9194,0,5802,0.7912045306890293,2902,0.7307496549525906
9199,0,5844,0.8081428124149992,2944,0.9694836531461594
9204,0,4879,-0.15510975732483098,2943,-0.03253512001329259
9207,0,5844,0.6556118048430004,2944,0.9845037093287612
9213,0,5844,0.6353368687160842,2944,0.9937308343174612
9215,0,5844,0.19464119838495592,2944,0.7895047369327262
9216,0,5782,0.5347808298723464,2944,0.9941907611993621
9217,0,5844,0.497698093918907,2944,0.9895402969566482
9223,0,4884,0.6881600155302183,2944,0.9872083058745589
9226,0,5844,0.19216404463873932,2944,0.9364432129997581
9235,0,5769,0.30925137061613567,2944,0.9431082019512915
9237,0,5737,-0.0725520182553315,2917,0.7764116530632735
9253,0,5844,0.7712923402289013,2944,0.9949184182105516
9256,0,5791,0.8881671368136609,2944,0.9952350047108406
9264,0,5844,0.46336032570042257,2944,0.9991221424381385
9279,0,5844,0.4513138051418084,2944,0.9864787952507172
9282,0,5844,0.845127128255566,2944,0.9883525874295048
9283,0,5844,0.6952221480974811,2944,0.997744350914615
9285,0,5844,0.6553331144360682,2944,0.9881535994511353
9286,0,5844,0.9461364755458348,2944,0.9766073676810983
9290,0,5844,0.431267054846014,2944,0.9970699795925754
9294,0,5844,0.48429818010223274,2944,0.7543080934060922
9297,0,5808,0.6755196264739618,2908,0.6998662105767929
9298,0,5810,0.5150580371958202,2920,0.35453584456784304
9301,0,5388,-0.23251407724057765,2944,0.80642648122143
9302,0,5813,0.1307603657716443,2913,0.13961749005914947
9304,0,5844,0.7597565692091586,2944,0.8933119881176474
9306,0,4440,0.18814513320196455,2265,0.9859336810130898
9309,0,5844,0.1443902272320958,2944,0.9289609149046423
9312,0,5695,0.34137211947821644,2915,0.9319155762042104
9316,0,5447,0.01626685042599848,2936,0.9742041827786446
9318,0,2557,-0.21072731112767462,1288,0.9836999304431367
9319,0,5479,0.1892339132593902,2760,0.7495166544226903
9323,0,5844,-0.16872449344080032,2944,0.927653635675808
9324,0,5844,0.17890186043527787,2944,0.8702554778146727
9326,0,5844,0.9637684857806128,2944,0.9387846025368205
9329,0,5844,0.8152207377271231,2944,0.8599640815084904
9331,0,5844,0.3734442127217909,2944,0.9669567478762895
9333,0,5844,-0.38012406781231667,2944,0.8827820674659055
9335,0,5844,0.705764849026624,2944,0.8935546247515628
9337,0,5844,0.9481248852417387,2944,0.9821585419781369
9341,0,5844,0.7624650073512992,2944,0.9057715885757562
9342,0,5844,0.7744192737780393,2944,0.9577197992373443
9343,0,5844,0.4211506917137175,2944,0.7427042057909954
9344,0,5844,0.8249720467977734,2944,0.9647336961427871
9345,0,5844,-0.071667973160754,2944,0.27778329298987436
9355,0,5844,0.8869549343651807,2944,0.8189421008209606
9356,0,5844,0.5606401994860374,2944,0.9378098926160805
9358,0,365,-0.049074283264614695,184,
9370,0,5844,0.5640131021258538,2944,0.611565953716249
9371,0,5642,0.6382268092579625,2904,0.9506808692200963
9372,0,5844,0.5056669976743543,2944,0.9073774781492491
9374,0,2496,0.7247704850710828,1288,0.8156269750883826
9378,0,712,0.7031501765589752,350,
9380,0,5844,0.4589080184422412,2944,0.7833713578831969
9383,0,5844,0.727297196931207,2944,0.9935932098742738
9384,0,5784,0.4360776135656234,2913,0.9328865576764495
9385,0,5844,0.3366703030005361,2944,0.9178219397166811
9390,0,5757,0.7132446700055619,2869,0.9607001129957915
9396,0,5752,0.5977303415767521,2944,0.7567464255706562
9397,0,5844,-0.009097634278669366,2944,0.7704353580865141
9401,0,4857,0.29174341607227,2495,0.9092265549259108
9403,0,5844,0.2311507264034413,2944,0.9556696359752046
9404,0,5844,0.4421327279308426,2944,0.9863744661779282
9406,0,5843,0.7262475289509108,2944,0.942987588073831
9415,0,5844,0.8341734752850893,2944,0.9512309935912722
9417,0,5538,0.6650111101518101,2760,0.9883897337836116
9419,0,365,0.6670429670328468,184,
9422,0,5306,0.3100477329199632,2648,0.8109423403483407
9425,0,3439,0.8590087552051109,1687,0.9382604532124829
9427,0,5792,0.6729856628836022,2892,0.7749375378801497
9429,0,366,0.506318722141802,184,
9436,0,366,0.17772397975537288,184,
9499,0,5140,0.2540388904658341,2379,0.8526387755424825
9511,0,5844,0.8297059177940697,2944,0.9241099511217485
9520,0,5844,0.4655685475123042,2944,0.8429493263783874
9521,0,5432,0.7138420696861717,2797,0.8139417096421379
9522,0,5810,0.918540699591112,2944,0.9874386929705496
9523,0,5738,0.7705372730962265,2842,0.9660865979529154
9546,0,5719,0.10843815825473622,2876,0.38510228520997125
9547,0,5792,0.19180566332236448,2944,0.7405248753087581
9560,0,5479,0.598697735128584,2760,0.9502653488705864
9563,0,5844,0.6126864853743231,2944,0.8997777866392377
9566,0,5791,0.27724918120956116,2932,0.9955879799205455
9568,0,5844,0.5329412952745223,2944,0.9299120342299975
9577,0,4540,0.47679615493723804,2239,0.7267488634324033
9588,0,5261,-0.07538676551834513,2723,0.6725368312558656
9803,0,3653,0.7922293281641684,1840,0.9044830992570493
9978,0,3197,0.1848896061138631,1611,0.22028019168585913
